"Gene","BetaScore"
"Lhx6",0.97312854417266
"Gad2",0.972506992953636
"Slc32a1",0.970618093867658
"Neurod2",0.952022423052305
"Slc6a1",0.94377156469506
"Gad1",0.943763724128411
"Adarb2",0.942025092757986
"Sv2b",0.938735125760092
"Nrn1",0.938147470416696
"Slc17a7",0.929759453046026
"Fezf2",0.92280268796903
"Dlx1",0.893629265035411
"Prox1",0.890908774700178
"Tbr1",0.880823845985493
"Nfix",0.880742079114903
"Neurod6",0.874309029410693
"Satb2",0.871379654194627
"Meis2",0.866801207286823
"Nxph1",0.863774650547716
"Kcnip1",0.86195263016744
"Erbb4",0.856972035575147
"Dlx5",0.856282901286374
"9130024F11Rik",0.847386130610562
"Rtn4rl2",0.847014436385831
"Zfp536",0.843441439904937
"Nfib",0.840131778054113
"Nr2f2",0.837966632975251
"Crym",0.835451378656754
"Mpped1",0.834311073966109
"Dlx1as",0.834199155020649
"Dlx6os1",0.832147174950932
"Cxcl14",0.827389044749306
"Rprml",0.823194120171543
"Pdlim1",0.818727328014282
"Itpka",0.803539587843427
"Sp8",0.796493043315736
"Crhbp",0.791508935794999
"Fam19a1",0.786897926944023
"Igf1",0.784730597400767
"Npas1",0.777445847277788
"Ptprm",0.776729680551346
"3110035E14Rik",0.776004747599401
"Asic4",0.771253576324443
"Hs3st2",0.770804205148121
"Elfn1",0.769960501920664
"Synpr",0.765831134022166
"Cacna2d1",0.764919529554249
"Pde1a",0.764583970364124
"Rtn4r",0.760099786898752
"Arpp21",0.759042377434589
"Lypd6",0.756900923239934
"Chodl",0.755503378721397
"Moxd1",0.752569912703885
"Hs3st4",0.751260548183251
"Arhgap25",0.748903922043281
"Foxp2",0.748887404940743
"LOC102632463",0.748156671268696
"Calb1",0.74366771903
"Emx1",0.743566903835859
"Npas3",0.742721119285568
"Gda",0.742249679410301
"Caln1",0.740691747314593
"Atp6ap1l",0.739514552073362
"Nptx1",0.73785189306127
"Sema3c",0.737694016090614
"Ipcef1",0.737592757298612
"Cckbr",0.737416391438591
"Slc30a3",0.737347283990838
"A530058N18Rik",0.733689281928737
"Sez6",0.732890241433512
"Galntl6",0.732484922431029
"Crh",0.731943021568751
"Egr3",0.731804467325283
"Pcdh8",0.731076296760533
"Stxbp6",0.730594822679346
"Cacna2d3",0.729964549217307
"Lamp5",0.727038024127151
"Tmem163",0.726895806998734
"Clic5",0.726499966882017
"Klf10",0.725930714252711
"Nxph4",0.724800171826957
"Nefl",0.723239700221082
"Ano3",0.722695309312272
"Sncg",0.721800008226282
"Htr3a",0.721614608597889
"Pthlh",0.720550503645445
"Lzts1",0.719823475548372
"Grik1",0.7192970518058
"Tnfaip8l3",0.71872700037119
"Fam135b",0.718408064224358
"Kcnv1",0.71761591042048
"Rasgef1b",0.716961791376982
"Fam212b",0.714844880623885
"Pnoc",0.714410153959139
"Tmem44",0.713882072639596
"Btbd11",0.713583597666789
"Tmem132c",0.712526138972914
"Rpp25",0.712458987129207
"Cplx3",0.711620346557795
"Lhx2",0.711320081726084
"Sorcs3",0.710818096082445
"Cpne7",0.710108003292964
"Nov",0.70919180598815
"Cobl",0.708935356854689
"Sst",0.708697764015211
"Ptk2b",0.706973011935998
"LOC102634132",0.706487583931171
"Grin3a",0.705848665340258
"Bhlhe22",0.704711571788568
"B3gat1",0.704575777217317
"Chst8",0.704342912029762
"Kctd8",0.703285804400598
"Atp2b4",0.702201618918152
"Rprm",0.70208904435595
"Lgals1",0.701866412736158
"Sox2ot",0.701277071224098
"Pcp4l1",0.700740937786341
"Kit",0.700464305497863
"Igfbp6",0.699701256594762
"LOC105243425",0.699045632841355
"LOC105246064",0.698318769247651
"Gpr88",0.697292387894447
"Tox",0.697044178298169
"Kcns3",0.696919200145386
"Grik3",0.69636079236529
"Kcnmb2",0.694437628975804
"Adora1",0.693971759522296
"Adcy2",0.692637138849274
"Ptprk",0.690599050301658
"Scube1",0.689504896911653
"LOC102634502",0.688802973746096
"Sox5",0.6865736160307
"Tac1",0.68641707507395
"Rasgrp1",0.6846666581566
"Itpr1",0.681447992342676
"C1ql3",0.680896399480969
"Calb2",0.680667745928329
"Rasal1",0.678210813334539
"Cntnap5c",0.677680869735346
"Kcnc2",0.677510036199779
"Islr2",0.677407809668645
"Dlx2",0.67725861866194
"Fxyd7",0.677254961490888
"Cnr1",0.676424972796445
"Gfra2",0.676374782758602
"Kcnip3",0.676207378756077
"LOC102633357",0.675067771349707
"Lypd6b",0.674399968608007
"Tcf4",0.673751004547852
"Cbln2",0.673184937681255
"Bcl11b",0.673084989086508
"Ngf",0.672461783074641
"Galnt14",0.671969806285089
"Necab1",0.671074785647498
"Unc13c",0.671044805058571
"Ubash3b",0.670321702845458
"Teddm3",0.670159892598663
"Thsd7a",0.668562462635096
"BC030500",0.667743199216287
"Nxph3",0.66738445522425
"Cort",0.667281399054934
"Cadps2",0.667001158551526
"Bmp3",0.666938334026206
"Ppp1r1b",0.666344698257888
"Sema3a",0.664001573709878
"Il17ra",0.66336623595133
"Arl4c",0.663068339490894
"Adcyap1",0.661402790499296
"Ephx4",0.66131622968357
"A330050F15Rik",0.659867366487345
"Mas1",0.659678219770442
"Ptprd",0.659624883194857
"Pamr1",0.659103722745521
"Arc",0.658717449704748
"Brinp3",0.658700655012711
"Afap1",0.658195059693822
"Fstl5",0.657979885415383
"Ldb2",0.657891743503771
"Lingo1",0.657501272281835
"Slc17a8",0.657152438367171
"Dkkl1",0.655689298490035
"Thy1",0.65483319024443
"Penk",0.654689206632374
"Masp1",0.654520400369583
"Spon1",0.653870058278169
"Vwc2",0.653271038262444
"Rtn4rl1",0.652847844473308
"Cartpt",0.652661446629113
"Pantr1",0.652545358657639
"Sall1",0.652320240156281
"Rgs14",0.652036678938269
"Pde4b",0.651658435063995
"Pvalb",0.651384365084703
"Bdnf",0.651244333493405
"Lypd1",0.651214093428781
"Adra1b",0.651051186553245
"Dusp10",0.650938411519875
"Coro6",0.650276048915025
"Megf10",0.650119163670514
"Ankrd33b",0.64967921472737
"BC048546",0.649017636800313
"Cecr6",0.648947046995655
"Bcl11a",0.648803125981631
"Ly6g6e",0.648400175979544
"Pcsk5",0.64799241865821
"Slc26a4",0.647090399905776
"Gabrd",0.64683065069357
"Npy",0.646528484120685
"Sp9",0.646449962059171
"Tiam2",0.646365044797458
"Tox3",0.646329756863949
"Tmem91",0.645804164103913
"Cdh9",0.645207822157422
"Cck",0.645200271042164
"Pter",0.644630273389651
"Dpy19l1",0.642883823297232
"Fmo1",0.642691076369717
"Rbp4",0.642394383687373
"Col6a1",0.641296695560999
"Dbpht2",0.640365020825796
"Nacc2",0.639198784470288
"Rxfp1",0.638845582372556
"Rgs12",0.638827525594214
"Kcng1",0.638628263644386
"Dtl",0.638374993969566
"Sulf1",0.63831107767515
"Cntnap3",0.638049794841378
"Rgs4",0.636851421504871
"S100a10",0.63644379029835
"Gpd1",0.636392260211376
"Npy1r",0.636053175496298
"Lmo7",0.63566114418156
"Cpne2",0.635622663210723
"Crtac1",0.635620737335657
"St6galnac5",0.63532383538965
"Fxyd6",0.635177483377603
"Luzp2",0.634775682839816
"Alcam",0.634720311085235
"Lpl",0.633855077289727
"Unc5d",0.633351910199894
"Tac2",0.633162823173737
"Ppapdc1a",0.633087623235257
"Satb1",0.632108115703218
"Rin1",0.6319749401611
"Egln3",0.63187912695828
"Pou3f2",0.631794798900437
"Id2",0.63127689628709
"Slc5a7",0.631109640759451
"Inf2",0.630896460375846
"Rasgrf2",0.630550158374335
"Fndc5",0.630383838571542
"Nefm",0.630114506519865
"Ptprt",0.629675108546539
"Sorcs1",0.628928405289051
"Rorb",0.628530037392342
"Nfia",0.628369433943969
"Rai14",0.628290322403901
"5031426D15Rik",0.627935820648103
"Cdh13",0.627467251581868
"Slit3",0.627446070866732
"Neurod1",0.627098895912205
"LOC101056001",0.626832545603318
"Vstm2b",0.625206079349616
"Npy2r",0.625023832003677
"Dkk3",0.624920539849182
"Nrgn",0.624829560897702
"1700086L19Rik",0.62474240389082
"Prss12",0.624651047813924
"Fstl4",0.624497027106082
"Iqgap2",0.623971484895328
"Igsf3",0.623886718288547
"Nr2e1",0.623872556078341
"Rasl11b",0.62372772829181
"Plcxd3",0.622265664063508
"Shisa8",0.621690125730916
"Cntnap5a",0.621413868496638
"Ctxn1",0.620970707145147
"Th",0.620151114802994
"Kcnk2",0.620122753713278
"Col14a1",0.62000155298298
"Col19a1",0.619955210929281
"Parm1",0.619774307318831
"Sema5b",0.61840568220681
"Fst",0.618209432296689
"Grm8",0.617511754889699
"Rbms3",0.61740921016207
"Cdh6",0.616285388265832
"Nek7",0.616087014089194
"Baiap2",0.615713910096816
"Rapgef5",0.615706254488931
"LOC105246694",0.615160034208001
"Cpne8",0.613795667194541
"Mkx",0.613524340456939
"Tmem159",0.613444389158917
"Igsf21",0.610418994571988
"Rbm24",0.610083499240101
"Serinc2",0.609978397290387
"Rgs8",0.609615103630119
"C030013G03Rik",0.609160371055254
"Kirrel3",0.609140410567097
"Slc24a3",0.609132300925535
"Pcp4",0.608903576531308
"Fancd2",0.608383406459298
"Pdyn",0.607038545657639
"Ramp3",0.606875772456796
"Shisa9",0.606330986462029
"Tshz3",0.60624830729524
"Nell2",0.606207045501829
"Tgm3",0.605879891374268
"Ovol2",0.605829106477138
"Sema5a",0.605658178917875
"Klf5",0.605592848792042
"Mybpc1",0.604981149392751
"Fam19a2",0.604939236616322
"Col25a1",0.604791933326074
"Fam81a",0.604542710246268
"Pde11a",0.604230772961035
"Syt6",0.604225549789259
"N28178",0.604178856782325
"Epha4",0.604021209981692
"Gpr126",0.603620298430656
"Serpinb8",0.603417344545191
"Syt2",0.603378989501911
"Chrna4",0.603131398254879
"C730002L08Rik",0.603085734726196
"1700001L19Rik",0.602644336453132
"Rasl10a",0.602118971621747
"Galnt9",0.601418329614252
"Mgat4c",0.601311058960417
"Camk2n2",0.601232581305987
"Hapln1",0.600809040737418
"Casz1",0.600412262211348
"Gpx3",0.600358202042276
"Slc5a5",0.600287534679549
"Shisa6",0.60020607850712
"Kcnf1",0.600083415280021
"Zdhhc23",0.599978339321503
"LOC105242740",0.599272554969604
"Zbtb20",0.599192199775819
"Tesc",0.598103679740566
"Ak5",0.597731057846266
"Sstr2",0.597316096996827
"Tox2",0.597220610451986
"Myl4",0.596988347294978
"Prkcg",0.596601309797221
"Extl1",0.596456296062555
"Ndst4",0.595397661824298
"Igsf11",0.595375998437357
"Dlx6",0.595183755062237
"Mapk4",0.594767502899015
"Sema3e",0.594730342107541
"Kcnc4",0.594540375138261
"Fhl2",0.594470883311376
"Htr1f",0.594237052207847
"Mlip",0.593800097262805
"Samd5",0.593536715550634
"2900079G21Rik",0.59344828076671
"Eya4",0.593176947019303
"Syndig1",0.593133178457798
"Egfr",0.593090053660744
"Ptpru",0.592596588818221
"Wnt5a",0.592587041311682
"Mpped2",0.592538863137474
"Grm2",0.591332379756915
"Krt80",0.591159131629922
"2010300C02Rik",0.590936176243817
"Cbln4",0.590782215566911
"Galnt18",0.590691185339145
"Cdh12",0.590625365467696
"Gng12",0.589569931607358
"Spint2",0.588928450475919
"Gucy1a3",0.588560216281099
"Rcan3",0.588503435234853
"Tcap",0.588358725772475
"Grp",0.58829083355378
"Cntnap4",0.588059689079394
"Fam84a",0.588048144309398
"Kcnh7",0.58799748192674
"Wipf3",0.58785717573967
"Etv1",0.587669669776575
"Smad3",0.587652433765523
"Ust",0.587380597412035
"Rgs10",0.587378137366128
"Oxtr",0.587067577943362
"Tmem40",0.586948605208272
"Dapk2",0.586639852188765
"Wif1",0.58660245146539
"Zmat4",0.586565964721336
"Kctd4",0.586433821537799
"Klhdc8a",0.586330507622153
"Pcdh20",0.586150750649805
"Rap1gap2",0.586120392671964
"Car10",0.585285306249431
"Rap2b",0.585191225378218
"Ass1",0.584666480705326
"Fam46a",0.584258153002488
"Rerg",0.584169098940739
"Csgalnact1",0.584139188468742
"Vstm2l",0.584009948310618
"Rgs16",0.58389443577828
"G630016G05Rik",0.583250871933316
"Sdk2",0.582717405745939
"Tekt5",0.582172559244679
"Lmo3",0.582087820524399
"2900055J20Rik",0.581272223636453
"Trhde",0.580913810262897
"Fgf1",0.579630178240094
"Krt12",0.579149681147115
"Blnk",0.579003613810654
"Sstr1",0.578876525209321
"Cap2",0.578336491972304
"Vip",0.578252561242809
"2900092D14Rik",0.578043595680866
"Myh3",0.577725607124295
"Stmn2",0.577342380302744
"Ajap1",0.57730574133177
"Slc18a3",0.577233838503048
"Vwc2l",0.577071523890319
"Plxdc1",0.576940051004651
"Tmem196",0.576695063535301
"Rgs6",0.576300025651258
"Kcnt2",0.576248667329179
"Oprm1",0.575775674733192
"Kcnab1",0.575578905497213
"Hrk",0.575529470834442
"Tpd52l1",0.575438032212994
"Olfm3",0.574987279321208
"Cpne5",0.574831959486241
"Lin7a",0.574271153205954
"Myh7",0.573981094306631
"Cidea",0.573094536108203
"Lman1l",0.573062536890443
"Enpp2",0.573040337267329
"Trp53i11",0.573002074803758
"Ephb6",0.572810597597626
"Pcdh18",0.572331599130588
"6330403A02Rik",0.572095804015501
"Sptbn5",0.571928970149667
"Rasl11a",0.57168106390262
"Kif5c",0.571664378246224
"Stac2",0.571278580200726
"Pld5",0.57122642470509
"Grasp",0.571043880153126
"Krt1",0.570814171184649
"Myh8",0.570782190843214
"Slit2",0.570769325510189
"9430021M05Rik",0.570690245799185
"Ildr2",0.570603247084474
"Pbx1",0.570560029222808
"Kcnh3",0.570095124507384
"Sostdc1",0.569892725453179
"Rspo3",0.569852171017817
"Ifit2",0.569780235406724
"Chrm2",0.569374710794957
"Adamtsl5",0.569268262382964
"Kcnq5",0.568975693076355
"Trpc6",0.56874894062813
"Whrn",0.568517693632865
"Lppr1",0.568459472528146
"Ephb1",0.567860249125887
"Cux2",0.567842750746337
"Dgkb",0.567270878989883
"Tuba8",0.567235064834196
"Arap2",0.567129145721333
"Sox1",0.566798735847968
"Hpcal1",0.566795419665595
"Rxfp3",0.566503431852666
"Necab2",0.566088524488068
"5930412G12Rik",0.565600747876371
"Kcnmb4",0.565539656377533
"Tpbg",0.564708645642136
"Synj2",0.564056942006669
"Gpr83",0.563895028955064
"Pou3f3",0.563629794515788
"Fgf11",0.563329211899166
"Qpct",0.563301227605968
"Frem1",0.562750580273945
"Grm7",0.561777532981181
"Grm1",0.560289357136274
"Kcnmb4os2",0.560284822354711
"Tacstd2",0.559909375952386
"Npnt",0.55980591403496
"Etl4",0.559798579275689
"Ptpro",0.559033314170452
"Otof",0.558959889405652
"Ptchd4",0.558720448397013
"Pvrl3",0.558526557593345
"Cd24a",0.558344097460873
"Tnnt1",0.557698776169216
"Fam84b",0.557578567436535
"Igfbp5",0.557418508682679
"Cdh18",0.55723648143611
"Nxph2",0.55669670872039
"Lingo2",0.556678609870119
"Lix1",0.555907007676614
"Nrtn",0.555191666017851
"Neto2",0.55490489106326
"Il1rap",0.554827890211689
"Ntng1",0.554776144950812
"Man1c1",0.554577088413529
"Edil3",0.554220820672956
"Dner",0.554006959583306
"1190002N15Rik",0.553975109228629
"Mmp17",0.553814051526215
"Dok5",0.553776547565219
"Lrrc38",0.553316051876442
"Lphn2",0.5531225193591
"Zfpm2",0.552942699855712
"Exph5",0.552669533817469
"LOC105243542",0.55255105925241
"Egr4",0.552245196017106
"Hrh1",0.552071433682848
"Slc27a2",0.552059536620915
"Cnih3",0.551476531653756
"Bcl6",0.551403611209744
"Crispld2",0.550865230885217
"Nog",0.549679587950787
"B3gat2",0.549341670916162
"C130074G19Rik",0.549220733885469
"Ndst3",0.548156618804762
"Tunar",0.547860322176337
"Ntn5",0.547276500147191
"1700019L22Rik",0.547082931556739
"Ryr3",0.545504861820808
"March1",0.544367455611774
"Nppc",0.544044650664379
"Kcnip2",0.543966886198621
"Tcrb",0.54387245547218
"Brinp2",0.54366808749489
"Adcyap1r1",0.543430813241911
"Tmem132d",0.543382356584537
"Aqp5",0.542868824867201
"Mxra7",0.542687576212178
"Ptgs1",0.54232904656607
"Neurl1b",0.54221524042173
"Dynll2",0.541617740749296
"Tcerg1l",0.541270749139041
"Hs3st1",0.540937322305434
"Gprc5b",0.540922391383851
"Khdrbs2",0.540828004951017
"Clstn2",0.540678838653506
"St8sia4",0.540149434111124
"Gabra5",0.540067799981338
"Cdh7",0.539901849549327
"E530001K10Rik",0.53968888182842
"Zbtb18",0.538885940903349
"Nptx2",0.538470436681626
"Thrsp",0.53832428856992
"Nell1",0.538278771190088
"Gadd45a",0.538045849017021
"Slc44a5",0.53725257339659
"Gsg1l",0.536207964765382
"Ptpre",0.535658814079985
"Pde1c",0.535276835939351
"Ntrk3",0.534994611456041
"Tenm3",0.534216032149079
"Trib2",0.533772121078977
"Drd1",0.533351195019386
"Col5a1",0.533312078775628
"LOC105244376",0.533129147125098
"Sytl2",0.532079515793476
"Grin2a",0.532021018844623
"Scn2b",0.53188249652337
"Ctgf",0.531743479284799
"E130012A19Rik",0.5316530365819
"LOC105245487",0.531633106167318
"Synpo",0.531547427199288
"Opcml",0.53140140306036
"Vat1l",0.531347903080564
"Hbegf",0.531276153100145
"Runx1t1",0.530901173707748
"Enc1",0.530860530871114
"Rims3",0.53066471883426
"Cacna1e",0.530386920974271
"Cacng5",0.530005909312523
"Slc8a2",0.529898182742899
"Unc5c",0.5297076807227
"Syt17",0.52955891579087
"Kcnip4",0.529345605678316
"9630002D21Rik",0.529064513572827
"Rnf144b",0.528710463660982
"Rgs9",0.528489364252718
"Zar1l",0.52835073127358
"Plxnd1",0.528337752897597
"Ankrd55",0.528039849705546
"Kcnj4",0.528031798497635
"Kctd12",0.52754887944008
"Lppr3",0.526976613068377
"Tmod1",0.526927822748215
"Ptchd2",0.526923323617765
"Bend5",0.52646352530527
"Snca",0.526378370305943
"Bai2",0.52617686266978
"2310075C17Rik",0.52610276237977
"A830009L08Rik",0.525996516826794
"Ccdc80",0.525990820146408
"Srgap3",0.525864017596053
"Adra1a",0.525123870594644
"Uchl1",0.525094394423087
"Nr4a2",0.524814331072637
"Itgav",0.524694189785962
"Dusp14",0.524391421549672
"Eps8",0.524339422676059
"Bhlhe40",0.524234506458123
"Egfem1",0.52407089126002
"Pkib",0.5235350008379
"Cpne9",0.523379787897697
"Mme",0.522833758907788
"Jup",0.522591420008078
"Dleu7",0.522497595552173
"Llgl2",0.522368934769771
"Prmt8",0.522293919575085
"Ext1",0.522214947120252
"Hspb3",0.522131780082248
"Dpp10",0.522128462189157
"Wls",0.521966804813675
"Fibcd1",0.521914406225948
"Fam189a1",0.521678086173646
"Ncam2",0.520918410679073
"Lrp1b",0.520812429980941
"Cacng3",0.520749711101168
"Klhl14",0.520615738076084
"Clstn1",0.5206121235708
"Qrfpr",0.519899182148752
"Pbx3",0.51964781753466
"Pcdhgc5",0.519024009234489
"Rab40b",0.518978799255454
"AF529169",0.518922040358368
"Fmnl1",0.518709971230495
"Cpne4",0.518587922130624
"Tubb2b",0.518554305411274
"Rspo2",0.518475487837474
"Camk1g",0.51823410730271
"D030045P18Rik",0.517862793292244
"Doc2a",0.517737675701006
"Glt8d2",0.517595616678253
"Rell1",0.517222002743519
"Sphkap",0.516546486555588
"Gng13",0.516490773519274
"Snrpn",0.516470101581386
"LOC102636041",0.515783783442517
"Rgma",0.515403872330807
"AI413582",0.515369967531833
"Fam150b",0.515365456271118
"Zdhhc22",0.515246401008854
"Rspo1",0.515097997532262
"Fam163a",0.515072825449002
"Col24a1",0.515072076511695
"Camk2d",0.514880494469198
"Socs2",0.51471001025831
"Efna1",0.514692690976647
"Tbata",0.514393375262669
"Ifitm10",0.514351240276245
"Limch1",0.514250736181515
"Fam49a",0.514238333385388
"1110032F04Rik",0.514199146494757
"Lhfpl5",0.513935996615228
"Mast3",0.513898412333885
"Pip5k1b",0.513018596782121
"Npr3",0.51295304656069
"Mn1",0.512804679456811
"Hlf",0.51263972117026
"Arhgap24",0.512059054105842
"Elmo1",0.511820485690398
"Gca",0.511572317453165
"Icam5",0.511419341421216
"Barx2",0.511195375620615
"Zeb2",0.510668074950696
"Mapk11",0.510509956073815
"BC030499",0.510304282354734
"Rab3b",0.510211055428254
"Tmem108",0.510167938206966
"Mtcl1",0.509407151226753
"Pdzrn3",0.509405697772241
"Cst6",0.509221303760209
"Syt7",0.509054017856392
"Myo5b",0.508879344273092
"Lrrc4c",0.508846018390572
"Rnf39",0.508138545773454
"Unc13b",0.508052787216832
"Dab1",0.507947098016178
"Cntn4",0.507704169328572
"Col11a1",0.507649540195556
"Frmd6",0.507258361023502
"Gad1-ps",0.506959982967311
"Rcan2",0.506777820243337
"Chat",0.506748123782523
"Plch2",0.506339932200579
"Cntn6",0.506215627672672
"C1qtnf7",0.506050948795203
"Ddit4l",0.505906758472631
"Adcy1",0.505888253992763
"Tspan9",0.505802435568635
"Gdpd5",0.505696135123321
"I830012O16Rik",0.505235250859755
"Hrh3",0.505225736271747
"Pxdc1",0.505021316005553
"Gng7",0.504882189726905
"Zfp804a",0.504370338512212
"Sema7a",0.504347046579837
"Lama4",0.504137402382639
"Sfrp2",0.504009763816238
"Stard13",0.503856469966258
"Amn",0.503846018076324
"Ltk",0.503566914587164
"Stxbp2",0.50331989307224
"Cygb",0.50331759897616
"Grik4",0.503000407465872
"Man1a",0.502689385307167
"Prdm1",0.502648047385441
"Lsp1",0.501611633562794
"Igfn1",0.50143708327012
"Nwd2",0.5012325025143
"Myo1e",0.499918596429413
"B3glct",0.499889593345275
"LOC105246832",0.499807699055605
"Crygs",0.499740546283306
"Lxn",0.499518020836499
"Cplx2",0.499495496869522
"Zfp941",0.499423839634269
"Lmo1",0.499162176374085
"Mdga1",0.499032000796161
"Endou",0.498956025919016
"Snx8",0.498904223139725
"4930426D05Rik",0.497698705558432
"Hopx",0.497449489667437
"LOC102638670",0.497400730963014
"Ngef",0.497299461995057
"Cdh4",0.497242204044242
"Dscaml1",0.497048867746042
"Serpina12",0.496961503228405
"Mctp1",0.496909908661683
"Spats2l",0.496726534592928
"Poc1a",0.496204346218507
"4930452B06Rik",0.495715780433258
"Plcxd2",0.495701732703255
"Pcsk1",0.495601212837744
"LOC105245190",0.495485346697657
"Gpr176",0.49538312780021
"Gpr150",0.494546818663162
"Nkain3",0.493993227318769
"BC030867",0.493737421937333
"Cdh8",0.493538940783123
"Pcbd1",0.493345226905344
"A830018L16Rik",0.492932969686765
"Scn4b",0.491713166210101
"Car7",0.491296224419822
"Fam114a1",0.49107058971157
"Arhgap15",0.490963903176797
"Flt3",0.490869312140806
"Mrap2",0.490781579177281
"Tshz2",0.490342798490408
"Gcnt4",0.490081677412024
"Fbxl7",0.489998835675764
"Tacr1",0.489849738560274
"Sertad1",0.489629698941514
"Ankrd34b",0.489622653285866
"Kcnc1",0.489222886278444
"Trpc4",0.489089308444616
"Raver2",0.489028584499879
"Tmem132e",0.48885240182736
"Rab26",0.488764455587728
"Gadd45b",0.488664604580707
"Dusp18",0.488617624707079
"Cntn5",0.488471162399046
"Apbb1ip",0.48844880478664
"P2ry1",0.488385148202232
"A330009N23Rik",0.488352632545042
"Il12a",0.488343641930281
"Camk1d",0.488045674524354
"Dnajb5",0.487736539782927
"Cdkl4",0.487703850874898
"Camk4",0.487672112551278
"Chrna5",0.487648732702943
"Boc",0.487570601705675
"Colq",0.487387691741613
"Slc35g2",0.487046839226582
"Ano4",0.486985764114073
"Egr1",0.486921878088917
"Arhgef28",0.486782692593299
"Neto1",0.486576604241096
"Efna5",0.486561277084538
"Nenf",0.486336158775653
"Gpr139",0.485115644784053
"Rasd2",0.484750517895725
"Wnt5b",0.484724425679784
"Zfp703",0.484622826935039
"Frmpd1",0.484442484728233
"Il11ra1",0.484033238644121
"Ntn1",0.483933963190047
"Tle4",0.483707763003276
"Gabra2",0.483501612978905
"Phactr2",0.483135197516742
"Cdkn1a",0.482532048049934
"Tmem200a",0.481652182572354
"Chrm3",0.481604439090538
"Fam131c",0.481404941849876
"Ece2",0.481135413786225
"Abcc4",0.48081554697119
"Cd7",0.480370687178326
"Nrip3",0.480220232667457
"Rasgef1c",0.479884514525018
"Slit1",0.479847050433786
"Snx7",0.479818502778665
"Ank1",0.479580133246114
"Klf3",0.479346521630074
"Nrsn2",0.479094274038037
"Epha6",0.479054117177602
"Ngb",0.478974458778344
"Rasgrf1",0.478786139483359
"Rsph9",0.478707395264457
"Cnn3",0.478703778276454
"Tm6sf1",0.478394115229055
"Syndig1l",0.478130316230375
"2900026A02Rik",0.478122884290281
"Dennd2a",0.477769523879322
"Hrasls",0.47740027848684
"Bok",0.477208722743179
"Adssl1",0.477176793367861
"Zfp467",0.476982578515849
"Medag",0.476317925959252
"Chrna2",0.475960495950551
"Cntn3",0.47546437757945
"Nrep",0.474160189828725
"Zfp831",0.473920865292725
"Adamtsl2",0.473584653354696
"Nts",0.473487873870215
"Esrrg",0.4732841842182
"Cd55",0.473274353936931
"BC006965",0.473084523481788
"Kctd16",0.472983129273204
"Cdh10",0.472886088237912
"Mtss1",0.472867126275202
"Rgs20",0.472696551528284
"Cgref1",0.472567565299476
"Gprin3",0.472463986130407
"Sel1l3",0.472284415201688
"Gnal",0.472227206343114
"A330070K13Rik",0.47197402881096
"Hdac9",0.471818147239294
"Map3k5",0.471817006594943
"LOC102640573",0.471726890335902
"Gulp1",0.471636510888607
"Rassf2",0.4715785158392
"Nos1",0.471547437061759
"Rimbp2",0.471356913243966
"Lrrc55",0.470727550021587
"Hpse",0.470665722629633
"Prdm8",0.470642170682403
"Myh4",0.470130592925847
"Spata2l",0.47011945365439
"Runx2",0.470013068451137
"Epb4.1l4a",0.469806564816931
"Rxrg",0.46979909244129
"LOC102633724",0.469749115014363
"Slitrk1",0.469716834400124
"Vat1",0.469564763962021
"Nos1ap",0.4692494510367
"Pacsin3",0.469196645030246
"Nr4a3",0.46873239355594
"Bcar3",0.468649143697538
"1700019D03Rik",0.468570192895053
"Cav2",0.468507104260766
"Steap2",0.468434339978864
"Tmsb10",0.468418436082128
"Zdbf2",0.468286529501697
"Rnf152",0.468064096094461
"Tmem150c",0.467978285649567
"Miat",0.46774196971565
"Slc24a4",0.467571907987998
"Tgfb3",0.467532470043198
"Mfsd4",0.467473162055759
"Cdh11",0.466748335414712
"Rnd3",0.466734830814197
"Frmd5",0.466505713146561
"Rbfox1",0.466489384652255
"Hunk",0.466187914054362
"Ppp1r14c",0.465421952860381
"Fbxo32",0.465316042431641
"Rph3a",0.464532604219524
"Sema6d",0.464502862994796
"Zfp608",0.464498501816805
"Timp2",0.464149307842984
"Sult2b1",0.463125645855213
"Stk32a",0.462820510153191
"6530403H02Rik",0.462812482730061
"Robo3",0.462803999311258
"Bend4",0.462497267045294
"Sowahb",0.462448617590507
"Diras2",0.462113082695259
"Csmd3",0.462073144374379
"Tmem145",0.462047565487418
"Kcnh1",0.461669683901456
"Cdh20",0.461334209446703
"5330416C01Rik",0.460883586721102
"Vipr1",0.460731773913261
"Peak1",0.460308933776911
"Kcnab3",0.460188669275457
"LOC102635502",0.460024778161327
"A230070E04Rik",0.459326382337078
"Sla",0.459162755255945
"Pvrl1",0.45905737831242
"Elavl2",0.458942004615062
"Herc6",0.458694591586273
"Fras1",0.458604682597932
"Ptgs2",0.458422913078867
"Adamts3",0.458376712485201
"Fam19a5",0.458216246646405
"Trpc3",0.458204892985428
"Hsd11b1",0.458098797514048
"LOC105242710",0.457508572565116
"Cbln1",0.457346571803881
"Robo1",0.457342790025539
"Chsy3",0.457338452992009
"Pradc1",0.456521977339007
"Cxx1a",0.456354200569711
"Nr4a1",0.456269511872706
"Wbscr17",0.456127831079902
"Nmbr",0.456020506059128
"Dclk3",0.45599622483284
"Pxdn",0.455924378192881
"Serpina3n",0.455922684060583
"Ell2",0.455891814269251
"LOC105245838",0.455594717384785
"Gabrb2",0.455477319944631
"Car12",0.455199211621352
"Crispld1",0.455119158560069
"Glra3",0.455052136559809
"Tenm4",0.45500485485287
"Gfpt2",0.454402150781004
"Sntb2",0.454108955367678
"Hapln4",0.454062441140888
"Rln1",0.453889915423296
"Ptger3",0.453812453721051
"Asap2",0.453763942115532
"Optn",0.453213986161614
"9330182L06Rik",0.453182669250429
"St8sia1",0.452743658850201
"1500009L16Rik",0.452556085685283
"Tnnt2",0.452550693207624
"St6gal2",0.452336480482376
"Sema4a",0.452100550196275
"Baiap2l2",0.451777909300631
"Deptor",0.451585000182896
"Fgf10",0.451516367543646
"Wnt10a",0.451271183505828
"Slc35f3",0.451185660902609
"Sstr4",0.450608624393656
"Grip1",0.450589053347756
"Pvt1",0.450428025193738
"B3galt2",0.450344078046854
"Btbd3",0.450236869068778
"Cd83",0.450177193650703
"Kcnn2",0.450070259842184
"Ecel1",0.449951202221523
"Neu2",0.449923022032339
"Prss22",0.449747601047921
"Sgcz",0.449713863415361
"Tspan17",0.449354263639202
"1700016K19Rik",0.449342413156654
"Gpr12",0.449141347602753
"Mchr1",0.449137002361955
"Kctd1",0.449008377316712
"A930029G22Rik",0.448997292369747
"9330158H04Rik",0.448961508425546
"B230216N24Rik",0.448778719141704
"Kcnd3",0.448622330062366
"Ptgfrn",0.448500615615311
"Gap43",0.448179815400452
"Fmn1",0.448159385531703
"LOC100503338",0.448127000717867
"Crhr1",0.447688057066631
"Yap1",0.447654409047112
"Gnb4",0.44736720483156
"Kcna1",0.447176344654245
"Cxxc4",0.447053199326916
"Ddn",0.44696265203697
"Abracl",0.446889448539094
"Slc6a7",0.446856931425487
"Shb",0.44672847072001
"Sept9",0.446698196652205
"Ptpn3",0.446620217321486
"Nnmt",0.446052531226186
"Adra1d",0.445599254297382
"LOC105245960",0.445477603238207
"Lrrtm4",0.445246100353433
"Sgpp2",0.445114600583374
"Atf5",0.44510132113758
"Spock1",0.444990956561923
"Vav2",0.444974538415442
"Oprl1",0.444830341885887
"Stac",0.444811221948207
"Slc36a1",0.444706339898684
"Tspan12",0.44431518128021
"Tle1",0.444281494062736
"Ifit1",0.444261286217979
"AW551984",0.444144362837942
"Cbfb",0.444134628508821
"Arhgap12",0.444033137886841
"Pde9a",0.444007850028597
"Isoc1",0.443838641019651
"6430573F11Rik",0.443506982765268
"Ctxn2",0.443503029275149
"Clstn3",0.442695990936281
"Klk8",0.442671269471144
"Fgf9",0.442537814379026
"Elavl4",0.442432391810275
"Orai2",0.442432174152166
"Fhod3",0.442286069709412
"Cdh22",0.442190365391454
"Mgat5b",0.442171026545337
"Otx1",0.442151407180019
"March3",0.442119993787447
"Sfrp1",0.441863707073313
"P2rx2",0.441850447556934
"Ypel1",0.441817172321246
"Camk1",0.441274114648859
"Gpr26",0.44106760454948
"Syt10",0.441008277822066
"Dusp5",0.440607698426889
"Angpt1",0.440595538934402
"Acbd4",0.440545771252304
"Srrm4",0.440475247054953
"Nr3c2",0.440381665539224
"Rcn1",0.439802989463356
"Lamc2",0.439764739536031
"Slc35f4",0.439480879006813
"Htr1a",0.43946637979761
"9930014A18Rik",0.438898936636206
"Sv2c",0.438869256990177
"Scn3b",0.438718897437064
"Numb",0.438527851568897
"LOC105243130",0.438518737592356
"Lynx1",0.438441401567723
"LOC102638890",0.438249739844625
"Tpd52",0.43820787160185
"Csmd2",0.437899350192546
"Plxna4",0.437494647355321
"Syt5",0.437375009687552
"Gldn",0.437373512541135
"Osbpl10",0.437240674745418
"F730043M19Rik",0.437160310987177
"Pcnxl2",0.436792705439169
"Gjd2",0.436720858699462
"LOC105246327",0.436393718586638
"Matn2",0.43633198598071
"LOC105245295",0.436331543890943
"Skil",0.436269681844478
"Sorcs2",0.436252688800298
"Akap13",0.435833689581279
"Lrrc6",0.435616978276734
"Chst15",0.434778506985719
"Sertm1",0.434760906464501
"1110018N20Rik",0.434438667475095
"Ak3l2-ps",0.434230181570576
"Ldlrad4",0.434143128073258
"LOC105243282",0.434032392839949
"Cpne6",0.433924006848794
"Dpysl5",0.433873057665356
"Flrt3",0.433385042242908
"LOC105247131",0.433245263875348
"Gse1",0.43277713103453
"Fat1",0.43263755666921
"Ccdc155",0.432588818920943
"Pygm",0.432571559034923
"Cit",0.432138072737951
"Ppfia4",0.43198903425657
"Fabp3",0.431813079108406
"Fam196a",0.431807051634118
"LOC105242578",0.431732055497426
"1700007K13Rik",0.431566291057622
"Sec14l2",0.43120512239261
"Olfml2b",0.431032099142147
"Ostf1",0.431017711126732
"Slc35f1",0.43094076774183
"D630023F18Rik",0.430841117067125
"Tnni3k",0.430619026712841
"Itga8",0.43059152312438
"Fat3",0.430577917807857
"Creb3l2",0.4303882393261
"Ckmt1",0.430284513858285
"Rwdd3",0.42979464930051
"A630023P12Rik",0.429614668741652
"Rnd1",0.429539701149671
"Gdf10",0.429426795879171
"Pcdh7",0.429341197771527
"Adam11",0.429333562649461
"Sema4g",0.429292410413219
"2510009E07Rik",0.429278532755961
"Wnt7a",0.429060944410028
"Gucy2g",0.428227772488688
"Myzap",0.428154380892801
"LOC102636700",0.428042585109068
"Rassf3",0.42794343735769
"Tmem215",0.4279049676293
"H2-M3",0.427767899004617
"LOC102643175",0.427622589643164
"Akr1c18",0.427358595404372
"Kcnk4",0.427236076946341
"Skap1",0.427117830010589
"Kcnk3",0.427101549602789
"Homer2",0.42703563952497
"Prr5",0.426970919061933
"Pde1b",0.426963411782038
"Htr2a",0.426915800974821
"C530008M17Rik",0.426407382574891
"Zfp804b",0.426390530729806
"4933412E12Rik",0.426375014826596
"Tspan13",0.426178495140582
"Kcnk12",0.42576869549584
"Tmem158",0.42557446194708
"Nefh",0.425452814846507
"Epha3",0.425421524506433
"Npas2",0.425231372672781
"1700001O22Rik",0.42485805643812
"Eepd1",0.424695650103238
"Cbfa2t3",0.424434214208986
"Ankrd63",0.424356579500836
"Mb21d2",0.424262739006878
"Pmepa1",0.424080008770407
"Myh14",0.424001800258817
"Scgn",0.423744135149621
"Cdca7",0.423631802928918
"Hspa2",0.423490029494483
"Efnb2",0.423486732429454
"Dact2",0.423422907300674
"Syt16",0.422872332518929
"Crlf1",0.422694580092182
"Zfp57",0.422558185496454
"Cacna1g",0.422465948618895
"8030453O22Rik",0.422078313104227
"Stmn1-rs2",0.421937010274549
"Samd3",0.421869805079034
"Popdc3",0.421813973622878
"Prr13",0.421373037670936
"Gpr125",0.421338539616738
"Lor",0.421188053504394
"Oprd1",0.421018919742377
"Mical2",0.420621470684609
"Stard5",0.42056062414161
"Metrnl",0.420453694643587
"Cacna1h",0.42043307546728
"Ch25h",0.420231951865777
"5730522E02Rik",0.419954264452097
"Scn7a",0.419848906730696
"Prr16",0.419836649075429
"Gabrg1",0.419815933241033
"Ppp2r5a",0.419303206856728
"Dock4",0.419028151306769
"Plxna2",0.419016809823447
"Sptb",0.418954304960825
"Alk",0.418844108930602
"Chrna7",0.418661747018943
"Gpr133",0.418470315777781
"Dgki",0.418138828486783
"Pfkfb3",0.417936824698675
"Dusp7",0.417935247068172
"Tmem178",0.41734694477501
"Crhr2",0.417306878694673
"Mitf",0.417254659649312
"C630043F03Rik",0.417124907630123
"Npy5r",0.417050105060599
"Hyi",0.416903535146086
"Nmnat2",0.416869672178403
"3300002P13Rik",0.416318073678418
"Gng4",0.416306061280824
"Syt12",0.416264647836053
"Tmem74",0.416007147664356
"Gabra4",0.415824489804324
"Vax1",0.415776457978457
"6330403K07Rik",0.41542600126671
"Cdyl2",0.415125155652102
"Slc10a4",0.41495038524577
"Glce",0.414739809250656
"Vstm5",0.414268079464904
"Zdhhc14",0.414241538895497
"Trhr",0.413762976597098
"Arhgef3",0.413675125520063
"Gabrg3",0.413334591128881
"Rgs7",0.41327307581916
"LOC105246811",0.413166035421677
"Kcna3",0.413128446211772
"Gria1",0.413003470425021
"Tmem53",0.412783226264656
"D830030K20Rik",0.41268960737526
"Dlgap2",0.412395599782291
"Gng2",0.412245571280566
"Spry2",0.412180776889059
"Itga4",0.412154789763076
"Ptprf",0.412092465785492
"Tspan33",0.411739861898002
"Unc5a",0.411086267513982
"Ankrd29",0.411075887167232
"Igsf9b",0.410917658326245
"Shd",0.410917311799527
"D430041D05Rik",0.41070977913885
"Sorl1",0.410244799798523
"Agbl4",0.410144265095949
"Foxo1",0.409715702776403
"Gpr123",0.409369803625581
"Adamts8",0.409236915756794
"Sez6l",0.40915024213548
"Tmtc1",0.408899616869655
"Sh2d7",0.408593827618698
"Lrrc3b",0.40853059299606
"Nek6",0.408459369856696
"Apbb2",0.408371364952523
"Obfc1",0.408014211238309
"B4galt6",0.407879149617475
"Wnt2",0.407628659110457
"Apitd1",0.407549380516711
"Kcnj6",0.40750409250496
"4930447M23Rik",0.407433881718106
"Gabrb1",0.407394775996567
"Zfp385b",0.406792297774494
"Dbp",0.406664497866846
"Sftpc",0.406200172723386
"Csmd1",0.406045198869396
"March11",0.405715316330999
"Ntsr1",0.405661247362531
"Brms1",0.40551886662476
"Nptxr",0.405020272596688
"LOC105244192",0.404974660552347
"Osbpl3",0.404647303087126
"Dlk2",0.404376685232969
"Glcci1",0.404212355629126
"LOC105244162",0.404146992666626
"Asic2",0.404091598541843
"Chrd",0.404077566205624
"LOC105244000",0.404062007894037
"Anxa11",0.403820684440918
"Slc24a2",0.403710394055889
"Vamp1",0.403677612879719
"Sln",0.403594416829498
"Nbn",0.403461931113324
"Cd164l2",0.403064829539907
"Thrb",0.402764822481653
"Pde7b",0.402730306931897
"Epb4.1",0.402637756989771
"Grhl1",0.402615235790422
"Slc8a1",0.40239937743912
"Bace2",0.402303099762629
"Adrb1",0.401982261410125
"Chst1",0.401765777565162
"Trps1",0.401751601188968
"2610100L16Rik",0.401500848497668
"Gnaz",0.401438272324898
"Pth2r",0.401192620384853
"Ier5l",0.400837602908349
"Cmya5",0.400724981216629
"Coro2a",0.400509122037668
"Spsb4",0.400249932677661
"Lrrc75a",0.399949239101856
"Trim36",0.399778264495546
"Plxnc1",0.399742912543322
"N4bp3",0.39954425773777
"Creg2",0.399350180275746
"Unc119",0.39894776188677
"Tmtc4",0.39893101047868
"Chrnb3",0.398859786279385
"Kcnd2",0.398824714000242
"Kcnh6",0.398682037959838
"2610203C20Rik",0.398649150378955
"Psd3",0.398332760800209
"Btg3",0.398281758542543
"Irak2",0.398097126374413
"Dagla",0.398056833612004
"Map6",0.397927281370115
"Mapk13",0.397658139796795
"Plekhh2",0.397564484095555
"B3gnt2",0.397533518715042
"Itga5",0.397459956862623
"LOC102640042",0.397458689609777
"Hddc2",0.397407877149432
"Oprk1",0.39687432913934
"Col26a1",0.396762846102907
"Enox1",0.396462466542756
"B3galt1",0.39639763941785
"Cabyr",0.396374726483978
"Cyp7b1",0.396151983300748
"Sh3bgrl2",0.396056613792782
"Hcrtr2",0.395959325759277
"Cdk19",0.39584695868785
"Klf7",0.395658895630645
"Pvrl2",0.395524193635508
"Acsl5",0.39549086434506
"Cyb561",0.395406735000436
"Rspo4",0.395331120976214
"Emb",0.395291238351893
"Phf21b",0.395246278212295
"Alox12b",0.395131523160667
"Rab6a",0.395095133500256
"Rps6ka2",0.395028490902507
"Lrrtm1",0.395023646682806
"Tph2",0.394667057265132
"Gabra1",0.394399934480165
"Lipa",0.394366485056271
"Tom1l1",0.394356112653262
"Ccdc88c",0.394330622858967
"Vgll3",0.394263518692422
"6530402F18Rik",0.394126993668079
"Adamts13",0.394121345403558
"LOC105245480",0.394080696013138
"Stk32c",0.393836526759511
"Pip5kl1",0.393724018482486
"C230057M02Rik",0.393567736779433
"Myrip",0.393379883541865
"Htr1d",0.393237346794981
"Grb7",0.393112980233018
"Cpo",0.39306398107516
"Rgs11",0.393061572264846
"Fosl2",0.393009827233796
"Klhl32",0.392874196401063
"Acot5",0.392756800823829
"Upb1",0.392691883735844
"Met",0.392627523075669
"Prkca",0.392589749850268
"Ntng2",0.39257336275265
"Fam69c",0.392563565100004
"Arid5b",0.392237543073938
"Tmem132a",0.392164931675789
"A930011G23Rik",0.392042476156584
"Kcns1",0.391974865176146
"Ints7",0.391947753267015
"Pcdh17",0.391936502965305
"Atrnl1",0.391811322277718
"Slc20a1",0.391426253676001
"Nrip1",0.390723904792781
"Hbq1b",0.390634946194172
"Tshz1",0.390486621860726
"Arnt2",0.390442829915381
"Plekho1",0.390327003314049
"Mgat5",0.39020173173952
"Kcna6",0.390164804812633
"Arl4d",0.390028073920663
"Speg",0.389948762003527
"LOC105244286",0.389847346327423
"Hhatl",0.38944884651255
"Ttc39b",0.389238469106872
"Syde1",0.389223932912124
"Cacna1a",0.389173049939632
"Hgf",0.389067996734312
"Synm",0.388996978667961
"Tmem132b",0.38877330368558
"Trpm4",0.388738723985775
"Nfatc2",0.388557437369736
"Nt5c1a",0.388556615961425
"2610318N02Rik",0.388521033051622
"Ciart",0.388329883170043
"Mapk3",0.388204471904767
"Etv5",0.388072384170678
"Scx",0.388056455209042
"Kcnk10",0.387517662982291
"Crabp1",0.387416518969844
"1700023F06Rik",0.387282702131193
"Arhgap32",0.387017023798997
"Garnl3",0.386933372914212
"Rims4",0.386800315806078
"Nrg3",0.386795466455315
"Relt",0.386771378250813
"E030003E18Rik",0.386616928922075
"Parva",0.386593957273879
"Plekhg5",0.386535423958858
"Prph",0.386387500937513
"Tm7sf2",0.386021676548254
"Slc23a3",0.385639672124182
"Rarres1",0.385532964374989
"Rasd1",0.385467385889494
"Rapgef3",0.384908191072727
"Sowaha",0.384754854702911
"Amigo2",0.384717294319698
"Htr7",0.384706557245513
"Ets2",0.384621330611663
"Sh3gl3",0.384462792440947
"Zfp575",0.384454577918864
"Ubtd2",0.384361985141387
"Efcab10",0.384333566384434
"Chrm1",0.384325500190705
"LOC105244904",0.384104572575027
"LOC102637409",0.383734468771901
"Klhl40",0.383590465835546
"Nlk",0.38340239479304
"Stard10",0.383257457150716
"D8Ertd82e",0.383008115848821
"LOC105244517",0.382922385214969
"Ppargc1a",0.382843072198093
"Spock3",0.38278653376418
"Sox4",0.382784102441898
"Lmo4",0.38263518453104
"Foxred2",0.382630325191433
"Hcn1",0.382379287605504
"St3gal1",0.382375725428159
"Rock2",0.38231162619934
"Epb4.1l4b",0.382272443995573
"Ttc39c",0.382185534941227
"Fut9",0.382170701198658
"Rab30",0.382148489087419
"Nr2f1",0.38201031450841
"Ctbp2",0.381904520084913
"Fbxo2",0.381881713311258
"Grb10",0.381857570073193
"Adcy9",0.381817697286948
"Ccdc88b",0.381689367319327
"B130024G19Rik",0.381490747656061
"Map3k9",0.381485141644218
"Lgi2",0.381470680000831
"Clec18a",0.381390635507531
"Zfp385a",0.381323290502422
"Slc2a13",0.381105544002362
"Nck2",0.380774021598348
"Ostn",0.380716639427273
"Nyap2",0.380453289591181
"A330102I10Rik",0.38039595981466
"Epha7",0.380353842202603
"Rarb",0.380320141488269
"Cfap74",0.380200018108908
"Adra2c",0.379893808500623
"Kazn",0.379774301906621
"Fam163b",0.379666269793245
"Sdk1",0.379568206564541
"Dusp23",0.379527196713213
"Gbe1",0.379429587380437
"Rgl1",0.379283376116227
"Mapk10",0.379152818869414
"Itga7",0.379096810799166
"Necab3",0.378871485166391
"Sgk3",0.378839614474798
"Ttl",0.378833176399398
"Pacrg",0.378486494770856
"Agpat4",0.378404389504744
"Hcrtr1",0.378215354218416
"Prickle2",0.377919581355927
"Gpc6",0.377785141736766
"Prkg1",0.377545266542184
"4930553C11Rik",0.3775420552713
"Epha10",0.377265976091305
"Mcc",0.377243170581308
"2810416G20Rik",0.377240812572441
"Slco3a1",0.377227213634557
"Endod1",0.377106382292026
"Dpp4",0.376976072496632
"Opn3",0.376744426624822
"Bcl2l11",0.376709395212423
"LOC105244051",0.376665893911609
"Limd2",0.376600649053144
"Sertad4",0.376515485880182
"Prokr2",0.376449112365819
"Rab15",0.376246697111455
"Rilpl1",0.376155717249913
"Capn2",0.376147902724185
"Usp25",0.376076380766426
"Fam13c",0.376028974189555
"Cxxc5",0.376000426244659
"Diap2",0.375866589801259
"Myh1",0.375862940623564
"Asic1",0.375793402589348
"Camkk2",0.375723603393724
"Slc7a8",0.375647377731975
"Ffar4",0.375509488400555
"Hrh2",0.375415398396876
"Thbs2",0.375198776510543
"Sipa1l2",0.375161098651325
"Dlg1",0.375155599652168
"A730017C20Rik",0.37461101676964
"Dgat2",0.374437047565857
"Ryr1",0.374387896042556
"Rbm43",0.374199073083538
"Lurap1l",0.374048505712475
"Bmper",0.373584554055807
"Lats2",0.373469697985332
"Timm8a1",0.373273810701092
"Arhgap33",0.373128892126673
"Myo16",0.372985014774771
"Ryr2",0.372704275105781
"Csk",0.372541851729016
"Mpdz",0.372470770681413
"Chrna3",0.372429021353977
"Slc2a6",0.372292445210395
"Camk2n1",0.372133746053041
"Ccdc65",0.372042741331052
"P4ha2",0.371870095255326
"Cpped1",0.371845753111547
"Nubp2",0.371775969884252
"Fam131b",0.371767528547396
"Kcnn3",0.371634857190041
"Lamb1",0.371352360731678
"Cers6",0.371281711870664
"Galnt7",0.371187761038298
"D030068K23Rik",0.370810257270786
"Cib2",0.370804045568635
"Tmtc2",0.370706472979404
"Magi3",0.370675382106639
"Pih1d1",0.370630859091625
"Map3k6",0.370560038638396
"Scn9a",0.37054786960603
"Hs6st3",0.370513750826174
"Pard3b",0.370348748842947
"Efcab6",0.370265151297821
"Slc4a3",0.370195511980415
"Gabbr2",0.370057326529604
"Scn3a",0.369889016737059
"Thpo",0.369843535682738
"Lrfn5",0.369775879833072
"E2f1",0.36973837373988
"5830416P10Rik",0.369702552326221
"Wisp1",0.36958604216025
"LOC105245598",0.369458644928701
"Otud1",0.369317509087728
"Uchl1os",0.369256156506217
"Vwa5a",0.369178340057922
"Psph",0.369122919542271
"Kcnj2",0.36911107809716
"Wee1",0.369013329087043
"Lzts3",0.368976204922953
"Adamts15",0.368935404309229
"Drc1",0.368748712866047
"Rasa3",0.368745747828991
"Pax6",0.368727735929037
"D130043K22Rik",0.368714854631288
"Pdia5",0.368643634229405
"Rmst",0.368580564068171
"Nudt22",0.368391349687349
"Trim62",0.368239135547262
"Klhl2",0.368042753962764
"Dpysl3",0.368010569568826
"Fam102b",0.367876105380091
"Dact1",0.367657471415995
"Ankrd9",0.367333633318513
"Sntg1",0.367238817745683
"Ccdc112",0.367220694346165
"Nedd4l",0.367004852742034
"Fam132a",0.36689620313761
"Cux1",0.36686099322194
"Cdr2l",0.366837265672902
"Cryl1",0.366597063528052
"Chac1",0.366516858141049
"Lrrc4",0.366448988803432
"Sh2d3c",0.366424095356986
"Stbd1",0.366394058236413
"Ahr",0.366121407866446
"Pcdh1",0.365973513349016
"Ttc9",0.365656261685524
"Zfp365",0.365644192127017
"Prrt3",0.365439506648891
"Cep83",0.365345195233879
"Rcan1",0.365239649392136
"Colgalt2",0.365125341328444
"Nkain2",0.365011082583994
"Dctpp1",0.364927629486557
"Golga7b",0.364878546115553
"Wwc1",0.364842529039493
"Sipa1l1",0.364781589972159
"LOC105245972",0.364567712784603
"Dyrk2",0.364429782939867
"5330434G04Rik",0.364356513729885
"Kcnj3",0.364296320348131
"Kcnh5",0.364241323446804
"Tbcb",0.364214162348591
"Cntfr",0.364077262049636
"Ubxn11",0.364048360653179
"5033421B08Rik",0.364028758305163
"Cdhr1",0.363985188849954
"Dhrs13",0.363746765258398
"Fosb",0.363402149086468
"3110082I17Rik",0.363366668890826
"Lingo3",0.36333121729036
"Zfyve28",0.363045236602671
"Fos",0.363032393559079
"Pold4",0.362813791683927
"Creb3l1",0.362693182870854
"Ctdspl",0.362621387525205
"Baalc",0.36253408881765
"2010001A14Rik",0.362504779806089
"Chst2",0.362480375953726
"Gpnmb",0.362461096040007
"Wnt9a",0.362390248313763
"Dbndd1",0.362343229662987
"Vldlr",0.362323245585473
"Ism1",0.362018437024769
"Lrrtm2",0.361530029551658
"2010111I01Rik",0.361438156136452
"Frzb",0.361402903120874
"Epor",0.361147497971313
"Rnf169",0.361072858668923
"Tbc1d30",0.36097188121989
"Tarsl2",0.360856518002124
"Slc35d3",0.360828560891279
"Mettl7a1",0.360742146330136
"Atg9b",0.360614476038566
"Abhd11os",0.360362160070421
"Arid5a",0.36033851569033
"Far2",0.360303230576105
"Inpp5j",0.360224294209968
"Cys1",0.359972300236052
"Fam124a",0.359650033437434
"Kcnab2",0.359545089691385
"Fxyd2",0.359365215965099
"Bag2",0.359234380112511
"Cited4",0.359217630373662
"Arhgap27",0.358963437755273
"Erf",0.358904686916149
"Camk2a",0.35890093141309
"Ankrd6",0.358881649144433
"Rora",0.35879010124707
"Anks1",0.35872249371217
"Mmgt2",0.358647121778375
"3110079O15Rik",0.358610110304317
"Ccdc85a",0.358532908065401
"LOC105245978",0.358330048951318
"Wfs1",0.358209020588924
"Ptger4",0.358164146120731
"Col8a1",0.358046921700377
"Usp46",0.357969276941716
"A230006K03Rik",0.357897414490657
"Arhgef15",0.357681379080759
"Kcna4",0.357492040608669
"Srrm3",0.357484279206261
"Bloc1s5",0.357218749006336
"Hey1",0.35717765309761
"Fkbp5",0.357166852637635
"A830082K12Rik",0.357097683756688
"Ehbp1l1",0.357085566200945
"Gpr151",0.356890678955573
"Msrb1",0.35687874254682
"Galnt16",0.356602151289856
"LOC105245003",0.356402714258378
"Dmrt2",0.356367271677854
"Ankrd34c",0.356211615713081
"Atg10",0.356153676629558
"A230077H06Rik",0.355946637607004
"Fam126a",0.355928431637525
"Lnx1",0.355927666283975
"Lsamp",0.355846640041199
"Mtap",0.355845796192275
"LOC102640933",0.355801124753829
"Zfand3",0.355646836498522
"Strip2",0.355638686761305
"LOC102634072",0.355632622216345
"Lrriq1",0.355520419982028
"Grem2",0.355500288253608
"Bambi",0.355444024622144
"Gpr158",0.355246534597722
"Cdk14",0.355242880972908
"Larp1b",0.355152695403632
"Rem2",0.355097228203385
"Plekhg1",0.355027213219626
"Gadd45g",0.354866372943532
"Chst12",0.354695317631071
"Shisa7",0.354659718103736
"Pnma2",0.354625407010744
"Prkab2",0.354529998919577
"Hsbp1l1",0.354527320497492
"Kcnh2",0.354522085662115
"Atf6",0.354458021078939
"Lrrk2",0.354349581271009
"Prkag2",0.35419604669908
"St8sia5",0.354195742983778
"Ackr1",0.354195596851576
"B230209E15Rik",0.353968474231568
"Rnf112",0.353961666052122
"Eif5a2",0.353922225163663
"Arhgap26",0.353897049984321
"Them6",0.353788189377163
"Tnfrsf12a",0.353746556232244
"Ralyl",0.353680307953462
"Shisa3",0.353525419948049
"A730020E08Rik",0.353466602924684
"Nme5",0.35334345291116
"Plekha6",0.353128866505853
"Actr3b",0.353047132201048
"Plch1",0.352918270482338
"Rnf150",0.352871818543384
"Rac3",0.352783755007613
"Auts2",0.352658722801238
"Scnn1a",0.352641180164391
"Hes6",0.352574232621021
"Lurap1",0.352536039096995
"Pip4k2c",0.352034676322594
"Rnaseh2b",0.351956060906454
"Cds1",0.351599170315779
"Dlgap3",0.351482842955903
"Fgf5",0.351429588784915
"Lgals8",0.351423404343339
"Gpr25",0.351421948978198
"Cacnb1",0.351380197665453
"Tgfb2",0.351365252040433
"Anxa6",0.351321173501146
"Dffa",0.351304350144541
"Clcn2",0.351287542796667
"Clnk",0.351180954016976
"Galk2",0.35117963918953
"Klhdc8b",0.350905321996167
"Lsm11",0.350838719364328
"Evc2",0.350727986160483
"Snx25",0.350727667889572
"Jph1",0.350712296995503
"Hs3st5",0.350436164352653
"Pid1",0.350329167827143
"LOC105246048",0.350191053718137
"Clrn1",0.350153697147216
"Prkd1",0.349773303766635
"Mef2c",0.349713107868426
"Ccs",0.349621151515624
"Fchsd1",0.349595851251319
"Bcat1",0.349587768196176
"Rimklb",0.349556747349595
"Fgf18",0.349543725262467
"Gpr6",0.349460433689904
"Dsel",0.349390643580533
"Efna3",0.34936029645678
"Angptl6",0.349357464838647
"Tle2",0.349111108953514
"Smpd3",0.348957903115534
"Pam",0.348938666553672
"Tmem41a",0.348934807384068
"6530411M01Rik",0.348926629822051
"Rab3ip",0.348892399116137
"Yes1",0.348849850387922
"Cdkl2",0.348656859592192
"Gstm6",0.348599412082437
"Ydjc",0.348561738711896
"Zdhhc18",0.348560451736576
"Layn",0.348530794582916
"Bean1",0.348444625201592
"Trpv6",0.348028744791049
"Tmeff1",0.34785117504723
"A830021M18Rik",0.347832480433184
"Adam18",0.347804081281329
"Doc2b",0.347573140901463
"Arl15",0.347306358593486
"Elovl5",0.347140887505404
"Manba",0.347031941161182
"Orai3",0.346995653409696
"Sepn1",0.346982966459484
"9530091C08Rik",0.346963463045176
"Ppapdc2",0.346920356801129
"Triqk",0.346907977469332
"Astn2",0.346898947710326
"Chga",0.346797908130468
"Lipg",0.346657545677879
"Ccdc126",0.346608886522442
"Vsig2",0.34637367748584
"Zyx",0.3463578364897
"Cdkl1",0.346239387122038
"Faah",0.346165638420978
"Prkra",0.346132584646422
"2610034B18Rik",0.345994418510096
"Nme7",0.34596283698219
"Rell2",0.345934887217554
"Rapgefl1",0.345894331366569
"LOC105243200",0.345893746959693
"5033430I15Rik",0.345874532512617
"Grhl3",0.345629303841997
"Sh2d5",0.345586536141202
"Olfm2",0.345573715805584
"Glrx",0.345562623660848
"Ankrd50",0.345483532358384
"Arhgdig",0.345198721561075
"Foxo6",0.344966719838959
"Rangrf",0.344896289153023
"Shf",0.344891539235942
"Inhba",0.344854626491677
"Acot1",0.34474427214891
"Ebpl",0.344610868650955
"Pwwp2b",0.344528833703424
"Psd4",0.34447211385723
"Samd14",0.344468162184391
"Sec24d",0.344399674051774
"Adrbk2",0.344344417389643
"Lrfn2",0.344223825348101
"Slc8a3",0.344179037046888
"D430036J16Rik",0.344120263533603
"Mkl1",0.344054168472516
"Gcnt2",0.343885752291775
"Celf6",0.343800387986539
"4833422C13Rik",0.343785308230105
"Scml4",0.343724957886954
"Rxra",0.343699868176458
"Gpr22",0.343667799796847
"Mina",0.343640872806999
"Agap2",0.343624873971777
"Coro1c",0.343421352857073
"Pitpnm3",0.343415189853341
"Slc7a14",0.3433908919621
"Limk1",0.343287220706328
"Ccdc74a",0.343182741430043
"Myh13",0.343109597702548
"LOC102634429",0.343043365993192
"Snhg4",0.343034885064817
"Fhad1",0.342671072975127
"Grm4",0.342514054115024
"As3mt",0.342462392769204
"Insl6",0.342344143744999
"Kif17",0.342340702215158
"Mc4r",0.342247384984506
"Hkdc1",0.341981021557753
"Dyrk3",0.34194270318268
"Stard4",0.341891403740475
"Ptprj",0.341840802551872
"Uck2",0.341756797966529
"Grip2",0.341697756527243
"Eps15",0.341623603979729
"Grid2",0.341592803240388
"Srf",0.341414509976839
"Efcab1",0.341338188906606
"Bag3",0.341330730341103
"Hspa12a",0.341326785240576
"Baiap3",0.341319353932659
"Sh3rf3",0.34130536227132
"Tet3",0.340992412040785
"Cdpf1",0.340957807869495
"Lgi1",0.340946389903541
"Acta1",0.340757049370659
"Mro",0.340751406235182
"Acvr1c",0.340710744796702
"LOC105243444",0.340412161423638
"Cacnb3",0.340366152827107
"Tspan2os",0.340356641745897
"LOC100861727",0.340335296327726
"Cptp",0.340102779537232
"2010204K13Rik",0.340097515853914
"Cda",0.340052877888781
"Sag",0.339964924434961
"Pcsk2",0.339897929147104
"Tiparp",0.33980422787453
"4930500J02Rik",0.3395184770669
"8030451O07Rik",0.339485104987955
"Cetn4",0.339473857567817
"Nans",0.339448836901257
"Wasf3",0.339443789242377
"Lin28b",0.339408991030682
"Arhgap22",0.339326243897815
"Nuak1",0.33929324550094
"Cyp26b1",0.338911210617668
"Rhbdl3",0.338906874098696
"Zkscan16",0.338749550476708
"Prkaa2",0.338670816127924
"Dcbld1",0.338599669746911
"Rab27b",0.338590214202795
"Resp18",0.338510865642485
"Sbk1",0.338447799532617
"4930447C04Rik",0.338224065166171
"Tmem151b",0.337988042254054
"Ankrd37",0.337813748829313
"Ppp2r1b",0.337608902099456
"Mypn",0.337575233476201
"Nol3",0.337418520130367
"Bglap3",0.337408168578834
"LOC105245255",0.337362636170928
"Usp1",0.337055749598543
"Mgll",0.33704603929216
"Dtx4",0.336780989851259
"E130311K13Rik",0.33672298855056
"Nudt4",0.336716641723923
"Sacs",0.336166304372888
"Otub2",0.336062450947885
"Hs6st1",0.3360106966431
"Adamtsl1",0.336002301755092
"Prok2",0.335742563762934
"Dok4",0.335672839175735
"Fam20c",0.335672754742467
"Adcy8",0.335344896562807
"6430548M08Rik",0.335242250851188
"Cacnb2",0.3350273681618
"P4ha1",0.334979275106937
"B230216G23Rik",0.334928536152708
"Dgkh",0.334886342444259
"Kiz",0.334877859368509
"Sirpa",0.334846936504635
"Pmfbp1",0.334699582384976
"C130030K03Rik",0.334670982226506
"Tmem56",0.334650570768038
"Lrrc75b",0.334592793815331
"Sirt7",0.334456513674232
"Acat2",0.334348236425671
"Fbxo6",0.334252459783824
"Zfp367",0.333998788888506
"Tenm2",0.333866496501617
"Eva1c",0.333815018475188
"Dlg5",0.333764722747382
"Rsph3b",0.333622947264242
"Map2k6",0.333577690008665
"Ccne1",0.33356878737248
"Prickle1",0.333536798233976
"LOC105246604",0.333499654742275
"Cabin1",0.333407248316247
"Dpy19l3",0.333404634029595
"Cdh2",0.333386442136469
"Ptprn2",0.333036811366583
"Ormdl1",0.332864733198213
"Camkk1",0.332656646737885
"Xkr4",0.332581221056846
"LOC105245006",0.332572466039223
"Sac3d1",0.332502339553798
"Fam217b",0.33247582441287
"Klf9",0.332447718093397
"Grin2d",0.332431950641637
"Eif2b2",0.332413405455458
"Gfra1",0.332402725869022
"Nudt7",0.332345798422622
"Ing2",0.332289452850887
"LOC105246093",0.332222088853376
"LOC105243280",0.332068689305117
"Mir568",0.331862411300374
"Kcnj11",0.331806098912951
"Eme2",0.331245094345516
"Pgr",0.33091404478431
"B9d1",0.3306393395251
"Snn",0.330593821523858
"Kremen1",0.330569681105548
"Hap1",0.330439264311486
"Khdrbs3",0.330280316567348
"LOC105247151",0.330278900493876
"Brinp1",0.330273042135566
"4833415N18Rik",0.330167942991558
"Sstr3",0.330114811301252
"Dnajc21",0.33009752642681
"Egr2",0.330087824410306
"Zfp239",0.329783037696333
"Ntm",0.329719504829462
"Cables2",0.329621127055243
"Chl1",0.329376772795186
"Ppm1l",0.329170420965906
"March4",0.329133597880831
"Ifngr2",0.329084033882726
"Pclo",0.329007613242471
"Rad51ap2",0.328689768507072
"Isoc2b",0.328605462330703
"Fcor",0.328436261417965
"Mpp3",0.32835159748554
"Tex2",0.328230262895539
"Grm5",0.328227826592076
"Neurl1a",0.328225462408602
"Tom1",0.328215909993807
"Krt222",0.327960136605352
"Tmem218",0.327818645420532
"Tle3",0.327784177318283
"Otulin",0.327681423149263
"Sidt1",0.327557359508296
"LOC105242595",0.327556918270757
"Tmem19",0.327477317843063
"Daam1",0.327407217266879
"Napepld",0.32737494652853
"Wdr54",0.327320016417703
"Dst",0.327120304784791
"Exoc6",0.327014831161768
"Chid1",0.327004533312495
"Nphp1",0.32694725426818
"LOC102633497",0.326912603636605
"Lrrc27",0.326774309996265
"Amotl1",0.326737071026123
"Glt28d2",0.326716850480146
"Nudt17",0.326674057549678
"Mansc1",0.326655300392642
"Syngr3",0.326326465564573
"Mir22hg",0.326263754439462
"LOC105243129",0.326188175565589
"Idnk",0.326125671608904
"Per2",0.325968314293166
"C130026L21Rik",0.325900169503994
"Epha5",0.325742633910409
"Hspa1b",0.325601461970275
"Stk19",0.32547109658566
"Ccdc43",0.325461704075165
"BC049635",0.325367592647306
"Hdac7",0.325319673909557
"Gfod1",0.325118812859181
"Vstm2a",0.32501659477544
"Mctp2",0.324964955575433
"Ap3b1",0.324781799745559
"Twf2",0.324779054799966
"Frs3",0.324750631952756
"Jsrp1",0.32470114134247
"Ccnd2",0.324645333873195
"Wdsub1",0.324563388600708
"LOC102636808",0.324425276023271
"Park2",0.324409662331188
"Dusp19",0.324324700637666
"Hivep1",0.324222299821119
"Cmtm4",0.324090937824126
"Dnaja4",0.323987095722157
"Sp3os",0.323972972317635
"Mycn",0.323588481402103
"Lig1",0.323528156554313
"Efcc1",0.323412096862049
"Hnmt",0.3233648738994
"Prep",0.323340860153776
"Slc5a6",0.323138679395826
"Pak6",0.323026213408449
"Atp9a",0.323011703916632
"C030006K11Rik",0.32274727294647
"Mterf2",0.322725045725266
"Nrbf2",0.322720102025615
"A930005H10Rik",0.322642370831431
"Ablim2",0.322593377992886
"Slc45a4",0.322504531334811
"Trmt12",0.322468408981603
"Rab36",0.322443705119321
"Stim2",0.322345273570432
"Adam23",0.322320895043856
"Stk32b",0.322187298828523
"2410016O06Rik",0.322056598332882
"Snrnp25",0.322028866829316
"Noc4l",0.321975780838713
"LOC102635707",0.321954642685966
"Hs2st1",0.321924066103506
"Slc1a4",0.321864006913136
"5330417C22Rik",0.321850950180419
"Galt",0.321823727282567
"Gpr161",0.321758655547173
"Garem",0.321749053857219
"Pde2a",0.321697137851131
"Fggy",0.321690954972361
"Kcns2",0.32158961077694
"Kctd6",0.321568375698658
"Hilpda",0.321502183100585
"LOC105243198",0.321427708027438
"Srd5a3",0.321391008246984
"Fkbpl",0.321287772542125
"C1ql2",0.321261506115835
"Abcg4",0.32125248179617
"Ddt",0.32121175852789
"Gpr52",0.321120281856015
"Dusp4",0.321027132268862
"LOC102640985",0.320875003014995
"Nat9",0.32078731134702
"Drd2",0.320666811952538
"Synpo2",0.320577787367314
"Osbp2",0.320558800716183
"Kcng2",0.320437159780309
"A830029E22Rik",0.320370422355293
"Wdyhv1",0.320332512077056
"Nudt16",0.320230484774981
"Emilin2",0.320205033839175
"Sipa1",0.320157418373706
"Pappa2",0.320089211471686
"Abi3bp",0.320074534960572
"LOC105243541",0.320051478661236
"Fam155a",0.319992498673002
"Dgkg",0.319949432289007
"Exosc6",0.319750078819554
"Plagl1",0.319678980647309
"Cirh1a",0.319593938783533
"E330009J07Rik",0.319429499903034
"Dpf3",0.319299898985283
"Rara",0.319256529297193
"Gramd2",0.319242033209506
"Tmem63c",0.319240961496004
"LOC102639429",0.319204626250273
"Uchl3",0.319189951738623
"Amdhd1",0.319019658437368
"Plk5",0.318981271142111
"Hsf4",0.318966529748651
"Rcc2",0.318821559511123
"Pgm1",0.318746129640001
"Ccdc28a",0.318655470169584
"6330416G13Rik",0.318560167997687
"2900008C10Rik",0.318471832136264
"Ttc28",0.318469802564052
"Ccng1",0.318437826988878
"Kcnb2",0.318401354755772
"Rhobtb2",0.318364293831965
"Thop1",0.318143013167343
"Nipa2",0.318048568838971
"Acvr2a",0.317986771333334
"D1Ertd622e",0.317866327668779
"LOC105242741",0.31777798608149
"Fam134b",0.317716282795907
"Fam174b",0.317687332744768
"Pparg",0.31753397417674
"Dchs1",0.317490573414276
"Numbl",0.317470366364374
"Sh3bp1",0.317450682770905
"Pafah1b3",0.317436376389143
"Map2k5",0.317405868205341
"Gpr3",0.317365298631433
"Dusp28",0.317280510667407
"Stradb",0.317169030386239
"Palm2",0.317087666721835
"Dpf1",0.317064888591428
"Plcb4",0.316996377398254
"Slc6a15",0.316948875922446
"Adamts17",0.316931276304421
"Nr2c2ap",0.316926600074452
"Trim66",0.316922699240151
"Rab8b",0.316842598146657
"Tiam1",0.316838896787314
"Ephb3",0.316833140735313
"Etohi1",0.316814892137606
"Kirrel",0.316804329763296
"1810010H24Rik",0.31676459613393
"Cryba2",0.316756181857869
"Rnf24",0.316736727885812
"Dcaf6",0.31667750810374
"Mei1",0.316640194854646
"Samd10",0.316576448342691
"Sigmar1",0.316566035767966
"Gtdc1",0.316556158534955
"Mfsd3",0.316546541154362
"Atp8b2",0.316526207373126
"1700003E16Rik",0.316491798176372
"Plxna1",0.316431295451815
"Gpr39",0.316427941902602
"Mal2",0.316326578090157
"Phf23",0.316217546750859
"Stmn1-rs1",0.316194676199395
"Inhbb",0.31610002545598
"Stk39",0.316074504794778
"Cerk",0.316041390299972
"B230217O12Rik",0.315953753132157
"Ttll11",0.315876043340663
"Pygo1",0.315831274612305
"LOC105243853",0.315828086035909
"Tmem107",0.315690972464013
"Kbtbd11",0.315623709111827
"Snx24",0.315621080059808
"Prr7",0.315573464253721
"Syngap1",0.315547705551393
"Cachd1",0.315394640539545
"Mir344g",0.315389112796574
"LOC105245305",0.315300190664836
"Sncaip",0.315159129241268
"Hpca",0.314991775398387
"Sike1",0.314985892554352
"Klhl1",0.314843801092342
"Sqle",0.31478845685835
"Alox8",0.314537809904324
"Fancl",0.31448484443647
"Ncald",0.314444385609677
"Gpr21",0.314398234365546
"Cwh43",0.314392158507885
"Rps6ka5",0.314348314255335
"Fam110b",0.314322055650358
"Dfna5",0.314303291713085
"Ogfod3",0.314246116723595
"Atp9b",0.31423963506915
"Pcsk2os1",0.314130556616995
"Rab22a",0.313735090624864
"Zfp931",0.313725924036678
"Exosc5",0.313677692591682
"Azin2",0.313595112227971
"G6pdx",0.313585990646247
"Fads6",0.31354291344726
"Mesdc1",0.313526504598393
"Zbtb16",0.313507707851594
"Nedd9",0.313476202416901
"Rpa3",0.313405198668898
"Glmn",0.313398865349292
"Bet1",0.313312181673497
"Manea",0.313274709590714
"Tmem120a",0.313199398675394
"2210408F21Rik",0.313170230204226
"AI504432",0.313059971034958
"Gpr180",0.312946365383682
"Nup93",0.312875924971148
"Enkd1",0.312873704739158
"Npsr1",0.312807042140632
"Abca5",0.312764048021821
"Uap1l1",0.312606561712186
"Dync2li1",0.312492001143321
"Gucy1a2",0.312438649509637
"Apeh",0.31228202526772
"Ifitm7",0.312220673945069
"Fbxo27",0.312216091814575
"Coro2b",0.312101835254894
"Caps2",0.31205541750404
"Dgkz",0.312023800533411
"Csdc2",0.311962949449444
"2310067E19Rik",0.311948312715476
"Tmem180",0.311849384488008
"Spata2",0.311721122008065
"LOC432842",0.311712310021636
"Tacr3",0.311679148510145
"Atg5",0.311668220675664
"Smyd4",0.311552385661991
"Ppp4r4",0.311379708891151
"Kif26b",0.311334597368977
"Zbtb8a",0.311325772049297
"Mroh1",0.311215932148281
"Bcas3",0.311190799195556
"Vash1",0.311087761776401
"Adamts16",0.311057426884246
"Cap1",0.310992421394151
"Dck",0.31094013143475
"LOC102639456",0.310739938941792
"Scrt1",0.310711728699448
"2310011J03Rik",0.310644972230282
"Mgat4a",0.310622260721635
"Rsph3a",0.310538932447961
"Arhgap20",0.31052114565817
"Ptgr2",0.310230592013669
"D3Ertd751e",0.310226977342542
"Commd5",0.310062596179579
"Uap1",0.31005890222321
"Stx1a",0.31001658775021
"Dzip1",0.309994788059325
"Tnks1bp1",0.309974358969091
"Cntnap5b",0.309879496409352
"Mpp7",0.309874889956931
"Has2os",0.309814437742322
"Rwdd2a",0.309628516414359
"9630033F20Rik",0.309616668505738
"Smyd5",0.30957644478917
"Wbp1l",0.309439926211163
"Pik3ip1",0.309416654709367
"Irgq",0.309294090627976
"Hsd17b12",0.309254446834951
"LOC102640344",0.309229373750583
"Grip1os1",0.309228237768458
"Hcn3",0.309212529872096
"Rnaseh2a",0.309025532857279
"Snx31",0.308958220541776
"Tcp11l2",0.30892473097049
"AI593442",0.308909251147831
"LOC105247120",0.308884974281985
"3110002H16Rik",0.308884654485247
"Adam10",0.308827735226765
"Kcna2",0.308769635718289
"Wwox",0.308741931906056
"Pdgfc",0.308693732699927
"Fam78b",0.308597666972758
"Dus1l",0.30856733058869
"Mis18a",0.308556511010599
"Cntnap1",0.308505731806956
"Syt3",0.308493775233412
"Slc39a6",0.308406044044148
"Cyb5r4",0.308386939983324
"Fads3",0.308355515733526
"1810043G02Rik",0.308300775328269
"Tubb4b-ps1",0.308286110020205
"9230114K14Rik",0.308272964286093
"Riiad1",0.308250161444334
"Nkiras1",0.308230786376342
"LOC105246134",0.308200572770777
"Myadml2",0.308108969530752
"Armc6",0.308103697361299
"Podn",0.308078442714039
"Kcnj12",0.30803510084813
"Ptgs2os",0.307941065797607
"Myo5a",0.307855264953684
"Zfand2b",0.307851328169516
"Il15ra",0.307839999760635
"Sp7",0.307835900688257
"Mab21l1",0.307797381511092
"Pcdhgc4",0.307778035037069
"Sord",0.3077713756197
"Dcbld2",0.307675741249012
"Banp",0.307635636229923
"Fam98c",0.307583538947054
"Nrxn3",0.307498905454345
"Ift57",0.307374503171658
"Flrt1",0.307371627194487
"Git1",0.307338844264595
"Lrrtm3",0.307271506140439
"Furin",0.307209112349259
"Rfx3",0.307154304585906
"Paqr4",0.307113773830683
"Gpatch4",0.307109924773236
"Stx18",0.307108608172397
"Akap7",0.307017611655533
"Gba",0.306869736698686
"Fam131a",0.306853817711013
"Zfp688",0.306812036353391
"Zdhhc8",0.306799039891748
"Dhx32",0.306756138259877
"Fam151b",0.306755423010828
"Cnst",0.306653676981063
"Gdap2",0.30664843666391
"Fam171a1",0.306644673901679
"Pik3r6",0.306601902598891
"Nr3c1",0.306357663698004
"Timeless",0.306219424000983
"Sumf1",0.306173681828887
"Smad2",0.306036689191308
"Zc3h8",0.306022703139959
"Odf3l2",0.305977768265597
"Stk38l",0.305796629359656
"Mdm1",0.30562427503645
"Zfp945",0.305508668909989
"Ppil1",0.305340798977494
"Trpt1",0.305288884352162
"Katnbl1",0.30515460625757
"Osgin2",0.305153110383536
"AI854703",0.305114494101188
"Klf16",0.30502256163799
"LOC105247116",0.304904136455095
"Fkbp14",0.304873903474811
"Bbs9",0.304821897721337
"Zfp593",0.304768730533472
"2210408I21Rik",0.304740513146781
"St3gal2",0.304705853344898
"Sptssb",0.304696525737522
"Lrrc8d",0.304623811426796
"Rhov",0.304566987192823
"Dpysl4",0.304544609905757
"Lsm10",0.304525215161646
"Stambpl1",0.304519557241598
"Coro1a",0.304349628700994
"Slc50a1",0.304329735463893
"Tcta",0.304301804457038
"Etnk2",0.304177667727376
"Ngly1",0.304166898511325
"Susd2",0.304126439417128
"Dpp3",0.304097552077857
"Kcnma1",0.304075011067072
"Cabp1",0.304031084682234
"Fbxo18",0.303997119344624
"Cdh24",0.303951877983618
"Cdc40",0.303939406579362
"Ubxn8",0.303893285721176
"Pelo",0.303869744138232
"Aen",0.303837255029818
"Samd4",0.3035928868523
"Lrrc8c",0.303468439977663
"Nup50",0.303437021992629
"Syt13",0.303436634285216
"Dcun1d2",0.303331384128472
"Stt3b",0.303318956878233
"Rad51d",0.303276865722244
"Diras1",0.303249576365241
"Acvr1b",0.303131717951679
"Nav3",0.303129762531538
"Dennd4a",0.303112954128954
"Znfx1",0.303097956440403
"Sh3yl1",0.302968582770119
"Jakmip1",0.302940905205423
"Msto1",0.30293770466742
"Dpp9",0.302933585992769
"Syt9",0.302924615825134
"Tspan18",0.302887166706499
"Qars",0.302770762313562
"Zfp652os",0.302757925253906
"Alkbh2",0.302740173981227
"Ccdc113",0.302637483401936
"Phospho2",0.3026179998958
"Sla2",0.302546433416785
"Zfp697",0.302533807403817
"Kcne4",0.302495672691741
"Nudt14",0.302416940447582
"Zdhhc13",0.302359051362716
"2810025M15Rik",0.302344633258939
"Dmkn",0.302338397090279
"Ttpal",0.302336446748184
"Tub",0.302285937559848
"Cd320",0.302269661602138
"Agpat9",0.302121801859834
"Xxylt1",0.302049012246115
"Rassf5",0.302027286971136
"Dedd2",0.301936998067523
"Jak2",0.301929254474294
"Ppapdc1b",0.301860848418473
"Gpr137c",0.30182256883018
"Gyg",0.301820526919673
"Tcf19",0.301783507267001
"Ralgapa2",0.301765734013901
"Sh3rf1",0.301759329550767
"Mfsd6",0.30174734434535
"Ttc39a",0.301729360572861
"Siae",0.301723181333001
"LOC102638110",0.301713330804736
"Mest",0.301678582767799
"Zdhhc6",0.301662578718402
"Asl",0.301621887096444
"Zswim7",0.301508696390783
"Stk4",0.301463526838754
"Lyst",0.301306677810675
"A830011K09Rik",0.301297045531139
"Fam53a",0.301174112805986
"Atxn7l3",0.301107950339149
"Fbxo16",0.301081554370697
"Haus1",0.301004478364744
"AK129341",0.300953634837523
"Dnah7a",0.300949106281792
"Rundc3b",0.300802732680186
"Fam184b",0.300753971750165
"3110040N11Rik",0.3007520184959
"Fap",0.300718398730103
"Tmem42",0.300703584441485
"Ano5",0.300678299053557
"2310003H01Rik",0.300676400419582
"Mpg",0.300611702323946
"Pitpnm2",0.300553192086182
"Dtd2",0.30042415564637
"Tln2",0.300368819092818
"Thap3",0.300196396497599
"Ccdc138",0.300175492434196
"Abcc8",0.300162859900507
"Brf2",0.300131158222214
"Begain",0.30011748685181
"Atp8a2",0.300074084863476
"Hspb6",0.300034971007317
"Cebpg",0.300013095966507
"Lrrn2",0.299852758633785
"Dll3",0.299818090225189
"Upf3a",0.299807818979337
"1810055G02Rik",0.299662420260926
"Stat5b",0.299629948586467
"Slc30a4",0.29961231340075
"Fsd1",0.299584393604261
"Arfgap3",0.299483988414099
"Spred2",0.299419203804974
"Dnah14",0.299346822870578
"Zfp101",0.299262178253494
"Bend6",0.299186613133465
"2210016F16Rik",0.299139562923871
"Fam184a",0.299108617193513
"Baz1a",0.299092444043651
"Sumf2",0.298987439040058
"C230062I16Rik",0.298948949696983
"Dapk1",0.298895052136325
"Tmem25",0.298825390611159
"Lpcat4",0.298802748034601
"Slc35f6",0.298739946238511
"Slc18b1",0.298735091063946
"Rnf149",0.298733045150884
"Socs6",0.298680855083268
"Poc5",0.298550266007977
"A230083G16Rik",0.298537211522128
"Tbc1d24",0.29853637746706
"Lrrc48",0.298443697505666
"Rgs17",0.29837100016878
"Crem",0.298366352683003
"Flywch2",0.298351710844084
"Lysmd1",0.298309069477521
"Haus4",0.298260005215958
"Ap5m1",0.298094372260476
"Trpc1",0.298014542684611
"Klf15",0.297964981454617
"Actn2",0.297947261931887
"Slc7a4",0.297935591016791
"6030458C11Rik",0.297881138168366
"3632451O06Rik",0.297846164931188
"AU022252",0.297820156856383
"Pacrgl",0.29772242200255
"Tmie",0.297706138533308
"Ufsp1",0.297586114869237
"Mpi",0.297366846368996
"Atp6v0a1",0.297352267521418
"Casp8ap2",0.297305652431203
"Gsx2",0.297297770811234
"Rpgrip1l",0.297271822548793
"Tbl1xr1",0.297222999928233
"Thumpd3",0.297165153656347
"Map3k10",0.297108683344505
"Zfp35",0.29710133099196
"R3hcc1",0.297063113080325
"Mcts2",0.297053503838118
"Hspb11",0.297045096022652
"Ucma",0.297040133192509
"Lmtk2",0.297004245268315
"Ret",0.296971087932023
"Phtf1",0.296949257430621
"Ablim3",0.296838535654868
"Tbc1d7",0.296832248858691
"Rnf182",0.296751333355392
"Fam149a",0.296744522628605
"Csnk1g1",0.296652797685578
"Glipr1",0.296652121912624
"Haus3",0.296610640438813
"Gatb",0.296596755878193
"Nacad",0.296581976799944
"Arhgap44",0.296518463912523
"Wdr17",0.296513211473125
"LOC102633149",0.296451843983217
"Kat2a",0.296433976112418
"Mtmr4",0.296398290692512
"Mbd4",0.296300735408022
"Fkbp1b",0.296288779508005
"Galk1",0.296223526910471
"Vti1a",0.29622099822384
"Xrcc4",0.296220857363074
"Mon1a",0.296170445673719
"Adap1",0.296149181864457
"LOC105247240",0.296074021696044
"Med11",0.296051758133168
"Mmp9",0.296035030590636
"Ltv1",0.296031792884487
"Mthfsd",0.296030711539037
"Dtnbp1",0.296027559628221
"Zbtb8os",0.296022651565837
"Hmbox1",0.295969140419466
"Ptger2",0.295939935003108
"Rita1",0.29589279106244
"0610009L18Rik",0.295855310789987
"Tradd",0.295804319775561
"Pecr",0.295801899539337
"Plbd2",0.295716967048108
"Rgs7bp",0.295682662288399
"Hsd17b7",0.295635595345379
"Aacs",0.295611199910815
"Btn2a2",0.295551629895773
"Ldoc1l",0.29552829134246
"Arl16",0.295417401896731
"2310040G24Rik",0.2952755103596
"Zfp296",0.29524842546829
"4930430F08Rik",0.295216495609783
"Yae1d1",0.295163339119663
"Asns",0.295129284843567
"Bcl9",0.294943990841854
"Raly",0.2948606050804
"Lrrc57",0.29481484483476
"2010320M18Rik",0.294697948949184
"Cep164",0.294656514893531
"Pno1",0.294582263515893
"Dmrtc1a",0.294534385711606
"Osbpl6",0.294313237402075
"9330179D12Rik",0.294278263540198
"Acvr2b",0.294212809483222
"Fbxo34",0.29416264995755
"Vrk1",0.29409039911762
"Aard",0.294037567820077
"Khk",0.293925454765298
"Tecpr2",0.293915323112168
"Rftn1",0.293880055474589
"Slc17a5",0.293866840933477
"Tbc1d10a",0.293813184966526
"LOC105246970",0.293809584057063
"Naf1",0.293709107252943
"March2",0.293596107781531
"A930003A15Rik",0.293594114422318
"2810029C07Rik",0.293584226408311
"Ksr1",0.293516179579393
"Vwa5b2",0.293483510494496
"Smim8",0.293442474893314
"Mphosph6",0.29343203373436
"Ica1l",0.293409617986854
"Cpeb1",0.293378859032745
"Gatad2a",0.293365851515581
"B930041F14Rik",0.293365480179382
"Rpe",0.29334809173495
"Rabepk",0.293270161756359
"Ankrd40",0.293220433892516
"Kcnk9",0.293205427783462
"Ctnnd1",0.293188041625403
"Srr",0.29315973424453
"A230051N06Rik",0.293142689560166
"Ppargc1b",0.293113703130676
"Fkbp1a-ps1",0.293105673467982
"Sh3pxd2b",0.293090510479529
"Ddx54",0.293042423767422
"1110012L19Rik",0.292989520438639
"Ipo11",0.29294843700425
"Dtnb",0.292948396059847
"Hace1",0.292797833183859
"Gxylt2",0.292778345412432
"Crocc",0.292702861902543
"Mark4",0.292465513372789
"Sgcd",0.292463995617189
"Rwdd4a",0.292430808971987
"Grik5",0.292403014620873
"Prmt7",0.292380285052669
"Ppcs",0.292347235516523
"Rfesd",0.292292249254697
"Nelfcd",0.292285198503998
"Kdm3a",0.292265837416467
"Cdkl3",0.292262746605123
"Gal3st3",0.292240537233379
"Nupl1",0.292026560667597
"Blzf1",0.291884164538192
"Traf3",0.291875424267088
"Abtb1",0.291866352531983
"LOC102633151",0.291861661973329
"Klhl29",0.291818695492697
"Rhebl1",0.291732487320967
"Rpap2",0.291731708423489
"Sergef",0.291718197227431
"Tpm3-rs7",0.291717260400796
"Ero1l",0.291687506733181
"Slitrk5",0.291647690683625
"Apba1",0.291645717340674
"Galnt2",0.291552821343531
"St6galnac4",0.291546597317683
"Tlk1",0.291478585828101
"Ppp3cc",0.291460296782697
"Commd10",0.291417336490905
"Kcnq3",0.291416242763751
"Taf12",0.291412514562438
"Pgap1",0.291338584735992
"Zdhhc24",0.291280083396466
"Ddx49",0.291213619977365
"Lonrf1",0.291083617187203
"Zdhhc16",0.291027912216837
"Cpsf2",0.290945250865091
"Nck1",0.290934374934192
"Rrp7a",0.290865184862312
"Sprn",0.290849320386904
"Mterf4",0.290840588314065
"Sgsm1",0.290740718139138
"Supt3",0.290735896278963
"Pcgf5",0.290709723167694
"Mir344f",0.290688918396541
"Lrrn3",0.290676757975748
"4933439C10Rik",0.290671049494538
"Csnk2a2",0.290559971548128
"Asnsd1",0.29053600501982
"Fndc1",0.290532930046599
"Ogfrl1",0.290531171785736
"Ripply2",0.290527340570828
"Rpp14",0.290484333410737
"Slc39a13",0.290448151590845
"Samd12",0.290428855302187
"Mkrn2",0.290428248734319
"Tspyl3",0.290401106043195
"Smim4",0.290364092162176
"Gtf3a",0.290331671949213
"Smad1",0.29031777778768
"Rpusd1",0.290290766232337
"Mvb12a",0.290277133604122
"D19Bwg1357e",0.290197068982674
"Map4k5",0.290181987979959
"Dand5",0.290119460403925
"Gemin6",0.290104682603537
"Siah2",0.290086675481119
"4930429B21Rik",0.290081681228904
"Polr3c",0.290063881579184
"Rnf139",0.29003855346659
"Loh12cr1",0.289991689232602
"Atg4d",0.289983248598124
"Gar1",0.289843092265449
"Kif3b",0.289813337823924
"Gyk",0.289721064163273
"Sertad2",0.289666194851274
"Phyhip",0.28961894045204
"Polr2h",0.289613295789898
"Clip4",0.28958654497423
"Commd2",0.289579824878501
"2310069G16Rik",0.289532966005424
"Fbxo31",0.289474851190911
"Rnh1",0.289474168395572
"Galnt13",0.289430345195298
"Wnt16",0.289430069400518
"Lrg1",0.289375377286132
"Btbd10",0.28936247223494
"Lrrc28",0.289360638293935
"Slc29a4",0.289350524453986
"Glt1d1",0.289276376456925
"Fam65b",0.289227514494968
"Psen2",0.28921445826153
"Farp1",0.289204695943401
"A330040F15Rik",0.289139458797779
"Ccbl1",0.289119254033233
"Shisa5",0.289082784954921
"Vps4b",0.288904212571581
"Gas8",0.288895792821822
"Tyw5",0.288883452245266
"Grwd1",0.288861517773714
"Ache",0.288843243030165
"Tada3",0.288813369344433
"Naga",0.288802631498908
"Qpctl",0.288756194305367
"Mex3b",0.288715582405386
"Irs2",0.288703488868784
"Gys1",0.288702995823712
"Tusc1",0.288688624774224
"Fen1",0.288660452236514
"Rmnd5b",0.288605721073927
"Dnajc1",0.288533392172912
"C78339",0.288467801028505
"Npc1l1",0.28842467318074
"Eid2b",0.288370256599717
"Ap5s1",0.288279539503645
"D230025D16Rik",0.288255544314619
"Frmd3",0.288185983563264
"Ephb2",0.288173283096234
"Iah1",0.288163825953431
"Prrt4",0.288157086268064
"Ulk4",0.288068078876592
"Tctn2",0.288019253707098
"Faxc",0.287984078880563
"D6Wsu163e",0.287956007324918
"Sgpp1",0.287946764864938
"Spin2c",0.2879443281823
"B4galt7",0.287936432957146
"Rad1",0.287918709491864
"Zfp667",0.287837488378155
"Phkg2",0.287825953525905
"Ascc1",0.287800850204895
"Stat4",0.287780204343158
"Dolk",0.28775437353181
"Kdm7a",0.2876948664221
"4930526I15Rik",0.287642475215221
"Elmod1",0.287640514565172
"Fam73b",0.287516636172103
"Ulk3",0.287425364147439
"Ckap4",0.287372201014164
"Zfp943",0.28736451911842
"Mfsd8",0.287348925698551
"Cyb561d2",0.287262750359808
"Tnnc1",0.287260180876467
"Chrac1",0.287205002259567
"Thumpd2",0.287178520191157
"Ccdc181",0.287176645283211
"B3galt5",0.287168899366267
"Tmsb15b2",0.2870797788061
"Dph5",0.2870640490678
"Uros",0.287056076654278
"Bbx",0.28701119438374
"Scrn3",0.286995220581132
"Eno1b",0.28697995192609
"Rps6kc1",0.286900230647754
"Arsa",0.286882586893577
"Nipal3",0.286851786526684
"Tmem198",0.286798166874803
"Sgtb",0.286778465481593
"BC023829",0.286705214144138
"Ssx2ip",0.286698965875397
"Vkorc1l1",0.286543806053854
"Trpm2",0.286542267279425
"Ccdc148",0.286540388367365
"Flot2",0.286502548768464
"Ptpn1",0.286451740055106
"9230110C19Rik",0.28636566603123
"A330008L17Rik",0.286315352129909
"Pgm2",0.2863118334074
"Zfp758",0.286259518275725
"Edem1",0.286122704707535
"Ppm1m",0.286115468751293
"Pex16",0.286103708281795
"Mettl21a",0.28606351888974
"2310030G06Rik",0.286007427544307
"Esrra",0.285993494958118
"Usp12",0.285982528881023
"Klhdc1",0.285973705298045
"Slc35b3",0.285940909060463
"Bloc1s6",0.285916340087765
"Bnip1",0.285914288765424
"Hecw2",0.285893205757607
"Setd8",0.285874010027299
"Fbxl6",0.285843730520208
"Cd3eap",0.28580162931977
"Mkrn3",0.285800008952783
"2210404O09Rik",0.285797131372069
"Adam19",0.285762785588735
"Asb8",0.285718451717345
"Rnf165",0.285646605865908
"Tbca",0.285586719973141
"Ftsj3",0.28556536222828
"Yipf1",0.285518005756353
"LOC105245148",0.285517455128695
"Pnp2",0.285387709040653
"Acot8",0.285328977066539
"Tmem241",0.285269690388678
"Fkbp11",0.285203074916934
"Gabrg2",0.285181983314686
"Atp13a3",0.285114130995771
"Ctnnbip1",0.285061529736895
"Ino80b",0.285040989209238
"Ppil6",0.284982678345609
"Kalrn",0.284916939412887
"Zfp942",0.284914295857261
"Slc37a3",0.28476182590127
"A730009L09Rik",0.28472691461676
"Ccpg1os",0.284659907866926
"Klc4",0.284658185247418
"Vhl",0.284628902225957
"Cdc34",0.284593325847038
"Fcho1",0.284585492567881
"Disp1",0.284567915146894
"Trub1",0.28448774927734
"Pcdhac2",0.284478366687489
"Depdc7",0.284472883676876
"Josd1",0.284398220909744
"Piezo2",0.28438365011571
"Ahcy",0.284379027891875
"Rpf1",0.284375217226012
"Stard9",0.284365777209663
"Aar2",0.284361037138358
"Nudt18",0.284295579054158
"Smarcd3",0.284292855375981
"Trhr2",0.284284980502563
"Dclk2",0.284226984817646
"Mblac2",0.284210732466596
"Dcun1d4",0.284131225071909
"Zfand1",0.284127496296805
"Wrap73",0.283978284937762
"Tmem237",0.283962745340549
"Enho",0.283952771156657
"Uvrag",0.28391146202109
"Myc",0.283743009462006
"Agbl3",0.283552384095695
"Ptrhd1",0.283550296693209
"Ift52",0.283545306296387
"Sun1",0.283543330615026
"Rad50",0.283530698163183
"Cfap45",0.283475828879373
"Tctn3",0.283425663786026
"Setd4",0.283331089258077
"5330426P16Rik",0.283327044807626
"Trpc7",0.283317339589398
"Rrp36",0.283314316862272
"Psmg1",0.283170085113987
"Pbx2",0.283129095228726
"Ccdc30",0.283082481242947
"Igh",0.283033887500064
"Ppih",0.282985727085269
"N6amt1",0.282959196001215
"Zfp955b",0.282910582441792
"Morn2",0.282891703238349
"Large",0.282854708982186
"Tbc1d9",0.282841169945509
"Dpagt1",0.282769040467572
"Gtf2h4",0.282706417277296
"Inpp5k",0.282694433437521
"Rnf38",0.282580746782303
"Peg10",0.282518405763011
"Axin2",0.282509644736751
"Umps",0.28240634356103
"Lrrc49",0.282352699814445
"Dscr3",0.282231822063112
"Cstf1",0.282214857787155
"Ptk2",0.281943063070504
"D10Bwg1379e",0.281919641173718
"Ogfod2",0.281817228140313
"Rnf32",0.281795895077979
"A730056A06Rik",0.281730399381086
"Sema6c",0.281729892597361
"Trappc12",0.281676083652138
"Klc2",0.28159148313205
"Fam160a1",0.281580363600762
"Wdpcp",0.281527539672874
"LOC105245826",0.281440678560764
"Spata7",0.281425985944344
"Nsun2",0.281406542738498
"Pla2g12a",0.281348280321057
"Tex9",0.281300366230221
"2610044O15Rik8",0.281254162643489
"Cblb",0.28117965703733
"Panx2",0.281137971368829
"Zfp946",0.281128052785238
"Mapk14",0.28105624898836
"Paqr9",0.280989100326813
"Mppe1",0.280968957167723
"Arhgef4",0.28088151383702
"Abcd4",0.280825747331359
"Nabp1",0.280822010240544
"Zzz3",0.280799273423078
"Ubr7",0.280787835058485
"Nol4",0.280754216671674
"Mphosph10",0.280723879991712
"Mis12",0.280580501095448
"Abhd6",0.28056085624541
"Lhpp",0.280536898598371
"Dnpep",0.280493404524086
"2310009B15Rik",0.280463183898913
"Cdk7",0.280446316717923
"D030054H15Rik",0.280415189737791
"2610301B20Rik",0.280405033842411
"Pddc1",0.28038612288393
"LOC105244016",0.280381305841345
"Fntb",0.28035431132508
"Ino80c",0.280350188602568
"LOC102634481",0.280315109308727
"Slc35a1",0.280304265367154
"Saysd1",0.2803006452096
"Abl2",0.280211759243643
"Tigd2",0.280207364034645
"Chml",0.280184968503625
"Vsnl1",0.280163865545818
"Odc1",0.280146778877765
"Nckipsd",0.280120078100116
"Zfp707",0.280116403349128
"Tnip2",0.280074191325537
"Orc5",0.280072235722439
"Gpank1",0.279894205193955
"Arel1",0.279869412254978
"Zmiz1os1",0.279868574710467
"Cnot11",0.279827629362322
"Mast4",0.27982477211306
"Chmp6",0.279781208903276
"Sat2",0.279772074601218
"2810004N23Rik",0.279753512357465
"Cog6",0.279684731737412
"Rimkla",0.279641203613444
"Hecw1",0.27963449682864
"4833412C05Rik",0.279632697092288
"Hebp2",0.279629179598875
"Mfsd5",0.279431368008837
"LOC105244038",0.279388910646803
"Omg",0.279378965869013
"Batf3",0.279265130523557
"Adprm",0.279244146365395
"Spag6",0.279243970044859
"Marcksl1-ps3",0.279239934241843
"Lin7b",0.279224755758515
"Fam175b",0.279168047151371
"Fam154b",0.279079672270991
"Tbc1d10b",0.278990686621738
"Hexim1",0.278928726771631
"Pknox2",0.278915697158738
"Pgbd5",0.278909071584005
"Hectd2",0.278885205867657
"Thap4",0.278808228028851
"Tmem101",0.278795258010674
"Tnip1",0.27879245257332
"Erich1",0.278759807878555
"Gas2l1",0.278727791904604
"Npbwr1",0.278678683825452
"Trmt5",0.278637386132003
"Tnc",0.278597654961605
"Ankrd34a",0.278561534155613
"Xpnpep1",0.278556960563778
"Tmem184c",0.278534932563519
"Adcy5",0.278505362224198
"Rabgef1",0.278465858408046
"Agpat3",0.278438635072851
"Zfp386",0.278434918943981
"Gpd1l",0.278406271488136
"Ubtd1",0.278398444153541
"Kcnj9",0.278395664759107
"Fam69a",0.278366351942476
"Slc4a7",0.278349156932905
"Ada",0.278234525989275
"Wdr60",0.2782018654839
"Pomk",0.278200166742475
"Zfp2",0.278112611095298
"Tmem17",0.278037278215911
"Slc2a8",0.278016740202579
"Prkd3",0.278012437853602
"Alg1",0.277973699717394
"Pik3cb",0.277945663053095
"2310057M21Rik",0.277935877163103
"Ipmk",0.277919852701879
"Sesn3",0.277910695772327
"Slc35b4",0.277849082091432
"Sil1",0.277845097837978
"Asphd2",0.277819370208723
"Trerf1",0.27779527390053
"Nxpe3",0.277793690347056
"Tdp2",0.277789918342579
"Cyfip1",0.277754604017848
"Gnpnat1",0.27771807571817
"1700037C18Rik",0.277698637003359
"Pttg1",0.277680272473077
"Scai",0.277659854460111
"Trpv2",0.277655152013051
"Zfp580",0.277648797289386
"Zbtb17",0.277635511396576
"Arhgap1",0.277402673461916
"Pfdn4",0.277293208897058
"Rnf170",0.277277623058239
"6330419J24Rik",0.277237222423115
"Zfp180",0.277216636258582
"Ppm1f",0.277208382908701
"Synrg",0.277176311735374
"Fam43b",0.27717549366998
"Clvs2",0.277157019052212
"Fn3k",0.277138083687524
"Rims1",0.2771178498371
"Atxn1",0.276908439380603
"Cgrrf1",0.276726282989711
"Cwc25",0.276708447453377
"Nop14",0.276661886317548
"Nup107",0.276602750620105
"Mea1",0.276573568335143
"Fgfr1op",0.276486030112872
"Slc41a2",0.276481650841321
"Akap17b",0.276419272354505
"Scly",0.276383798214178
"Dgke",0.276336490552585
"Rnf19a",0.276326652943102
"Hivep3",0.276300120449952
"Fam13a",0.276244553446301
"Acss2",0.27620326349438
"4632428C04Rik",0.276185741435901
"Kptn",0.27616742011494
"Dopey2",0.276164876458431
"Kifc2",0.276147227367373
"Scn1a",0.276143343011591
"4930453N24Rik",0.276114255543208
"Mettl6",0.276104141533798
"Mir132",0.276088615732962
"Asb6",0.276043281278313
"Gpr137b-ps",0.276041412884284
"Aldh3b2",0.275998896518504
"Katnb1",0.27597537701929
"6030419C18Rik",0.27595172509921
"Shank2",0.275911714346451
"Lyar",0.275878934868865
"Spred1",0.275857056144605
"Lclat1",0.275745360311824
"Tmem192",0.275705129957001
"Gdpgp1",0.275686112982913
"Mettl1",0.275675125891693
"Tmem115",0.275653834668729
"3110039M20Rik",0.275633029636046
"LOC105243177",0.275603533518846
"Rpain",0.275536761700282
"Atmin",0.275520236293234
"Lrsam1",0.275474126703568
"2310067B10Rik",0.275403687512274
"Plcz1",0.275256058462684
"Hist1h1c",0.275229563072586
"Smyd3",0.275186491934032
"Prr3",0.275161802113934
"Isy1",0.275016565783309
"Parp1",0.275008379250389
"Entpd7",0.274999145232457
"Elp4",0.274956375554242
"Kcnn1",0.274933843910363
"Kti12",0.274909533664987
"Daglb",0.274895305207723
"Clec11a",0.274892732657548
"Cacfd1",0.274852769330848
"Atg4c",0.274795055257683
"LOC101056159",0.274781186553847
"Cacna1b",0.27475629512462
"Cdk5r2",0.274712319829938
"Sestd1",0.274669316662266
"Mfhas1",0.274636868770343
"Tle6",0.274598545507559
"Zfp948",0.27459261348068
"Slk",0.274563456645832
"Tex30",0.274562209539094
"Mmd",0.274447630573722
"Abhd14a",0.274439666033709
"4732471J01Rik",0.274413499887782
"Pdcd2l",0.274376889166153
"Tmed8",0.274358940723453
"Klf12",0.274358724078954
"Vipr2",0.274352437416531
"Ranbp9",0.274287722692945
"Lrrc14",0.274184219789974
"Mok",0.274177141861663
"2610316D01Rik",0.274175323732567
"Stam2",0.274101061181385
"Gnptab",0.274100365826352
"Mtmr7",0.274094463446142
"Trak2",0.274031319879903
"Lrrc40",0.273990278207211
"Trmt10b",0.273972618089469
"Nipal2",0.273949003436538
"Pcx",0.273946683558272
"Mfap3",0.273808592848184
"Mfap3l",0.273703830503926
"Hcfc2",0.273570894154253
"Rps6kl1",0.27355477376068
"Kcnq4",0.273552332917105
"A930018M24Rik",0.273531662511479
"Slc35c2",0.273491765641527
"Tbc1d9b",0.273487872792779
"Cops7b",0.273469407894041
"AI115009",0.273467187744773
"Plk2",0.27344335968258
"Slc9a5",0.273438821775747
"Eif2a",0.273421104315044
"Eif2ak1",0.273411344438566
"Zfp704",0.273399337115701
"Dpp6",0.273365955962161
"Sec22a",0.273254756741061
"Rabggta",0.273241324092252
"Riok2",0.273212409759005
"Hmgb1-ps4",0.273203692202004
"Tll1",0.273161572071597
"Znhit2",0.273093523752006
"Dcp2",0.273054390960932
"Fuca2",0.273040400517386
"Tbc1d2b",0.272954796599183
"Dppa1",0.272941899349106
"Mtus2",0.272925142933286
"Por",0.27292323654269
"Usp31",0.272876465761085
"Fam58b",0.272830175343123
"Exoc8",0.272805230225641
"Camkmt",0.272804526483245
"Klhdc9",0.272753597787143
"Hspa13",0.272749816141336
"D030055H07Rik",0.272739071915054
"Dgcr6",0.272701673606756
"Rnf19b",0.272687832323704
"Tsen2",0.272677997708015
"Ccdc115",0.272650150225335
"Mgat2",0.27264949567924
"Amz2",0.272642154616434
"Wdr53",0.272636444139856
"Abt1",0.272627534783595
"Thap1",0.272599706594685
"Cacna1c",0.272579969732174
"Pdcd7",0.272568904401213
"Iqsec1",0.272559536317038
"Inip",0.272545962260257
"Dnajc12",0.272506677059187
"Gale",0.272456084022902
"Fbxl3",0.272433715969444
"Hmgcr",0.272389750033705
"Slc39a10",0.272387633826974
"Ccng2",0.272365002520954
"Fry",0.272320473698178
"Egln2",0.272300616519727
"Has1",0.272272516985608
"Foxp1",0.27224608876669
"Otud3",0.272245975204965
"Mir344i",0.272237463107768
"Ptpn20",0.272163519188568
"Dym",0.272086227241285
"Usp3",0.272065606506429
"Ccdc86",0.272030725183226
"Sesn2",0.272021150425778
"Ppapdc3",0.271945387890288
"Tmem117",0.271941813587637
"Slc38a4",0.271937821652935
"Ppp1r1c",0.271906106715407
"Man2a1",0.271902848261684
"Atg101",0.271896912083673
"Cyb5d2",0.271881972663896
"Pex7",0.271843105795308
"Focad",0.271753641056871
"Mettl22",0.271743761834776
"Oser1",0.271696142225852
"Stxbp4",0.271611050616916
"Ncor2",0.271594127761666
"Oscp1",0.271577586628824
"Ubxn2b",0.271570692409003
"Nmrk1",0.271523750469505
"Panx1",0.271487884410685
"Snupn",0.271398821847609
"Arfgef2",0.271345670216926
"Tbc1d22a",0.2713378653724
"B4galnt4",0.271232563136663
"Fbxl21",0.271211143935755
"Exoc2",0.271198038523931
"Emc7",0.271194924025302
"Utp15",0.271179193344844
"D930015E06Rik",0.27116703460033
"Akr7a5",0.271153280931969
"Btbd6",0.2711316372324
"Fam129a",0.271115975750411
"Npffr1",0.271046902658924
"Foxk2",0.270888339501504
"Zpbp",0.27087575011662
"Aagab",0.270866239300371
"Otud7a",0.270846041925325
"Rilpl2",0.270786835116407
"Kcnc3",0.270679813886334
"2310033P09Rik",0.270642498173507
"Slc33a1",0.270628327454454
"Lekr1",0.270566156257387
"Adrbk1",0.270561680917917
"Adora2a",0.270510187349459
"2010107G23Rik",0.270440864894021
"Msantd3",0.270439299779746
"Msh2",0.270423034114722
"Hmces",0.270407366747228
"Gosr2",0.270350016840993
"Knop1",0.270336700124866
"Fbxl15",0.270331746066682
"Thoc3",0.270322718091428
"Klhl23",0.270314395943249
"B9d2",0.270283792611152
"Stau2",0.270214451428984
"Thap7",0.270185957063502
"Gpr68",0.270185211149417
"Aaas",0.270159685814972
"Cldn1",0.270152698755183
"Kctd2",0.270149967716604
"LOC105242387",0.270116967284618
"Dnajc14",0.270095476748895
"Fut11",0.270091053225755
"Ncoa3",0.269960049996014
"Fam53c",0.269887444706704
"Esr1",0.269817800790409
"Zhx3",0.269747706580372
"Wdr83",0.269683256036025
"Ahcyl2",0.269651647311622
"Zfand2a",0.269619259039756
"1110046J04Rik",0.269604145323739
"Ooep",0.269595392984073
"Acot3",0.269573110351779
"Cpsf3l",0.269537826550938
"Tmub1",0.269490451710421
"Sh3bp5",0.26944992116252
"Lmbr1",0.269443385785125
"Ppp1r16a",0.269441006902883
"Znrf1",0.269357499518884
"Bcap29",0.269337131641256
"Trmt6",0.26923901605895
"Kcnk13",0.269238698542435
"Ppp2r5d",0.269201307486952
"Prrt2",0.269200145078997
"Pigc",0.269177388555079
"Corin",0.269171980251136
"Cdk15",0.269150204566201
"Armc9",0.269132823531797
"Kcna5",0.269097177953916
"Lphn3",0.269090588051113
"2310022A10Rik",0.269068622677225
"Rps4l",0.269057157526588
"Ctnna2",0.269032700090921
"Prkrir",0.268887279899418
"1810011O10Rik",0.268869915740234
"Mettl14",0.268854316270956
"Hes7",0.268845234095855
"Ssh1",0.268834710037011
"Asb13",0.26882499198909
"Ggct",0.268822838454056
"Tada2a",0.268813270612601
"Lin37",0.268752850873304
"Ttll5",0.26874779160082
"Gpatch11",0.268728391673296
"Mapk12",0.268684733375124
"Fem1a",0.268634800859215
"Rab27a",0.268626227485685
"Narf",0.268489281222454
"Imp4",0.268485503235273
"Fam73a",0.268384462445705
"Tnfsf13b",0.268377106921516
"Socs7",0.268338456357252
"Dph6",0.268269994433823
"Pms2",0.268249667551978
"Tmem169",0.268219524165205
"Cdr2",0.268212504457833
"Aff3",0.268205351547618
"Lrp12",0.268183418528537
"Ccm2",0.268154587182387
"Rcl1",0.268152171227702
"Zc2hc1a",0.268086041254073
"Rbbp5",0.268039639053977
"Thoc6",0.26803268294149
"AW209491",0.267986342951012
"Gpn3",0.267969157458805
"Zdhhc4",0.267963415920476
"Stx4a",0.267920603883605
"Cybrd1",0.267902829060824
"5430416N02Rik",0.267896491486749
"Ralgps2",0.267868270513993
"Ndst1",0.267831028843561
"Zfp277",0.267772426867426
"Hdlbp",0.267755882212334
"Emp2",0.267643342851517
"Rrm2b",0.267641282411905
"Laptm4b",0.267630136252763
"Ift88",0.267622871552565
"Msantd1",0.267603205863486
"Cnppd1",0.267561738866227
"Pank1",0.267541448827407
"Kbtbd4",0.267530478637191
"Phactr1",0.267527668125125
"Csrnp2",0.267457424161037
"Snx16",0.267455954479564
"Akt3",0.267409040945172
"C330007P06Rik",0.267384570202431
"Dnajb1",0.26735250297478
"Uspl1",0.267323192734504
"Nfkbiz",0.26731391958477
"Cog4",0.267172021411009
"Drd5",0.267171058980779
"Hgsnat",0.267162376868878
"Pigq",0.26704727586262
"Ranbp6",0.26701414826149
"Bop1",0.267009029766411
"Man1a2",0.267007185710598
"Nubp1",0.266747877203925
"Ift74",0.266705164418461
"Fam161b",0.266688859016382
"Cinp",0.266601641696634
"Akt1s1",0.266585592073517
"Ptpn5",0.266567962374202
"Megf9",0.26648931346553
"Ankrd32",0.2664475760355
"Gstm4",0.266403631462537
"Hspe1-rs1",0.26638305592511
"B4galt2",0.266379980296032
"Dek",0.266344785596987
"Ocel1",0.266337226732943
"Bzw2",0.266331665943953
"Prmt3",0.266327848152346
"Kctd10",0.266292336820903
"Mocs3",0.266199352254948
"Il4ra",0.266184956794392
"Arhgef17",0.266141187404412
"Syce2",0.266115426556023
"G530011O06Rik",0.26611166765026
"Klhl3",0.266100195977413
"Plcl2",0.266081536358106
"Gipc2",0.266004496367796
"Lman2l",0.266003349289309
"1700030L22Rik",0.265936579427805
"Chac2",0.265877156065476
"Phf1",0.265819988498281
"Mcm6",0.26580103050137
"Dpp7",0.265748859385202
"Mc5r",0.265745873056146
"Nol4l",0.265593342857911
"Stc1",0.265590578864505
"Tchh",0.265565803992778
"LOC105245781",0.265458163476878
"Mtor",0.265437653683496
"Rhbdd3",0.265295633489379
"Maml3",0.265271648997141
"Dpcd",0.265195229840438
"Slc39a2",0.265170258970882
"C330006A16Rik",0.265164865985789
"Slc29a2",0.265143209316141
"Zfp811",0.265140579248928
"Nsun7",0.265085965239912
"Ccdc122",0.265045097955432
"Csnk1d",0.265043980806026
"Arhgef11",0.264994876505518
"Stim1",0.264989642885461
"Herc3",0.264976097313029
"Apmap",0.26495349234893
"Lrp8",0.264941267993703
"Maneal",0.264937439760517
"Zcchc6",0.264838965095207
"Ski",0.264802738545174
"E2f4",0.264795093317768
"Kif3c",0.264727663497947
"Ikbkap",0.264720167826708
"Thoc5",0.264716858074404
"Asphd1",0.264670085904114
"Pdcl3",0.264630259049562
"Fbxo41",0.264621410505625
"Sec23b",0.264620715653376
"Nmnat1",0.264613012319297
"3632454L22Rik",0.264582964390771
"Mypop",0.264560315143867
"LOC105246846",0.264553558898099
"Plaur",0.264532874945464
"Rnft2",0.264511035542466
"BB557941",0.264506052934636
"Pik3r1",0.264497848616233
"Ccdc129",0.264451269508021
"Mtx3",0.264437080058433
"Col6a3",0.264428713956472
"Zfyve19",0.264389641584034
"9530080O11Rik",0.264324937889037
"Wdr55",0.264306427177603
"1600029O15Rik",0.264298018746271
"Oard1",0.264274439223466
"Spata1",0.264202212274741
"Acer3",0.264175166373223
"G630018N14Rik",0.264146454966223
"Vps51",0.264132629097564
"Rngtt",0.264080594221829
"Plod2",0.264079728361032
"Lrrc8a",0.264023998936623
"Slc45a1",0.263943830691712
"Sfmbt2",0.263938931038283
"Rnf113a1",0.263923995224892
"Fam65a",0.2638496262979
"Wwc2",0.263840997479504
"Zbtb45",0.263802469400816
"Rrp9",0.263755183332105
"Ccdc136",0.263742635985702
"Lrrc24",0.263692436095676
"Naa30",0.263677745506262
"L3hypdh",0.263671036456789
"Pcnx",0.263595825110852
"AW495222",0.263558134985264
"Jazf1",0.263550484023121
"Fbxo45",0.263535887929762
"Utp23",0.263474878583458
"Akr1e1",0.263439757388351
"Ppp6r1",0.263436966117314
"Spred3",0.263432348994656
"Vrk3",0.263414645706033
"Cnnm2",0.263381184797709
"Etf1",0.263354265905665
"Pip5k1a",0.263320346694993
"Lrfn1",0.263295972883366
"Pla2g4e",0.263277227922998
"Cep83os",0.263255824371239
"Zmynd19",0.263249528489181
"Ankrd45",0.263248658556196
"Alg5",0.263218764851911
"Rcbtb2",0.263144032915572
"Ankrd13b",0.263097728451952
"Slc36a4",0.26309496863276
"1500009C09Rik",0.263054104313257
"Rce1",0.263029826348562
"Iqcc",0.262990171387013
"Tdg",0.262978170538885
"Acvr1",0.262967118313907
"Dact3",0.262953156278146
"Tmem116",0.262929484953481
"Pgm3",0.262926296095658
"Vps37c",0.262891056498021
"Rps6ka4",0.262807206967014
"Traf3ip1",0.262791809200707
"Zc3hc1",0.262786067043671
"BC022687",0.262761787050289
"Dcaf12",0.262758963487098
"Cbwd1",0.262716310307321
"L3mbtl3",0.262669940440663
"Ino80d",0.262657278524268
"Prkaa1",0.262645749957038
"2210015D19Rik",0.262641662552618
"5330438D12Rik",0.262575379062803
"Nampt",0.262565669514289
"Anxa7",0.262565197417728
"Edaradd",0.262559344079521
"Ttc27",0.262499855340661
"Zfyve9",0.262474608508844
"Abcb1b",0.262467978015891
"1700028P14Rik",0.262463109053307
"4930506M07Rik",0.262452275536
"Iqsec3",0.262450884513259
"Amdhd2",0.262381731073242
"Gas7",0.262301331041636
"Creld2",0.262283998142681
"Pgam2",0.262231614702003
"Fam160b2",0.262227570506025
"Bche",0.262190642594112
"Brdt",0.262181585253258
"Gclc",0.262113121695631
"Ankrd13d",0.262096547496065
"Mturn",0.26195182544438
"3830406C13Rik",0.261910728276683
"B4galt5",0.261816609323416
"Rab2b",0.261816226902595
"Smpd4",0.261807860202873
"Def8",0.261778625256256
"Plekha7",0.261667412439153
"Snhg10",0.261635769283176
"Dancr",0.261600545864868
"Fmn2",0.26160018166807
"Rexo4",0.261547701947444
"Phf10",0.261526814041002
"Tollip",0.261521248052512
"Fam189b",0.261517844230757
"Edc3",0.261488276264501
"Ubap1",0.261454504654204
"Fkrp",0.261433854098588
"Vps33a",0.261419836034647
"Gpbp1l1",0.261402742448621
"Cntln",0.261354405377446
"Dhx40",0.261344757680234
"Pkp4",0.261322830914628
"Abhd17c",0.261298835953705
"Xkr6",0.261283168088575
"Cbll1",0.261245971997805
"Tmem109",0.261218999687591
"Parg",0.261201247657692
"Zhx1",0.261156673016849
"Rptor",0.261095490240999
"Hook1",0.261082487200069
"Tubg2",0.261066651262862
"Slitrk3",0.261063956772801
"Nhlrc1",0.261063440892713
"Krt9",0.26102137083983
"Ncan",0.260997522104579
"Nol12",0.260995427874815
"Mif-ps1",0.26095923633625
"Gpaa1",0.260953123602089
"Zfp281",0.260882535051178
"Bloc1s3",0.260868600256338
"Trim27",0.260845370986648
"Fbxl2",0.260813440452953
"Iffo1",0.260682213260102
"Nat6",0.260677874733472
"Elk4",0.260655504717932
"1700007P06Rik",0.260611075222469
"Wars",0.260601274332314
"Lrrc20",0.260585083319882
"Uck1",0.260524913282352
"Dcaf5",0.260520665649436
"Gpr137",0.260518882618416
"E430025E21Rik",0.260501774223826
"Ccdc6",0.260462480827868
"Rhof",0.260432601646053
"Polr1d",0.260366925248918
"Ift122",0.26035940001412
"Tmem185b",0.260359040431238
"Syn3",0.260324687353484
"Rufy1",0.260319563639815
"Tmprss7",0.260302608455141
"Aamdc",0.260256158154243
"Csrp2bp",0.260247719106077
"Spats2",0.260207159323813
"Apba2",0.260188535991903
"Ccl25",0.260179308428309
"Gnpat",0.260104130765301
"Nprl3",0.260086314432765
"Phtf2",0.260069670001972
"Srsf12",0.260048869250559
"Mras",0.260034774990589
"Mboat2",0.260027585195568
"Ccdc23",0.260008199561647
"Eftud2",0.259973901951819
"Bai1",0.259953016843113
"Psmg3",0.259920405182252
"Kcnh4",0.259919064967379
"Susd6",0.259915682923167
"Apip",0.259826575759109
"Pex10",0.259791532162363
"Zfp874a",0.259769009325154
"Zfp770",0.259762940455096
"Klhl8",0.259748398417834
"Syngr1",0.259718588062039
"Zfp87",0.259671335443944
"Wnk2",0.259660704319336
"Tmem245",0.259622164903819
"Zfp715",0.25960844603007
"2610306M01Rik",0.259558928645724
"Adamts20",0.259542494198125
"Copg2",0.259518165966755
"Cish",0.259362714449106
"Nup54",0.259358601973977
"Vasn",0.259331710458492
"Atxn3",0.259253360552756
"Prkar2a",0.259230819883373
"Pcnt",0.25919883342845
"Tmem259",0.25919653957057
"B3galt6",0.259188977411028
"Pwp1",0.259156392109014
"Spast",0.259154525654362
"Camkv",0.259132656163161
"Aven",0.259114690726207
"Tmem18",0.259107348571426
"Zfp672",0.259100584557192
"Pip4k2b",0.259091187516543
"Htr5a",0.259062031983973
"Csnk1g2",0.258997775607534
"St3gal5",0.258942729621098
"Npdc1",0.258933058049237
"Wdr92",0.258922303749762
"Pycrl",0.258909831438509
"Prss36",0.258906535542654
"Sntg2",0.25885934015207
"Snrnp35",0.258728924502145
"E2f6",0.258696990841123
"Fam188a",0.258668561176335
"Ccdc130",0.258597679818812
"Xrcc1",0.258565237710903
"2810032G03Rik",0.258517824812921
"Pcsk4",0.258509978271247
"Ccdc71l",0.258504582731156
"Fam149b",0.258495839875028
"Zfp809",0.258479723119343
"Rnf34",0.258442104964823
"Exoc5",0.258440650228822
"Ttc7b",0.258419361436443
"Srp54c",0.258396387228971
"Slc4a8",0.258383763613654
"Vps52",0.258377143570124
"Stat3",0.258371980114255
"Cth",0.258305501456956
"Tbc1d5",0.258276672688422
"Trnp1",0.25827469533393
"Per1",0.258265690512106
"Sap30bp",0.25817353394107
"Fgf14",0.258048510692249
"Golga5",0.258044478919365
"Cant1",0.258010544941531
"Yipf2",0.257969343276401
"Mbd5",0.257962130855552
"Dph1",0.257961475997848
"Slc39a11",0.257937378881795
"Pxylp1",0.257899958671434
"Wdr35",0.25787075057952
"Pias3",0.257835667178836
"Htr5b",0.257756541908172
"Txnl4b",0.257737772710517
"Stambp",0.257706346113257
"Fam171a2",0.257694648610702
"Lrpap1",0.257671746064751
"Ksr2",0.257661538520982
"Avpi1",0.257648291474208
"Ing1",0.257629680356003
"Tmem214",0.257591490251765
"1700034G24Rik",0.257512513999048
"Tma16",0.257458068369808
"Tmem229b",0.25742428967905
"Ncbp1",0.257394702131601
"Tdrd3",0.257335469615997
"Rpf2",0.257298062073196
"Ddx24",0.257270414795027
"Gga3",0.257210203208152
"Faim",0.257208994771445
"Mmp11",0.25716730286834
"Sec22b",0.257151589307458
"St3gal3",0.257142050156891
"Med20",0.257137297204495
"Akr1b3",0.257124962739821
"Dleu2",0.257113022929001
"B630019K06Rik",0.257091837852834
"Polr3k",0.257072423030126
"Asxl2",0.257038780348564
"Kxd1",0.257024709642575
"Nomo1",0.257020605539292
"2810408M09Rik",0.257018345622202
"Nol8",0.256996656574376
"Ube3c",0.256976606465856
"Nr2f6",0.256911322332851
"Usp20",0.256814802741601
"Rnf168",0.256800042230487
"Moap1",0.256799436520266
"Dpp8",0.256793894570776
"Bach1",0.256781509907231
"Ankrd27",0.256768994851246
"Tmco5",0.256759310434627
"Fam219a",0.256655600622323
"Senp8",0.256654074773754
"LOC101055754",0.256597878854184
"Zfp286",0.256596548799713
"Impdh1",0.256479314054385
"5730409E04Rik",0.256478055837846
"Thap11",0.256472214728156
"Trak1",0.256466024415325
"Wdr7",0.256428484276332
"Ube2o",0.256399409265737
"Mtf1",0.256341331291645
"Decr2",0.256317120102418
"Ykt6",0.256247431305506
"Eif2b3",0.256224388941854
"Igdcc4",0.25621319633192
"Gpalpp1",0.25618533005144
"Fam76a",0.256128604122961
"Vac14",0.256114460256209
"Sptbn2",0.256077945715552
"Col20a1",0.256073661178165
"Prpsap2",0.256034355540118
"Ddx19a",0.256026139570958
"7530428D23Rik",0.255991285143364
"Caap1",0.255989800666257
"Lsg1",0.255969173479576
"Ciapin1",0.25596382788127
"Vcpip1",0.255922398473937
"Rpa1",0.255908403640457
"Acrbp",0.255848273088207
"Fam118a",0.2558474630407
"Dip2c",0.255826095407535
"LOC330133",0.255781850342036
"Tatdn3",0.255676805839225
"Slc46a1",0.255664755257783
"Pou2f2",0.255641050773011
"Crcp",0.255598197997683
"Crtc1",0.255531493803013
"Znrf2",0.255517187319016
"Gart",0.255513023927218
"Tmem80",0.255463861242642
"Ctps",0.255440412917023
"Ppil3",0.255379947139655
"Pqlc1",0.255374962795708
"Map4k2",0.255356689933356
"Slc35a4",0.255321160829356
"Memo1",0.255298717744727
"Wdr73",0.255289874906676
"Arl5a",0.255289625162669
"Rit1",0.25528529917072
"Fbxo28",0.255269273127759
"Eif4e2",0.255265406725046
"Smim18",0.255245196767849
"Rpa2",0.255214187650764
"Pantr2",0.255207711166456
"Pigx",0.255143522918001
"Aloxe3",0.255107161240041
"Slc35f2",0.255091196517719
"Gtf2e2",0.25508975243101
"B4galnt1",0.255065097247339
"Tex40",0.255035804142763
"Ero1lb",0.255002004403423
"9330151L19Rik",0.254959997475972
"Pfkfb2",0.254934919041473
"Usp35",0.254898596345677
"Sdccag8",0.254897028270762
"Gpsm1",0.254894885268197
"Dtwd1",0.254865263681717
"Acap2",0.254864829493996
"Dr1",0.25485275673024
"D17Wsu92e",0.254849370401296
"Vps18",0.254846384629597
"Thtpa",0.254824091969537
"Pacs1",0.254809263698857
"Actl6a",0.254785206364572
"Rnf8",0.254752418494644
"Prkci",0.254748113992049
"Zfp46",0.254744200067874
"Slc7a6os",0.254692395231373
"Recql",0.254657674984519
"Mtmr11",0.254634232903966
"5730455P16Rik",0.254611893366282
"Rundc1",0.254586667801838
"Gemin2",0.254585975281781
"Zfp949",0.254582415238019
"Uxs1",0.25445157656969
"Kif21b",0.254434278123315
"Itga9",0.254380786837256
"Man2a2",0.25435870749805
"Rrp15",0.254356909125919
"Zfp451",0.254353778018429
"Rbm48",0.254353311485875
"Snx10",0.254296508435969
"Pomgnt2",0.25425372492894
"1110038B12Rik",0.254241173815753
"Cpeb2",0.254213375259133
"AA414768",0.254176760230637
"Cdsn",0.254155471933225
"3110039I08Rik",0.254071544529011
"Mir129-1",0.254064883957526
"Chpf2",0.254046265942302
"Atp8b1",0.254038866893808
"Chrnb2",0.254037116734385
"Pvrl4",0.254035993506014
"Pcnxl4",0.25401596429592
"Ngdn",0.253928315101503
"Nyap1",0.253913300088864
"Rint1",0.25390491473135
"Tbl3",0.253888058743019
"Hmgcll1",0.253880223333291
"Snai2",0.25376461018223
"Mark1",0.253688560899088
"4933427D14Rik",0.253636228057258
"Add2",0.253636163786592
"Rab5c",0.253589768461947
"Ube4a",0.253555113275884
"Lin52",0.253519666730393
"Rrs1",0.253493037115833
"Rfwd2",0.253477563297892
"2210406O10Rik",0.253458247210558
"Jade2",0.253446489473595
"Snapc2",0.253375820786624
"Sptlc1",0.253361119957844
"Eif2b5",0.253343185576761
"Sgcb",0.253342520056227
"Mlec",0.253328095182795
"Lsm12",0.253303960300811
"Pdpk1",0.25329779330562
"Dnal1",0.25326628512725
"Ppp2r3c",0.253264559960804
"BC017643",0.253257895880257
"Slc18a2",0.253255903572977
"Atp1a1",0.253236930424368
"Rap1gap",0.253189343251078
"Ankrd26",0.253183684900842
"Rab11fip3",0.253172676425906
"Slc39a3",0.253168785267279
"Rragd",0.253130685400636
"Wdr18",0.25306335188046
"Smarcc1",0.253048160832852
"Kctd9",0.25302967413997
"Fbxw5",0.253029125503768
"Cyp4f16",0.253026358729022
"Ifrd1",0.25297244562023
"Ap1ar",0.252949584060554
"Dync1li1",0.252935906121049
"Mgat3",0.252924195988511
"Adsl",0.252916035774332
"LOC102638008",0.252904222592587
"Coro7",0.252811676057116
"Crebl2",0.252793645356058
"Mettl20",0.252766493030769
"Aasdhppt",0.252753284521194
"Mxi1",0.252741877987868
"Cep41",0.252741328266914
"Lrrc7",0.252712710778001
"Peli2",0.252688672959605
"Foxk1",0.252647301907068
"Klhl26",0.252625118810929
"Snta1",0.252618474255559
"Cacng7",0.252601605051654
"LOC105246669",0.252575303729878
"BC089491",0.252506389624743
"Ankzf1",0.25246837930902
"Nelfe",0.252466841855266
"Tut1",0.252452953458465
"Keap1",0.252446754671806
"Gfod2",0.252395849880362
"Wipf2",0.2523774955414
"1810026J23Rik",0.252364698639685
"Fktn",0.25234342502697
"Ccdc39",0.252329823275077
"Calca",0.252191357422918
"C77370",0.252099273343173
"Tubg1",0.252092185901378
"Polr1e",0.252090383523561
"Chrm4",0.252063693358697
"Krt77",0.252057921999674
"Cd164",0.252054237164298
"Scamp5",0.252051169238695
"Nxt1",0.252035513747544
"Il17d",0.252017796411916
"Cenpb",0.251966822563571
"Nupl2",0.25185929668156
"Rnf6",0.251817338242953
"C2cd4b",0.251770332203746
"Nol6",0.251758487719225
"Ccdc106",0.251725897320733
"Scrt2",0.251689718573584
"Cd200",0.251602900495852
"4732491K20Rik",0.251601795541937
"Ogfr",0.251551729695874
"Robo2",0.251537845952207
"Mink1",0.251404705659945
"Hbq1a",0.251390419819955
"Ccdc184",0.251306962418857
"Erc1",0.251279419990729
"Mapk6",0.251218742441668
"4930570G19Rik",0.251200112913454
"LOC105246577",0.251197897858629
"Zfp954",0.251176500253667
"Cdk9",0.251159004291527
"Zpr1",0.251119537527885
"Enpp5",0.251094739997614
"Gab2",0.251060017623472
"Pi4k2a",0.251049668957008
"Tmem248",0.250993859353795
"Wdr75",0.250991643433225
"Hpcal4",0.250987294305445
"BC048507",0.250933068765301
"March6",0.250928027277739
"Hba-a2",0.250886331828112
"Fbxo22",0.250834789008115
"Dot1l",0.250818738490343
"Mcf2l",0.250806239879324
"Ccdc176",0.250781440799326
"Eftud1",0.250751911896177
"Rnf113a2",0.250749107056977
"Zdhhc1",0.250741284651186
"Nop16",0.250722023039102
"LOC105247097",0.250693141452964
"LOC105246301",0.250693028884448
"Lrrc41",0.250663132228119
"Prdm10",0.25065564490542
"Dohh",0.250617223475032
"Afmid",0.250584607382966
"Traf5",0.250558402518447
"Sik1",0.250556053930301
"Anapc10",0.250527713152514
"Prr14l",0.250340549105826
"BC020402",0.250327515623677
"Med8",0.250326355705838
"Mmaa",0.250306251693807
"Zfp583",0.250293818422903
"Leng1",0.250285193911366
"Fam214b",0.250284261621347
"Xrcc5",0.250278770518428
"Inafm1",0.250209312386022
"Heca",0.25016378844825
"Mllt11",0.250096005313417
"4930563E22Rik",0.250078224208757
"Btbd2",0.250077814583118
"Sfmbt1",0.250019032831047
"Spsb2",0.249878250495595
"Jmy",0.24987105325263
"Ppp1r35",0.249854450164786
"Ptdss1",0.249836135101389
"Sik2",0.249828947808171
"Cluh",0.249825735190289
"Rprd1a",0.249819600546162
"Dnajc17",0.24979606165024
"Cog1",0.249789674627138
"C330018A13Rik",0.249781067505021
"Cbx8",0.249772905313007
"Xpot",0.249767637313296
"Pigk",0.249737708293851
"Cutc",0.249717830826377
"Pex13",0.249710611776405
"Med15",0.249682016805101
"Ccser1",0.24965018560086
"Yaf2",0.24964397923849
"LOC102634333",0.249585632780175
"Grik2",0.249570732337915
"Ccbe1",0.249566179033037
"Slc20a2",0.249546548661386
"Snx19",0.249533595983665
"Tubgcp2",0.249471562718141
"Paip2b",0.249406603018887
"Pyroxd1",0.249392226569746
"Pus3",0.249316709940111
"Nup43",0.249276211344669
"Nufip1",0.249243132530537
"Ube2g1",0.249194856549715
"Ints1",0.249175961895041
"Elmod3",0.249159410590975
"Vgf",0.249117257861062
"Shc2",0.249088068904425
"Cntnap2",0.249080006208822
"Wdr41",0.24906597929794
"Ric8b",0.249056679708286
"Mcoln1",0.249055309034537
"Zrsr1",0.249019356327643
"Katnal1",0.249013523483848
"Gabpb1",0.248972140448934
"Flii",0.248876863673481
"Tsta3",0.24886375245166
"Fbn2",0.248839117872203
"AI597479",0.248718870990738
"Btaf1",0.248660276700344
"Setbp1",0.248643042260257
"Adss",0.248628038394016
"Plaa",0.248626268311596
"Zfp955a",0.248621203555891
"Fam160a2",0.248563209940885
"Htr6",0.248551433364386
"Ehd3",0.248520498964523
"Cep104",0.24851952168068
"Metap1",0.248508751045223
"Gtpbp2",0.248506161721261
"Abcg1",0.248440008338135
"Usp8",0.248434426598351
"Fam120aos",0.248433965459569
"Lgr4",0.248404667995138
"Samd8",0.248399970490667
"Ric8",0.248332722895506
"A230056P14Rik",0.248325036963449
"Map2k7",0.248324752627338
"2610028E06Rik",0.248314118131401
"Upp2",0.248205494689919
"Enkur",0.248149463033727
"Hectd3",0.248146098783796
"Zfp617",0.248140745969209
"Dazl",0.248136702728902
"4933412O06Rik",0.248102623982732
"4921524J17Rik",0.248071908427642
"Ube4b",0.248061403628052
"Abhd13",0.248002500484135
"Pphln1",0.247984884676311
"Fam189a2",0.247965269293345
"Rwdd2b",0.247946629901778
"Slc6a17",0.247897124047133
"Klhl28",0.247877445774708
"Intu",0.247867260519218
"Prmt10",0.247836191877499
"Ccdc97",0.247744872386565
"2310047M10Rik",0.24772965469796
"Eml4",0.247721976984492
"Cxcl5",0.24772055253707
"Hspa14",0.247699147178269
"Cacna1i",0.247693406528128
"Cul4a",0.247663868166302
"Prps1l3",0.247652748091873
"Sort1",0.247584013846535
"Nup62",0.247565380887145
"Bcr",0.247560159443073
"Papolg",0.247547947117364
"LOC105245926",0.247540451479574
"Snx11",0.247485314846862
"Gpatch2",0.247481944356351
"Taf6",0.247465597685215
"2010315B03Rik",0.247433029979252
"Smad9",0.247418331878132
"Zfp191",0.247410784560188
"Abca8b",0.247410210964966
"Clasp1",0.24736363460957
"Igsf8",0.247355201676855
"Ddx39",0.247339552656895
"Kbtbd3",0.247327776620488
"BC030336",0.24730145533584
"3110053B16Rik",0.247276684144912
"Cog8",0.247255424061303
"Acyp1",0.247209588046128
"Elovl4",0.247183798191494
"Ppp1r9b",0.247120594194626
"Rbm4",0.247104160478138
"Fam98b",0.247077335172607
"Morn4",0.247070737210794
"Extl2",0.247025734392435
"Rasa4",0.246990466809785
"Ppat",0.246945952062045
"Rnf123",0.246943564311869
"Myl1",0.246941422321989
"Ythdf3",0.246941181892691
"Tada1",0.246934107503213
"1110002L01Rik",0.246928920240032
"Aqp6",0.246830429815426
"Rasl10b",0.246828094610084
"Ipo4",0.246825418021126
"Klhl12",0.24682192830639
"N4bp2l1",0.246818241526847
"1110008P14Rik",0.246803308958982
"Slc22a1",0.246799718416701
"Nol10",0.24679465801168
"Crkl",0.246790765935333
"Leng9",0.246787568071369
"1110017D15Rik",0.246781967097464
"Prss56",0.246769673352317
"Slc35e3",0.246698236670238
"Tmem181b-ps",0.246691523539571
"Tbp",0.246626976010281
"Adamts5",0.246615672573427
"Sec22c",0.246602337802695
"Ttc13",0.246601133773991
"Naa40",0.246521961713418
"Tor1b",0.24652017871494
"A430046D13Rik",0.246514375795548
"Sdad1",0.246509341477449
"Nolc1",0.246373582566801
"Fam168a",0.246341519125802
"1600014C10Rik",0.24633074291404
"Siah3",0.246283926179031
"Med27",0.246279157794084
"Cwc27",0.246272170877654
"Gjd3",0.246262057463342
"Ppfia3",0.246228831899927
"Srfbp1",0.246184289102326
"Setd6",0.246163720645697
"Stk11",0.246159699627759
"Mcm3ap",0.246059208961178
"Fam206a",0.246050542232227
"Gpr153",0.245949109201341
"Impa1",0.245916779457173
"Tbcc",0.245915158699448
"Fbxl20",0.245891691213515
"Mdga2",0.245891258670102
"Lrrc59",0.245841979778437
"Pigh",0.245749540188732
"Nudt1",0.245708902732808
"Zdhhc2",0.245684134733598
"Vps9d1",0.245675810054728
"Elp6",0.245665240755561
"Tmem29",0.245649781789821
"Mlh3",0.245624840249447
"Usp45",0.245601876664167
"Zfp821",0.245584367065648
"Alg6",0.245523872865808
"Bloc1s4",0.245497071655848
"Nsmce2",0.245467042830039
"Ccl27a",0.245430105402983
"Usp29",0.245400083391934
"Slc9b2",0.24539881257419
"Btg1",0.245370426711422
"Siah1a",0.245364088214204
"Eri1",0.245361334964451
"Agpat1",0.245334266956093
"Mtmr9",0.245311252076641
"Slc1a1",0.245286939840662
"Jmjd4",0.245267698927689
"Eef2k",0.245233897719869
"Tyw3",0.245198964303373
"Hist1h2be",0.245191274883134
"Haus8",0.245187489492294
"C030037D09Rik",0.245183521481644
"0610010F05Rik",0.245179396019759
"Ttc5",0.245166994498412
"Plekhm3",0.245162062646702
"Lsmem1",0.245160380307597
"Zkscan14",0.245136056320966
"Stx6",0.24512470748652
"St6galnac6",0.2451039160324
"Ttc7",0.245098291306373
"Exoc1",0.245095953045976
"Fam219b",0.245078745659921
"Gpatch1",0.245046309441094
"Slc19a2",0.245019144926027
"Kat8",0.245015738332023
"Kdsr",0.244988807572944
"Nudt12",0.244920270183041
"Nploc4",0.244913709587883
"Arhgap39",0.244897770756429
"Pcgf1",0.244882638131145
"Ap3s2",0.244868759411271
"Cdk20",0.244837062296888
"Pou6f1",0.244832442716461
"Ept1",0.244813990978647
"Smg5",0.244781510519988
"Cyb561d1",0.244775044026404
"Atoh7",0.244764460367701
"Ttc9c",0.24476145384678
"Ddx47",0.244729753348924
"LOC105245375",0.244729525851098
"Brox",0.244728007669179
"Ecd",0.244698916639748
"Tssc1",0.244691701876891
"Tmem251",0.244664259076605
"LOC102642556",0.244655894173192
"Ric3",0.24463110400475
"Nt5c3b",0.244609279335834
"Dcaf4",0.24459167058025
"Atg4b",0.244544063290048
"Zbtb46",0.244520177291049
"Polr3f",0.244516701438525
"Dcps",0.244493420546787
"G6pc3",0.244462996491707
"Zcchc10",0.244460167673852
"Alkbh8",0.244452094309346
"Slc35e2",0.24443029174035
"Tnpo2",0.2444176616924
"Tbc1d23",0.244391921561999
"Ccdc102a",0.24439007539039
"Zfp830",0.244382554866321
"Homer1",0.244379144899394
"Pnkp",0.244293934847307
"Aptx",0.244291531385241
"Rnf207",0.244262098351639
"Ovca2",0.244205612878246
"Grid1",0.244199732379438
"Zfp7",0.244182360992055
"Agps",0.244159610475256
"Nip7",0.244141361592681
"Atxn7l1",0.244141314760066
"Aaed1",0.24412911225852
"Uggt2",0.24411962877793
"Fam207a",0.244114596502078
"Ankrd39",0.244094985497751
"1700088E04Rik",0.244066666346003
"Prpf3",0.244004523014386
"Izumo4",0.243973749935526
"Rtn2",0.243930032633527
"Ccdc137",0.243919160010518
"LOC105246232",0.243908165585341
"Dcaf11",0.243885050783408
"Lmbrd2",0.243838788346347
"Gpn1",0.243823451692596
"Rabif",0.243760090911846
"Pias4",0.243756501811928
"Inpp1",0.243749378566458
"Ipo5",0.243692671103846
"Tbc1d22b",0.243665040246364
"Rragc",0.243651950059773
"Men1",0.243617040863042
"Vps8",0.243603439927391
"Cfap69",0.243588937678481
"Setmar",0.243583636206123
"Sema4f",0.243579650546454
"Zfp120",0.243534059710856
"Camk2g",0.243518542339053
"Commd9",0.243446821148707
"Ddx41",0.243325442487377
"Rnf157",0.243286304212581
"Agpat6",0.243280238233289
"Mark2",0.243235245993669
"Fam117b",0.243214361432273
"LOC102634300",0.243198529464013
"Pes1",0.243154066835518
"Gba2",0.243138438248248
"Xpa",0.243132101109372
"Zfp1",0.243030450260075
"Ints10",0.242997980432592
"Taf11",0.24292536019488
"Nosip",0.242918661324295
"Gas2",0.242852041167809
"Plekha4",0.242843911067985
"Zfp930",0.242821441687509
"Cdk10",0.242774550410281
"Mta1",0.242773659535571
"Pdcd2",0.242756340850697
"Ube2z",0.242744778063131
"Krr1",0.242685772379545
"Fbxw9",0.242656980326299
"Zfp9",0.242609280143853
"Vipas39",0.24259479931957
"Theg",0.242565465606542
"Pik3r4",0.24249235565219
"Lysmd4",0.242464203488547
"Zfp771",0.242420762452466
"Kctd3",0.242395389218426
"Rpp38",0.242387803312389
"LOC102632990",0.242347664902328
"Clcn7",0.24230350362892
"Ube3b",0.242287802611589
"Smg9",0.24224990978678
"Arf2",0.242249880247071
"Zfp248",0.242227808672003
"Tmem74b",0.242104270496671
"Zfp146",0.242082784295457
"Dync2h1",0.242079305595329
"Slc38a7",0.242039590825313
"Ptk7",0.242038180653621
"Dynlrb2",0.242019519692953
"Tsr1",0.242005136727459
"Cab39l",0.241985002787024
"Pogk",0.24196045165569
"Ddx55",0.241953214923005
"Cep162",0.241945541661594
"Lrif1",0.241937791704948
"Rad52",0.241934726258196
"LOC105243878",0.241916446633731
"4931414P19Rik",0.241775355611818
"Vps39",0.241749743226497
"Tsga10",0.241743246954097
"Zfp346",0.241735312423108
"Papd5",0.241720980287789
"Ncstn",0.241710177027353
"A830010M20Rik",0.241674938072792
"Pomgnt1",0.241656599193477
"2310075K07Rik",0.241644024118448
"Nfil3",0.24161434542056
"Srsf4",0.241567137717913
"Tbccd1",0.241559335202156
"Zfp958",0.241534265803358
"Ranbp3",0.241533415797163
"Fitm2",0.241483705814715
"Cep68",0.241468679120356
"Trim46",0.241437679494548
"Stk24",0.241410776473547
"Ap1g1",0.241408656209574
"Gzf1",0.241401930318465
"Zfp763",0.241337911363793
"Cdk5rap1",0.241335189529071
"Med17",0.241315062375568
"Tsacc",0.24129772162235
"Ipp",0.241274770105897
"Vps36",0.241272988752418
"LOC102641621",0.2412662554338
"Nop2",0.2412554034407
"LOC105246715",0.241250904751713
"Wdr78",0.241211431572669
"Ankrd16",0.241202758926897
"Dlg4",0.241197642676737
"Zdhhc3",0.241194063388533
"Ubac2",0.241188225527478
"Thumpd1",0.241184234776193
"Ccdc71",0.241150621900284
"Rnf138",0.241143951564178
"Pik3c3",0.241115228954655
"Stra13",0.241098215371382
"Ccdc25",0.241089879510841
"Noc2l",0.24108510956307
"Gnpda2",0.241029581274906
"Rnf166",0.241020632869192
"Usf1",0.241015450370432
"Tmco3",0.24101416853919
"Entpd3",0.240990477357754
"Elmo2",0.24096544260898
"Zik1",0.240955349595607
"Csrnp1",0.240907107008459
"Gpr149",0.240898652971647
"Clp1",0.240880361633859
"Arrb1",0.240879136129159
"D10Wsu102e",0.240870378472958
"Vps26a",0.240868313297865
"Ten1",0.24086824555771
"Rbck1",0.240863550246215
"Rrp12",0.240853751880639
"Tube1",0.24079343372778
"Ddx19b",0.240769192014275
"Zfp27",0.240761397515578
"Srp72",0.240747303657529
"Dgat1",0.240713075981302
"Man1b1",0.240693117425234
"Stx8",0.240684686540827
"Pnpla6",0.240623352044326
"Hdac5",0.240607237961797
"Gga2",0.24058790617421
"Rassf1",0.240578635958005
"Ankrd42",0.24057190707726
"Adal",0.240550091877212
"Zfp935",0.240510692699625
"Bsdc1",0.240492663189366
"Pygo2",0.240482087995957
"Nsa2",0.240477449547379
"Stk3",0.240474889790624
"Extl3",0.240473044813747
"Clip3",0.240453448634019
"Fam229b",0.240450237913878
"Tmem135",0.240381147525793
"Deaf1",0.240358614666987
"Pikfyve",0.240277151508348
"Brsk2",0.240276390684514
"Zbtb1",0.240222472976209
"Ripk2",0.240217141532596
"Tmem69",0.240151272743342
"Pgrmc2",0.240140730331072
"Zfp825",0.240119669468401
"Minpp1",0.240091653852622
"Slc7a6",0.240010625206076
"Prr36",0.239996748208078
"4430402I18Rik",0.239967202372223
"Med4",0.239881764444781
"Pef1",0.239808309676945
"Gopc",0.239797020209868
"Tmem167b",0.239772743978235
"Tmem147os",0.239717844257472
"Polr2d",0.239693449148734
"Gorab",0.239687450678522
"Mapt",0.239687062483415
"Tmem114",0.239679132376699
"Twf1",0.239638603653536
"Pcid2",0.239621637940697
"Mlst8",0.239619908168025
"Ap3m2",0.239614035335099
"LOC105246789",0.239612547236786
"Rabl3",0.239577701316626
"Snph",0.239552829280731
"Aggf1",0.239525778595885
"Klhl42",0.239509356878848
"Agfg2",0.239453249290918
"Vps13d",0.23942121141636
"Jmjd6",0.239368875772265
"Fam98a",0.239341207103667
"Ppp2r2a",0.239332549847312
"Vps33b",0.23931601180836
"Depdc5",0.239277559351542
"Ncoa6",0.239218360849855
"Kin",0.239197648697646
"Ank",0.239196806823868
"Nmd3",0.239157937570772
"Aspscr1",0.239018183410841
"Zhx2",0.238898194535214
"Bmi1",0.238861073916463
"Cdc73",0.23883684740525
"Gprin1",0.238774420699425
"Egln1",0.238748564473585
"D15Ertd621e",0.238722221528794
"Plekhh3",0.238718367865867
"Ppip5k2",0.2386989010644
"Nifk",0.238672131940905
"Galr1",0.238651148787819
"Nbas",0.238633415540905
"LOC102634296",0.238562725401925
"A830092H15Rik",0.238515517800958
"Asb3",0.238488688325841
"Hddc3",0.238474868188841
"Mob3a",0.238466077913149
"Slc4a1ap",0.238443162106462
"Zfp133-ps",0.238416050960778
"Usp28",0.238407181351874
"Slc35e4",0.23840377598968
"Tcf20",0.238395057321428
"Zcchc2",0.238384503580947
"Utp3",0.238374976670918
"Spire2",0.238367008368224
"Pla2g5",0.238358404251785
"Igf2bp2",0.238349704544376
"Nadk",0.238270315520591
"Skiv2l",0.238248482493252
"Mettl23",0.238238767270123
"Ipo8",0.238235960721405
"Eif2b1",0.238229736716835
"Ercc6",0.238227859409631
"Reep1",0.238220556308501
"Ufl1",0.238204694689806
"Krt20",0.238174426489918
"Asb1",0.238161132455038
"Ppp1r37",0.238148892822701
"Pik3r2",0.238142536441592
"Ptpn12",0.238112868382741
"Ints3",0.238100852738686
"Spaca6",0.238088931133465
"Mfsd12",0.238065874215592
"Tmem175",0.2380398700681
"Cep170b",0.23799702023509
"Tbk1",0.237976753496433
"Slc38a10",0.237969318205759
"Vps11",0.237955008957156
"Scp2-ps2",0.237906752885619
"Syt1",0.237878477326758
"Csnk1g3",0.237867675928295
"Galnt11",0.237861821268197
"LOC102633054",0.237847398744527
"Elp3",0.237784406592139
"C230004F18Rik",0.237782114232607
"Ppp1r15a",0.237743050957907
"Rprd1b",0.237735551632676
"Trim26",0.237729317525872
"H2afy2",0.237697600077319
"Zfp511",0.237695687473293
"Wdr48",0.237627128930843
"Zfp91",0.237611606974387
"Rbbp9",0.237578419041835
"Zfp639",0.237571911235965
"Scn1b",0.237559472717872
"Flot1",0.237557712358931
"Cluap1",0.237549832694496
"Zfp410",0.237549246813329
"Nrn1l",0.237529524327608
"Larp7",0.237525333678524
"Slc1a6",0.237520656552287
"Efr3b",0.237479190587876
"Atf6b",0.237403055453446
"Trmt61a",0.2373897889069
"Stx3",0.237368506850312
"Polr3a",0.237356406901579
"Rab37",0.237334806962822
"Sgca",0.237306658116888
"Snx13",0.237306547986495
"Ap3s1-ps1",0.237281654284232
"9530077C05Rik",0.237256955662424
"Wdr34",0.237249769710652
"Zfyve27",0.237249603788297
"Cbx4",0.237155790575013
"Dmap1",0.237121864541667
"Erich3",0.23710614269597
"Prkar2b",0.237104777889745
"Tubgcp4",0.237088859479538
"Klhl24",0.237072671077814
"Wdr24",0.237042239845956
"Clint1",0.237036302971087
"Kpna3",0.236979972772554
"Cmtr1",0.236901494734445
"Uggt1",0.236888136118244
"Grk6",0.236885489435206
"Snrnp40",0.2368407588483
"Spns1",0.236736276424423
"Rpp40",0.236729305887126
"Dcaf10",0.236701554956169
"Gpc1",0.236658250252856
"Arhgap21",0.236657146117609
"Tmed3",0.236649624723064
"Polr3h",0.236627807820657
"Syt4",0.2366166189501
"4930414L22Rik",0.236575190554706
"D030056L22Rik",0.236546040578041
"Hipk3",0.23652246453406
"Appbp2",0.23651779364026
"Mum1",0.236514501384985
"Zzef1",0.236499639763527
"Ssbp3",0.236480783854329
"Tdo2",0.236479376503706
"Mettl4",0.236460619280563
"Msh3",0.236426656765758
"Slbp",0.236374629564859
"Tmem182",0.236366439864711
"Pcgf3",0.236348610262904
"Camsap1",0.236311278378585
"Ddx56",0.236310099425318
"Sptbn4",0.236310032949367
"Fam63b",0.236225735961606
"Irs1",0.2361615517575
"Ccdc167",0.236088271037906
"Rmnd5a",0.2360608570067
"Ddit3",0.236057035273594
"Arsj",0.236047521095274
"Tcra",0.236031652192016
"Tymp",0.236018709205291
"Zfp655",0.235983490062646
"Pigs",0.235945525291884
"Smug1",0.235936679299516
"Fam114a2",0.235935341557001
"LOC105242620",0.235888888782954
"Apbb3",0.235858608657024
"Clcn6",0.235846374521364
"Scap",0.235826803885359
"D5Ertd579e",0.23580326346929
"Lrrfip2",0.235711729913029
"Amd1",0.235696832242399
"Ubn1",0.235685969448207
"Trappc11",0.235654332995097
"Scn8a",0.235648427424832
"Shh",0.235580007392424
"Hbs1l",0.235532367038136
"Snhg14",0.23551383686748
"Mllt3",0.235492613828259
"Rnf121",0.235471205135688
"Smn1",0.23546537333105
"C2cd4c",0.235459279075386
"Clip2",0.235440779468042
"2610042L04Rik",0.235410771828632
"Tmem2",0.235378134685048
"Lrrc16b",0.235373664304793
"Myo3b",0.235368165538833
"Msl3l2",0.235315905850737
"BC052040",0.235314967328069
"Slc2a3",0.235282394107245
"Avl9",0.235250209315174
"Rab4a",0.235226028944526
"Nop10",0.235215671760514
"Stox1",0.235182106031249
"Raph1",0.235165879096489
"Ccdc85c",0.235160162996139
"Tmppe",0.235129554908576
"Arhgef18",0.235111597849863
"Akirin1",0.235107772383351
"Alg12",0.235094513621939
"Trim24",0.235056799147566
"Tmem62",0.234977896650785
"Gtf3c3",0.234927797792676
"Zfp251",0.234920822538491
"C030039L03Rik",0.234915685150006
"Tarbp2",0.234890057288116
"Pcdh10",0.234873844097648
"Twistnb",0.234851264639145
"Gpr137b",0.234844475239231
"Sema6b",0.234772319876178
"H3f3c",0.234747890584935
"Fnip2",0.234743856657692
"Mus81",0.23473325586104
"LOC102633230",0.234708712918003
"2510002D24Rik",0.234708225799579
"Bms1",0.234602162438591
"Dzip1l",0.234567745116656
"Stt3a",0.234520252049722
"Magi1",0.234504890021466
"Igip",0.234427948129386
"Mblac1",0.23442722687325
"Kbtbd7",0.234401665904435
"Fndc9",0.234342411076405
"Fbxw17",0.234326992892977
"Fam135a",0.234324988918553
"Ube2j1",0.234283481307699
"Zbtb22",0.234277773514808
"Cryaa",0.234263817320585
"Ccrn4l",0.234260101696842
"Zmym5",0.234258038666746
"Tcte1",0.234256634058463
"Utp18",0.234251584086096
"Myh10",0.234241136031173
"Fat4",0.234217231969735
"Pus7",0.234155515050249
"Ube2q1",0.234133039918864
"Lsm14b",0.234078169122524
"Mospd3",0.233954911281083
"1110059E24Rik",0.233909956700825
"Gna14",0.233901855555463
"Vmn2r29",0.233901586812362
"Spsb3",0.233900778467136
"Tipin",0.233890735040696
"Mcm7",0.233888266550741
"D930048N14Rik",0.233871151476226
"Taf7",0.233869968782873
"LOC105245865",0.233856875228612
"Tmem38a",0.233849123174664
"Bdp1",0.233825085156644
"Nrsn1",0.23381460102888
"Ddx10",0.233809301736452
"Ccnt1",0.233738911098315
"Vps13a",0.233682981412654
"Ubl4",0.233680967139166
"Sidt2",0.233673537436242
"Nudt21",0.233655498981667
"Cyld",0.233642339779552
"Madd",0.233631785376407
"Mettl2",0.233610588064567
"Coil",0.233551540627436
"Arhgef25",0.233540442640547
"Zfp790",0.233516266599113
"Larp4",0.233499766614822
"Pold3",0.23348213478345
"Rnf44",0.233457528864145
"Exosc1",0.233443065445502
"Uba6",0.233436909286657
"2900009J06Rik",0.233433850348829
"Mplkip",0.233427255674186
"Arfgap2",0.233399578140239
"Mios",0.233393374286359
"Rbm34",0.233383068203653
"Cep120",0.233377341839189
"Swsap1",0.233373096477162
"LOC102640133",0.233328180916394
"Taf5l",0.233309488332875
"B230206L02Rik",0.2333072863809
"Eef1d",0.233299709427293
"9130401M01Rik",0.233272252894611
"Gosr1",0.233261295796506
"Asun",0.23325464131835
"Sf3b3",0.233235311005722
"Crebrf",0.233155697037997
"A930012L18Rik",0.233130643592711
"Fam173b",0.233028194532532
"Zfp788",0.233025849994205
"Pdzd8",0.232940390024979
"Tmem87b",0.232913486302286
"Anp32b",0.232836663717369
"Bsn",0.232796551403268
"Xkr7",0.232796031364921
"Nr1h2",0.23279315147928
"D330023K18Rik",0.232777787842988
"LOC105245304",0.232756172673973
"Map3k12",0.232713585153162
"Zfp322a",0.232665088250656
"Bre",0.232638386086775
"Copb2",0.232627401802914
"Ascl2",0.23259435965483
"Dph7",0.232588201329721
"Epg5",0.23254718950376
"LOC102633813",0.232543819654449
"Lpin1",0.232526515059277
"Capn7",0.232509135790231
"Rassf4",0.232449970990925
"Gtf3c1",0.232447625909538
"Ap3m1",0.2324385936337
"Lman1",0.23242664719969
"A830005F24Rik",0.232342217551339
"Snapc1",0.232323265131807
"Stk40",0.232310360453439
"Esm1",0.232290848303453
"BC004004",0.232282693448319
"Ccnc",0.232246477833094
"Lgr5",0.232220870188707
"Tmub2",0.232212348855856
"Gatad1",0.23219982951806
"Zfp780b",0.232148216596986
"Tes3-ps",0.232137109902862
"Tnpo3",0.232108551349952
"Vps16",0.232096389060789
"Zswim1",0.23206110284206
"Snx4",0.232057532704861
"Ppp1r8",0.232051312786232
"Serpini1",0.231998421349123
"Prkrip1",0.23197528177259
"Lrp3",0.231948124066161
"Nmb",0.231937800708066
"Topbp1",0.231924790756764
"Kif21a",0.231917851800787
"1110004E09Rik",0.231899072836423
"Itga2b",0.231889585185034
"Exosc9",0.231858026283802
"Asxl3",0.23184375929273
"2700060E02Rik",0.231821762522382
"Kctd20",0.231802615072865
"Xpo5",0.231783876635783
"Uso1",0.23177368610624
"Cmas",0.231760223332924
"Kat6b",0.231758653912362
"1810030O07Rik",0.231754195110509
"Zfhx2",0.231702132465526
"Mtmr3",0.231646768820434
"Sept8",0.231586692274712
"Spg21",0.231560759690759
"Usp39",0.231550079904151
"Baz2a",0.231538645651913
"Zdhhc21",0.231479590394099
"LOC102238518",0.231479199063283
"Ccdc149",0.23143981353767
"2310045N01Rik",0.231397733736612
"Peli3",0.231375096763961
"Samd15",0.231354720427842
"Cabp7",0.231254761900373
"Zswim3",0.231244042449532
"Usp13",0.23117416813289
"Psen1",0.231168240817072
"Zfp94",0.231142665514334
"Nkd2",0.231135609523916
"Nr1d2",0.231069884760943
"Pitpnb",0.2310386156887
"Nus1",0.231001653992937
"Mast1",0.230993507372724
"Mfsd10",0.230982493156015
"Cnnm1",0.2309708782503
"Trappc10",0.23094160441437
"Tfip11",0.23092766816151
"Ppp1r7",0.23091557931382
"Ccdc91",0.230886895686809
"Sgsm3",0.230871704564216
"Setd3",0.230855988793013
"Sec14l1",0.230824277179127
"Cables1",0.230793991453173
"Tsc2",0.230781753823306
"Gatsl2",0.23076702629515
"Gdf7",0.230717598915688
"Scrn1",0.230679239356623
"LOC105246546",0.230633001467911
"Hif1an",0.230607013256723
"Uimc1",0.230579903313717
"Map3k7",0.23055308126453
"Rrad",0.23054861105878
"Kcnmb4os1",0.230539794474919
"Rnf185",0.230522032329876
"Tmem97",0.230520702927085
"Fam179b",0.23047455895784
"Zfp30",0.230451399168384
"Itfg2",0.230433283904723
"Fbxo42",0.230429168243768
"Eif4e3",0.230397683765445
"Tesk1",0.230364302760773
"Cacng2",0.230361306402828
"Tvp23a",0.230352382092481
"A430005L14Rik",0.230333362897551
"Muc15",0.230301932154454
"Leprotl1",0.230289165768129
"Il17b",0.230273803186034
"4931428F04Rik",0.230265394758517
"Cend1",0.230230776849371
"Setd7",0.230203829599568
"Spef1",0.230176858392067
"Ythdf2",0.230173470021554
"Hexim2",0.230167206159542
"Sh3gl2",0.230127382317889
"4921511H03Rik",0.230113142246811
"Pibf1",0.230106116123036
"Smim12",0.230072000075545
"Col18a1",0.229984196446279
"Mafg",0.229982204243658
"LOC105242627",0.229970007132094
"Poglut1",0.229866999621615
"Neu1",0.229825287150639
"Scyl2",0.229816766821091
"Ndnl2",0.229806792585244
"Ranbp2",0.229796830816078
"Wbscr27",0.229776614149099
"Ascc2",0.229764688438848
"Fam174a",0.229754272937264
"Zfp3",0.229721335398627
"Phf20",0.229719783393864
"Zfp422",0.229718058823144
"Brap",0.229717503385101
"C2cd2l",0.229613004950988
"Cxxc1",0.22958128477975
"Tnks",0.229553180916178
"Nob1",0.229540855605475
"Fnbp1l",0.229520852937871
"Snhg6",0.22951714604361
"Rab4b",0.229515474708464
"Zfp560",0.229500809495092
"Vps53",0.229481321026069
"Efna2",0.229436197653163
"1110037F02Rik",0.229394251192151
"Ppp2r5b",0.229388185121871
"Yy1",0.229359164384166
"Med7",0.229337208891004
"Pold2",0.229311157577872
"Ctu2",0.229296974053048
"Alg11",0.229256830153934
"Plekha8",0.229241694840298
"Gskip",0.229219361789094
"Eif2ak4",0.229211604188576
"Adprhl2",0.229187584644529
"Tbc1d15",0.229176791556687
"Srrm4os",0.229172351272618
"Taf2",0.229163118899751
"Terf2",0.229161420940245
"Lasp1",0.229149302126798
"Mxd1",0.229052021314164
"Zfp772",0.228946318502393
"Paxip1",0.228926474929848
"F8a",0.228918886703529
"Zbtb4",0.228903348961455
"Klhl22",0.228868562810288
"Orc6",0.228851254248166
"Cplx1",0.228843915960717
"Gpr85",0.228830477360947
"Tbc1d12",0.228800130422694
"E130307A14Rik",0.228798799040153
"Ift172",0.228744739157236
"Sugp1",0.22874451485062
"Atg9a",0.228728842283427
"Adcy6",0.228706454743354
"Smim19",0.228677370528272
"Chic2",0.228663580203796
"Ak6",0.228610983514853
"Fam20b",0.228505355440437
"Jrkl",0.228497160203097
"Hdac4",0.228483313207982
"Cpeb3",0.22847906083731
"Vill",0.228466700650405
"Itpkb",0.228447666051126
"Mapkapk2",0.228445209279507
"Ppid",0.228386535035764
"Ltn1",0.22837567575034
"Brf1",0.228368459147331
"Tmem127",0.228251162888538
"Plekhb2",0.22821503221768
"Ppie",0.228213730750128
"3110052M02Rik",0.228200736241303
"LOC105247066",0.228188693431193
"LOC101055907",0.228164196684201
"Shoc2",0.228147461590919
"Lrrc8b",0.228117419720289
"Golga3",0.22811466074011
"Ocm",0.228112366179665
"Vps54",0.228088452302992
"Zfp664",0.228088062054102
"Nanos1",0.228079082191294
"Rab42",0.228038075207633
"Gfpt1",0.227939376475029
"Spata5",0.227935806590434
"Ahdc1",0.227932445436924
"Srrd",0.227864661573616
"2610507I01Rik",0.227827042313368
"D430019H16Rik",0.227826306840075
"Fra10ac1",0.22782246737682
"Ddx27",0.227804983626947
"Zfp444",0.227758705366451
"Map3k13",0.227753237758345
"Meig1",0.227736415641469
"Fank1",0.22772678457981
"Ippk",0.227668460191194
"Svip",0.227658191770726
"Alg9",0.227589039394659
"Pank3",0.22758506116556
"Ehbp1",0.22757686438797
"Msc",0.22755980513609
"Yeats4",0.227554901805075
"Rnf111",0.227551164434263
"Prmt5",0.227549213872625
"Tonsl",0.227525000796986
"Obsl1",0.227524119922312
"Zfp738",0.227495663893033
"Dennd2d",0.227494513376253
"Zfp961",0.227456375264253
"Aimp2",0.227451016972896
"Tbck",0.227421149467191
"Xrcc6",0.227418195628695
"Mapk8",0.227413895364028
"Pgls",0.227362994545336
"Med24",0.227355816604692
"Rnf141",0.227350016379676
"Mpnd",0.227347103324171
"Lpin2",0.227346628716921
"Acbd3",0.227319146047442
"Rnf25",0.227275318480524
"Fam183b",0.227268296935479
"Gorasp1",0.227255107550245
"Chpf",0.227192227217924
"Spty2d1",0.227166133048212
"Cnga4",0.227158064045362
"Elovl2",0.227138421290646
"LOC105247149",0.227136282593471
"Smco4",0.227102500105318
"Uhrf1bp1",0.227083008757055
"Dusp8",0.227037810488393
"Arid3b",0.227004751199503
"Slu7",0.22698501768458
"Tmsb15b1",0.226944618061595
"1500012F01Rik",0.226905351062118
"Mef2a",0.226896295066921
"Chmp1a",0.226872765632652
"F830208F22Rik",0.226858160240558
"Camta2",0.226842664185507
"Clec2l",0.226807923901465
"Rab23",0.226793569559441
"Mapkapk5",0.226763603608708
"Tspan5",0.226718376645481
"Psmf1",0.226623470668426
"Chd1",0.226620231481725
"Tmod2",0.226579588113032
"Pfn4",0.226461936159346
"Wdr74",0.226456236198649
"Ppan",0.226439481990288
"Eif4g3",0.226432999538752
"Dis3l2",0.226429468043946
"Smad4",0.226416622609525
"LOC105242431",0.226364139440978
"Trim33",0.226350512818189
"LOC102634887",0.226317751626913
"D230017M19Rik",0.226308414776984
"Cnpy3",0.226300327539695
"BC037034",0.226279018942708
"1700030J22Rik",0.226267789526927
"Clvs1",0.226231656009127
"Nhlrc2",0.226218357344326
"Pex3",0.226209410457879
"Elac1",0.226206155159473
"Trp53inp2",0.226195247157258
"Zfp618",0.226090884031472
"Qsox2",0.226068454698533
"AI429214",0.22606654630448
"Mlx",0.226006772915062
"Rbm15b",0.226000894505309
"BC017158",0.225999514028816
"Max",0.225999422637256
"2300009A05Rik",0.22599355232979
"Fam129b",0.225983550188566
"AI837181",0.22596731018156
"Atg16l2",0.225966386783139
"Epc2",0.22596565132904
"Ppp2r3d",0.22586172505481
"Zc3h12c",0.225848390575601
"Lgalsl",0.225847281648882
"Nom1",0.225780149996294
"Ccl17",0.225777774687091
"Birc2",0.225776934613996
"Atp13a1",0.225767197848466
"Tssc4",0.225757829979876
"Prune",0.225754886679453
"Ankfy1",0.22572090589546
"1110002O04Rik",0.225712376581124
"Bivm",0.225687762394627
"Jph3",0.225620415855737
"Dhx35",0.225617676744069
"Maea",0.225594548062171
"Surf2",0.225572541733036
"Tmem50b",0.225546856106225
"Ccdc82",0.225545344463659
"Wdr5",0.22548490954125
"Mrto4",0.225426826501625
"Zim1",0.225404980795295
"LOC105244845",0.225359189979332
"S100pbp",0.225329140038236
"Radil",0.225295046722918
"Casd1",0.225113237588045
"Cgn",0.225097060550321
"Ncln",0.225090381736627
"Arl6ip6",0.225078837318309
"Slc16a14",0.225060805130849
"Sft2d3",0.225045091586974
"LOC105243158",0.225032553432131
"Atg13",0.225029974484039
"Sephs2",0.225011518315499
"Zfp868",0.224978136790897
"Katna1",0.224949127692267
"Btbd19",0.224911786979571
"C030023E24Rik",0.224904631663858
"Ina",0.224886790007042
"Nprl2",0.224850673949902
"Ift46",0.224821652033365
"Cog2",0.22480510140933
"Ccdc9",0.22479825943113
"Klhl17",0.224773794976364
"Pkia",0.224755241292114
"Pfdn2",0.224726989079125
"Mnat1",0.22467059483215
"LOC105245834",0.224652688599882
"Trp53bp1",0.224619997483466
"Tnk2",0.224613294494009
"Zfp940",0.224590664787772
"A630081J09Rik",0.224587223835807
"Htra4",0.224472524337778
"Nhp2",0.224448324750098
"1700025G04Rik",0.224442580995033
"Krtcap3",0.224426142225668
"Snx21",0.224398250919849
"Slc44a2",0.224394980440212
"Tcea2",0.224381080831644
"1110034G24Rik",0.224374457347279
"Pelp1",0.224365392299595
"Cnih1",0.224357337329525
"Zfp90",0.224353484306057
"Terf2ip",0.224343607214343
"Zbtb25",0.224301730462511
"Prmt2",0.224288980392296
"Lemd3",0.224253019792197
"2900076A07Rik",0.224245160033677
"Ebag9",0.224238291185862
"Dnm3",0.224235736134063
"Fdft1",0.224213573587042
"Syt14",0.224187456014904
"Atf4",0.224183122274035
"Ap3s1-ps2",0.22415756054143
"Mzt2",0.224145550637627
"1700021K19Rik",0.224123575949216
"1110057K04Rik",0.22409369881275
"Eif3i",0.224050080090053
"Esco1",0.224046954343616
"Dedd",0.224019386914895
"Tsc22d2",0.224011915289715
"Purg",0.2239868467952
"Zfp760",0.223985635731881
"Tnfrsf25",0.223980863794878
"Dhx8",0.223947139675735
"Ptdss2",0.223936363451533
"Nbea",0.22390183720707
"Gpr135",0.223895653664795
"Arhgef2",0.223894265881781
"Atp13a2",0.223856683298667
"Eif3l",0.223831900289714
"Stk16",0.223761729909975
"Wdfy1",0.223761538791886
"Tacc2",0.223755963951623
"Dnah9",0.223744118390378
"Pard6a",0.223729881549368
"Cyb5d1",0.223714096229417
"Ankmy2",0.223659424162232
"Ercc4",0.223652221182989
"Sphk2",0.223534600816546
"Scyl1",0.223525999846702
"Khnyn",0.22352380206346
"LOC105244644",0.223469229488621
"Erc2",0.223427032840865
"Gne",0.223237517962096
"Zfp330",0.223235224299655
"Nanp",0.223225809689502
"Fam208b",0.223219339157615
"Scfd1",0.223218291654921
"Cldn12",0.223208284463809
"Cd59b",0.223174048454829
"Zscan21",0.223169800045413
"Atxn7",0.223092234858711
"Casc3",0.22308918358669
"Gtpbp8",0.223051635240369
"Zfp362",0.223032922313691
"Pfkl",0.223017875012948
"Osbpl2",0.223017510506834
"Rhbdd2",0.222991832122908
"Zbtb41",0.222978979219983
"AI846148",0.222971832303329
"Gltscr1l",0.222963029948606
"Faim2",0.222960572161612
"Lrfn4",0.222958589380023
"Nucb1",0.222952368893076
"Alg2",0.222945382069763
"Tceb1",0.222919969069741
"Usp32",0.222911022764468
"Pank4",0.22287642738999
"Tmem14a",0.222868215449189
"Carf",0.222865857811428
"6430571L13Rik",0.222864891610801
"Zfp37",0.222820198496977
"Rnf2",0.222814968298116
"Parn",0.222810932908687
"2810429I04Rik",0.222788036087588
"Jdp2",0.222733922311093
"Uri1",0.222684062500278
"Socs5",0.222680447211276
"Cfap54",0.222672462572997
"Rab8a",0.222669185971193
"Mif-ps3",0.222635481234738
"Ttc32",0.222626472805989
"Tti2",0.222536458907359
"Slc35c1",0.222523901118257
"Myg1",0.222505355573177
"Rpl6",0.222479450180849
"Ube2g2",0.222381828142309
"Zfp280b",0.222369014922285
"LOC105244847",0.222364838903147
"Eif1ad",0.222334950205671
"Magef1",0.222334396501686
"Utp6",0.22232785883714
"Pagr1a",0.222303936014483
"Rad17",0.222300234044957
"Lhfpl4",0.222267192520449
"Naa35",0.222216855740907
"Zfp318",0.222208706752474
"Tecpr1",0.222179888330686
"Med16",0.222157620480434
"LOC105242947",0.222141760193092
"Tmem202",0.222140693074478
"LOC105244017",0.222136821043366
"Mboat7",0.22208928387
"Fzd3",0.222072569100195
"Zfp711",0.222069120628763
"Faf2",0.22204890962924
"Eps15l1",0.222010780105539
"Zfp81",0.222003352727239
"Tagap1",0.221980892897088
"Golga2",0.221972157396992
"B230311B06Rik",0.221955844434575
"Pnmal1",0.221945158575112
"Cpeb4",0.221891848563214
"Ccdc173",0.221889020093911
"9330188P03Rik",0.221868038116618
"Rnf219",0.221852413876823
"Gtf2ird1",0.221816289809405
"Smpd1",0.221797183350921
"Tmem201",0.221794039422298
"Rab3gap2",0.221778247520855
"Rab5a",0.221759519649167
"Prkacb",0.221752042257016
"Pkd1",0.221741704590012
"Cd2bp2",0.2217074562283
"Rnpep",0.221702084195537
"Pigf",0.2216840365619
"Mib2",0.221677456907331
"4632415L05Rik",0.221661643237257
"Srpr",0.221655796412419
"Nfkbib",0.221626095979949
"Smarca2",0.221622432831044
"Trappc5",0.221622407660392
"Aldh3a1",0.221566298767254
"Otud6b",0.221538044348726
"LOC105244366",0.221491012279248
"Prpf19",0.221487431793404
"Rnf103",0.221397127178094
"Plekha3",0.221368118736457
"Cep290",0.221361148717348
"Itsn2",0.221344874375522
"Pde10a",0.221288135135059
"Llph-ps2",0.221270304523665
"Sephs1",0.221201518297515
"Hmgxb3",0.221130798710803
"Psme3",0.221111126272373
"Mkks",0.22110336582665
"Eea1",0.221096407492523
"Fbxl17",0.221067627927558
"Cnot8",0.221055589303731
"Ctns",0.221049848693118
"Mob1b",0.221039820311991
"Sgsm2",0.221017507541161
"Anapc4",0.220993541382869
"Srpk2",0.220981979276491
"Usp21",0.220958613435844
"Kpnb1",0.220951820174272
"LOC105247005",0.22093060868011
"Sept3",0.220911679075438
"Mrgbp",0.220897652756359
"Proser1",0.220864178302868
"Gtf3c6",0.220863045211068
"Rab6b",0.220850405187778
"Ctnnbl1",0.220844373286586
"Blvra",0.220843213777817
"Ubac1",0.220834737028348
"Pan3",0.220827792927508
"Ptpn11",0.220804688031259
"Ctif",0.220760488912502
"Ap1m1",0.220760002666846
"Magohb",0.220744115024229
"Trim32",0.220729204594452
"Phlpp2",0.220665114322108
"Dusp12",0.220639905501779
"Zgpat",0.220628662534406
"Scamp3",0.220604445224819
"Suco",0.220597513262691
"Bhlha9",0.220564690377361
"Nfe2l1",0.220556955242765
"Kcnd3os",0.220548795966231
"Heatr5b",0.220546860762574
"Bahd1",0.220531468052508
"Trabd",0.220514650079257
"Sh3bp5l",0.220497161691289
"Smndc1",0.220426579755978
"Lpgat1",0.220418407796214
"1700123O20Rik",0.220371232566316
"Cela1",0.220363007994947
"LOC105244060",0.220345795243615
"Dnttip2",0.220300926272234
"Inha",0.220276415512055
"Med22",0.220275772352754
"Spryd3",0.220261236964592
"Arih1",0.220254963974829
"Slc35a3",0.220229715349424
"Dnajc2",0.22021228751217
"Prdm4",0.220211995828428
"Pop5",0.22018207711583
"Tspyl5",0.22017782998353
"Chmp4b",0.22016973895781
"Ttbk2",0.220156730064226
"Fam120b",0.2201486857743
"Erp44",0.220136531703362
"Gle1",0.220135260208045
"LOC105246169",0.220134435518599
"Zfc3h1",0.220132968669831
"Ampd2",0.220060914681987
"Mif-ps6",0.220054933460719
"Ganab",0.2200335051919
"Inpp5e",0.22002186598133
"Exo5",0.220002992161554
"Iars",0.219954270031482
"Tmem41b",0.219929945023534
"Hook2",0.219875998843249
"Zfp335os",0.219872235830135
"Shank3",0.219867195714421
"Prkdc",0.219863470857474
"H1f0",0.2198602186844
"Nudcd1",0.219825187135137
"Epdr1",0.219824310709033
"Cdkn2aipnl",0.219794536899466
"Tatdn1",0.219792036416899
"Ccdc166",0.219752255238708
"LOC102633165",0.219717969467939
"4933421O10Rik",0.219689336464502
"Spcs3",0.21966961591578
"Spink10",0.219664873252479
"Gga1",0.219662546800266
"Cltc",0.219647480054407
"Mepce",0.219558938075654
"Senp5",0.219543718085383
"Eed",0.219531488955927
"Tpgs2",0.21952403085633
"Frat2",0.219506441777262
"Pde4a",0.219498520266029
"Lrrc73",0.219491291317176
"Rgl2",0.21947628238659
"1700037H04Rik",0.219467935473582
"Polr3d",0.219428837578667
"Lrig1",0.219405689767264
"Cldnd1",0.219405374378742
"Capn15",0.219386878613929
"Cldn23",0.219376683612314
"E130309D14Rik",0.219249271216792
"Alg10b",0.219231512078369
"D10Jhu81e",0.219224745000228
"C77080",0.219196972941826
"2700097O09Rik",0.219188310012908
"Ncoa2",0.219154867397281
"5430405H02Rik",0.219149544135929
"Urod",0.219141848438328
"Zbtb14",0.219110394164254
"Gramd1b",0.219104811376805
"Eml2",0.219059048989234
"Mettl16",0.219054939018138
"Abca3",0.219032674910281
"Cept1",0.219027139684075
"Cradd",0.2190258370404
"Dysf",0.218912911411831
"Orc2",0.218869924454709
"Tmem165",0.218808539098114
"Gpatch2l",0.218799976953409
"Helq",0.218797396022398
"AU041133",0.218745935252156
"Ccdc94",0.21874205649403
"Prkcsh",0.218708365401707
"Cic",0.218707678658537
"Rab3gap1",0.218694597135068
"Mdp1",0.218677681261137
"Tbl2",0.218625007085308
"Znhit6",0.218620941781372
"LOC105243802",0.218578455907273
"Slc38a9",0.218569666430169
"Sec63",0.218522839672136
"Tmem5",0.218459386303926
"Rasgrp4",0.218444310909871
"Ccdc159",0.218414945352501
"Lefty2",0.218413098177286
"Zfp622",0.21840966487323
"Rbsn",0.218340349546136
"Ispd",0.218320651061887
"Tlk2",0.218316533486711
"LOC105247086",0.218314871982543
"Ubox5",0.218291179833886
"Tmem242",0.218286379750601
"Lrrc45",0.218181945500216
"Kmt2c",0.218102488607396
"Reep6",0.218094104921297
"Tbcel",0.218072378957485
"Lrrc3",0.218031536679835
"Surf6",0.218007071453725
"Calcoco1",0.217989929690758
"Camsap2",0.217948744699885
"Dgka",0.217932699298191
"Tmem230",0.217923628634018
"Mreg",0.217898585935191
"Dnajc13",0.217896143132203
"Tnks2",0.217889887257208
"B630005N14Rik",0.217885819296686
"Mogs",0.21785440770803
"St8sia2",0.217835195466175
"Unkl",0.217820345562479
"Inafm2",0.217772753511945
"Mbd1",0.217744342316578
"Atf1",0.217711062549873
"Zkscan6",0.217709861797552
"Arfgef1",0.217697655261089
"Fam169a",0.217678722579804
"D730003I15Rik",0.217673343647565
"Snhg12",0.217670396837891
"Usp42",0.217652325025614
"Ublcp1",0.217629941553743
"Uhrf1bp1l",0.217585571835368
"Tmem8",0.21755102895666
"Zfp260",0.217510790102318
"Frs2",0.217468363070143
"Fam57b",0.217464699465531
"Sos2",0.217432830619941
"Chmp7",0.217414764071849
"Plekhd1",0.217411323692989
"3110043O21Rik",0.217405176307613
"Wdr4",0.217402625524097
"Irf2bpl",0.21737299490933
"Gtpbp4",0.217369003356791
"Eef1b2",0.217350211115851
"Gbf1",0.21730648383015
"Edem3",0.217291691345765
"Ing3",0.217275145520134
"Zfp524",0.217267414748672
"Pcmt1",0.21720723185088
"2610507B11Rik",0.217159268476215
"Srp68",0.217116664875252
"Pcsk6",0.217109861498045
"LOC100861615",0.21707868173491
"Ruvbl1",0.217052412167057
"Ugcg",0.217048808726546
"Srebf2",0.217038305167005
"Ppm1h",0.217018962725412
"Gabbr1",0.217000173840593
"Pgap2",0.216998184596744
"Rab11fip4",0.216973236974843
"Parp4",0.216968037059766
"Zfp800",0.216947639585697
"Ogfod1",0.216907446993016
"Ccar2",0.216865390520976
"Clk2",0.21682105854119
"Aftph",0.216819423204404
"Ttc30b",0.216812323454236
"Vps45",0.216797538722035
"Ahsa2",0.216775338479429
"Acbd5",0.216763730208612
"Susd4",0.216738573646769
"Msantd2",0.216736849014006
"Rnf217",0.216706529949843
"Fbxo3",0.216705848522861
"Tsc1",0.216630629988265
"Agfg1",0.216573180061974
"Usb1",0.216565003917554
"F730016J06Rik",0.216538711498882
"Tmem8b",0.21652969942684
"Maz",0.216507496540486
"Leo1",0.216497241843614
"Xpr1",0.216497012435238
"Nsun5",0.216468270041522
"Cacul1",0.216400449051594
"Nsmf",0.216389662723116
"Cdc26",0.216386586143114
"Eif4b",0.216358836592949
"Apba3",0.216357789795739
"Zswim8",0.216343969839225
"Bbs5",0.216333096198029
"Pds5b",0.21632531350695
"Jph4",0.216298210202475
"Apex1",0.216257843014728
"Zfp426",0.216255087059608
"Nacc1",0.216231698380811
"Pgk1-rs7",0.21618091487995
"Rims2",0.216160114146055
"Acd",0.216134908594651
"Zfp62",0.216117873323803
"A730017L22Rik",0.216092264849428
"Tmem131",0.216080028590763
"Anapc1",0.216061589290486
"Slc39a14",0.21602438382311
"Rae1",0.216022323999197
"LOC102641931",0.216011571005419
"Tpi-rs11",0.215983462462588
"Mms19",0.215965073807578
"Usp37",0.215921828576749
"2500004C02Rik",0.215918875765369
"Chmp2b",0.21591154579519
"Donson",0.215905514980849
"D2Wsu81e",0.2158986633612
"Mettl25",0.215825332071674
"Txndc17",0.215775537155278
"Supt16",0.215756860173037
"Rab9",0.215740321005173
"Vopp1",0.215721994147303
"1700101I11Rik",0.215701324126411
"Ranbp10",0.215651183470413
"Tm9sf4",0.215643294793415
"Sobp",0.215617090783367
"Zfyve1",0.215610428346938
"Btbd9",0.215603484187393
"Rad18",0.215523684066829
"Fsd1l",0.215472088750773
"Atp2a2",0.215454111951544
"Nagk",0.215433272478327
"Yeats2",0.215430155530791
"Vcpkmt",0.215410014026356
"Map4k3",0.215393170267665
"LOC102642737",0.215373164861746
"Zfp235",0.21533681690857
"9830166K06Rik",0.215322069745327
"Hmga1",0.21531769728773
"Mef2d",0.215307314648226
"Ankrd54",0.21528656863738
"Pde4dip",0.215279594075646
"Sbsn",0.215255798789469
"Rpp25l",0.21521999384467
"1700011I03Rik",0.215218330135019
"Adnp",0.215205615461219
"Rpap3",0.215200547325967
"3110007F17Rik",0.215165665997388
"Gtf2e1",0.215156793273006
"Slc11a2",0.215138499737421
"BC005537",0.215121500420273
"Rraga",0.215100607842103
"Wdr11",0.215100202463271
"Atg2b",0.215065564079755
"Rnf138rt1",0.215013969886357
"Supt7l",0.215009728091605
"Slc9a1",0.214958902841504
"Dctd",0.214956415122857
"Ccny",0.214940208787939
"Cpa2",0.214932201976516
"Cep78",0.214912662197701
"Cdk2ap1",0.214910384510037
"Rnf41",0.21485027724293
"Rusc1",0.21483368570592
"Xpo7",0.214738706711267
"Vps37d",0.214733202607054
"Fuom",0.214731387346502
"C7",0.214731347626666
"Trim3",0.214722024278023
"Plekhm2",0.214693726271884
"Hars",0.214660909181119
"Fam172a",0.214589753706796
"Snord64",0.214565603942
"Ccdc103",0.214561318765068
"Rxrb",0.214539960876615
"Tmem200c",0.214532111556598
"Slc52a2",0.214478046817107
"Med6",0.214454279628179
"Cars",0.214441356177444
"Dyrk1a",0.214425748801855
"Ash2l",0.214417585031045
"Kl",0.214398661583068
"Lztr1",0.214388522211914
"Med9",0.214383928760908
"Asap1",0.214383252432429
"Fam173a",0.214341028525742
"Stmn4",0.214308070256487
"Chd1l",0.214303108878089
"Zfpl1",0.214199785955771
"Sec31a",0.214181216589078
"Serpinb1b",0.214175518780883
"Cul2",0.214135023406223
"Psd",0.214100354028441
"Ring1",0.214064376411059
"Polr3g",0.214059020525006
"BC003965",0.21405546836249
"Diap1",0.213942237822225
"Prlr",0.213930268565077
"Ss18l1",0.213902227241105
"Mcfd2",0.213896798871402
"Npr2",0.213783228561753
"Wdr12",0.21377190368287
"Kpna6",0.213753304118576
"Pex5",0.213734618171949
"Armc2",0.213733885097578
"A330041J22Rik",0.213654750294259
"Rom1",0.213643383842264
"Tubgcp5",0.213640981544221
"Atg16l1",0.213561604408328
"2610015P09Rik",0.213534127506228
"Traf6",0.213478255894661
"N4bp1",0.213459717718239
"Lancl2",0.213434786041835
"Smarcad1",0.213424103665315
"Brpf3",0.213421663406992
"Pik3r5",0.213406729668561
"LOC105244975",0.213388948012221
"Faf1",0.213385872357952
"Pdik1l",0.213369754959202
"Entpd6",0.213342229034351
"Cyb561a3",0.213337627948983
"Rai1",0.213331920325
"Arhgef7",0.21331232753989
"Prrc1",0.213309844056374
"Ahsa1",0.213306904221164
"Gid4",0.213303697337689
"1110008L16Rik",0.213194512576379
"LOC102639067",0.213155083828707
"Zfp512",0.213134498389561
"8430429K09Rik",0.213107315086122
"Kcnq2",0.21309490171757
"Srpk1",0.213084842178051
"Fam104a",0.213033119101687
"Pla2g6",0.213021234404754
"Zfpm1",0.213018865801154
"LOC102636129",0.213015284872931
"1700020I14Rik",0.213012594033865
"Enoph1",0.213012481600319
"Zfp52",0.212997194744534
"Zyg11b",0.212958700701222
"3110021N24Rik",0.212947270423268
"Cep57l1",0.212863180100124
"Lsm1",0.212848257423272
"Abca7",0.21280392252038
"Mthfsl",0.212789102120959
"Ap4b1",0.212774827747256
"Caml",0.21276157298067
"LOC105247156",0.212753271225095
"1810013L24Rik",0.212751501431367
"Sp2",0.212719458634762
"D930019O06Rik",0.212684191311204
"Zfp654",0.212656539807075
"Rfx7",0.212653919030106
"Zfp719",0.21259241436192
"Ercc3",0.212591130662978
"Gpr27",0.212585651548648
"Neurl4",0.212570663374355
"Cog3",0.212518830432923
"Klhl21",0.21247860840589
"Emc9",0.212474723018708
"Panct2",0.212473175484313
"Dync1li2",0.212456568837975
"Fam49b",0.212429942454832
"Ambra1",0.212337363730987
"Polr2b",0.212335232792156
"Trappc3",0.212331877079415
"2900060B14Rik",0.212311125546909
"Apoa2",0.212305662989561
"Champ1",0.212238730042613
"Parp11",0.21220063140707
"Ccdc84",0.212167063190037
"Pitpnm1",0.212154828539446
"Rltpr",0.212130944185364
"Trove2",0.212111817881313
"Mpp2",0.212110903949302
"Zbtb6",0.212105620359918
"Cpsf1",0.212100758739404
"LOC105245032",0.212078217041647
"Lzic",0.212029483729703
"Papd4",0.21202934910643
"Pop7",0.212012084588171
"LOC105242619",0.211992145893756
"Grk5",0.211984809147223
"Stx5a",0.211969520342808
"Bc1",0.211951266885506
"Shroom3",0.211946641600282
"Rnf115",0.211943584367153
"Prpf31",0.211923610366496
"Stx16",0.211857882215882
"Mesdc2",0.211857050171975
"Snx14",0.211836286364861
"Ldb3",0.211828955753173
"Gnai3",0.211796528772527
"Bbs1",0.211752451500358
"A230072C01Rik",0.21173980913728
"Tmem106c",0.211738451642387
"Tbc1d20",0.211700814783779
"Rpph1",0.211660647299579
"Brms1l",0.211643944250614
"Mier1",0.211611039540888
"Slc23a2",0.211608496089602
"C530005A16Rik",0.21157189897246
"LOC105243419",0.211534045430202
"Cwf19l1",0.211404556824193
"Telo2",0.211370491829849
"Hook3",0.211346875926821
"Tasp1",0.21131752727974
"Suv420h1",0.211313070896387
"Iqce",0.211312789341201
"Ube2f",0.211306805775641
"Arfip2",0.211294356349372
"Golt1a",0.211279736749441
"Ankdd1b",0.211228046265364
"Ptpn2",0.211221657986596
"Adamts18",0.211216103172583
"LOC102633210",0.211207504180522
"Ralbp1",0.211201391249911
"Rybp",0.211162735586822
"Dcaf8",0.211133927029064
"Sypl2",0.211018713018582
"Abcf3",0.21097536825083
"Gak",0.210975028109119
"Ap2a1",0.210967463560484
"1110032A03Rik",0.210942260019105
"Actr1b",0.210897816818693
"Lnpep",0.21087494780443
"Ipo7",0.210870298331798
"St7",0.210847370927184
"Ufm1",0.210814626818885
"Ppm1g",0.210742327454063
"9330155M09Rik",0.210739995551613
"Taf15",0.210738509588486
"Pex1",0.21072657569284
"Dnah7c",0.210709011014727
"Dcaf13",0.210706007542707
"Rapgef6",0.210703942330097
"Pdrg1",0.210682287031129
"Zfp810",0.21066906513239
"Pianp",0.210654352939496
"Lrrc61",0.210636010156018
"Scyl3",0.210611201768124
"Reps1",0.210602888144239
"Ppip5k1",0.210585123198644
"Mief2",0.210566544032094
"Bmpr2",0.210538086844991
"Wdr36",0.210520800566957
"Pnpla3",0.210497171877404
"Atxn7l2",0.210454987295627
"Tmem87a",0.210409757347939
"Ppp2r2b",0.210385827123673
"Mapk8ip2",0.210382755485939
"Zbed5",0.210372522953383
"Pum1",0.210371628445919
"Eif2s3x",0.210326208230626
"Tecta",0.21031178429158
"Fbxo33",0.21029603109991
"Wdr77",0.210268528600408
"6330418K02Rik",0.210226713249371
"Ankrd13c",0.210220685977088
"Eif1a",0.21021745350437
"L3mbtl4",0.21020133577987
"Bbs2",0.210190248488605
"Uqcc3",0.210154984793967
"Elmod2",0.210140731553556
"1200014J11Rik",0.210125910138136
"Ireb2",0.210100528866649
"Tmem39b",0.210091984348774
"Pex6",0.210087266650827
"Cacna1d",0.210085939208613
"Fbxo21",0.210028664420738
"Slx4ip",0.210012743848024
"Mnt",0.209996407952865
"Wiz",0.209959198863274
"Rnf4",0.209949565825132
"Wdr6",0.209886595281933
"Ciao1",0.209862563733108
"Wdr3",0.209851833748904
"Hat1",0.209834426053532
"Zfp874b",0.209782233905678
"Tmem168",0.209775606227812
"Sugt1",0.209774410371326
"Sh2b1",0.209711190879146
"LOC102639882",0.209675962107997
"Wash",0.209671064836977
"Yrdc",0.209646553220062
"Yod1",0.209645411816627
"Svop",0.209641300868542
"Ezh1",0.209607954704785
"Prcc",0.209559481234805
"Dars",0.20953805488203
"Golga1",0.209535015827585
"Derl1",0.209509658366759
"Ttll12",0.209487703922386
"Dcun1d1",0.209481415310876
"Smchd1",0.209455680355088
"Nup88",0.209408154368387
"Exd2",0.209366536122479
"Prmt6",0.209345505532416
"LOC105246139",0.209322378905826
"Trnau1ap",0.209283226115469
"LOC105246892",0.209275543236357
"3110062M04Rik",0.209268695533802
"1600020E01Rik",0.209250702810155
"Stxbp5",0.209224825059346
"Ano8",0.209217236202376
"Siglecf",0.209174335239638
"Slc41a3",0.209172171359353
"Cdc5l",0.20913518130956
"Cc2d1a",0.209116063964146
"Ppp2r5e",0.209024184863277
"Mri1",0.2090128823068
"Mbtd1",0.208992741545351
"Amigo1",0.208963157237311
"Ergic1",0.208961338125375
"Katnal2",0.208945032394092
"Cbx7",0.208927440169054
"Wdr31",0.208906189352623
"LOC105242594",0.208883054869659
"Sclt1",0.208819896690233
"Eif2b4",0.208796516877147
"Tfpt",0.208786151258593
"Zfp563",0.208758294807519
"Srm",0.20870879414335
"Csgalnact2",0.20861802693253
"Hipk4",0.208611090165905
"Stau1",0.208589105646664
"Top3b",0.208555819396308
"Colgalt1",0.208549362813709
"LOC105244148",0.208505239526291
"LOC105246020",0.208497494893469
"Creld1",0.208486665795885
"Cilp2",0.208443741011468
"Hgs",0.208369753299859
"Lsm8",0.20836880266316
"BC049352",0.208316493082965
"Ntf3",0.208310399537014
"Polr2m",0.208268860590152
"Rfc3",0.208205761853513
"Drg2",0.208192440402899
"Klhl11",0.208143404349831
"Zfp131",0.208129596375074
"Wdr45b",0.208109337189277
"Hmgb1-ps5",0.208106689832095
"Pex19",0.208090764728866
"Eif3j2",0.208044795978669
"Rc3h1",0.208009334816569
"Creb3",0.207989112602083
"Zfp354c",0.207987147787552
"Nfkbil1",0.207942317047867
"Ppa1",0.207898308057589
"LOC105244871",0.207886592507023
"Tshr",0.207880442474382
"Pdxdc1",0.207879874069718
"LOC105243189",0.207809397154548
"4930570G05Rik",0.207790513524468
"Snip1",0.207784557401539
"Fgd4",0.207774249901217
"Tox4",0.207760754343995
"Rtfdc1",0.207745832391328
"Rrp8",0.207728554244368
"Umad1",0.20770742492012
"3110057O12Rik",0.207697756399085
"Lrrc47",0.20765830229792
"Znrd1as",0.207623309484809
"Gnl1",0.20758902908079
"Rnf146",0.207532362453839
"Snrnp200",0.20750597166956
"Zfp597",0.207486459106197
"Mettl3",0.207467155560002
"Nup153",0.207440283087515
"Prrc2b",0.207427258646593
"Cd46",0.207415023126668
"BC027231",0.207314490317663
"Emc3",0.207298486357936
"Hiatl1",0.207286164763345
"Bcdin3d",0.207266686504111
"Ccz1",0.207238492070777
"Pofut2",0.207202185407451
"Fbf1",0.207199750601534
"Mir9-2",0.20716575777473
"Flcn",0.207130662115838
"R74862",0.207104049055959
"Celf5",0.207083812994168
"Bbc3",0.207081840425221
"6430590A07Rik",0.207071690795551
"Nup210",0.207070473713913
"Arl6ip4",0.207044383658998
"Dhrs11",0.207019764250823
"Use1",0.207002317473846
"Harbi1",0.206975216342667
"Wibg",0.206970619753564
"Fam198b",0.206949424920819
"Fam220a",0.206939654671637
"Fbxo10",0.2068776907746
"Zfp623",0.206857486722457
"Zfp398",0.20684160620324
"Dhx57",0.20679484235317
"Anks3",0.206792363735095
"Zfp846",0.206739883575366
"Emc6",0.206697156206854
"Shisa4",0.206680297425152
"Ubr2",0.206672775155324
"Dph3",0.206646865662953
"Ptplad1",0.206580171043054
"Ccdc64",0.206502082441925
"Nova2",0.206412728273069
"Zfp358",0.206402583446699
"Atg14",0.206358211512919
"Dnajb11",0.20634918395294
"Pomc",0.206333734515917
"Vamp7-ps",0.206330103129516
"Eif2d",0.206310408718846
"Fer",0.206290265665267
"1700112D23Rik",0.206251822498825
"Eif5b",0.206237052925889
"Zfp65",0.206230793472148
"Aebp2",0.206182447448026
"Rbl2",0.206168829657866
"Zfp84",0.206154487431636
"Akap5",0.206146165271413
"Trappc9",0.206112978519815
"Stk11ip",0.206098048643434
"Elf2",0.206093558231643
"4930480K15Rik",0.206065398264707
"Kcnu1",0.206045924460181
"Toe1",0.206027113703475
"Fam213b",0.206023447412338
"Skiv2l2",0.205976807455873
"Got2-ps1",0.205964047294285
"Rb1",0.205847576246702
"Get4",0.205834706180027
"Zmiz2",0.205802065542319
"Wdr26",0.205787815339978
"Bfar",0.205772301422436
"Psmg4",0.205760076720745
"Sin3b",0.205755433787814
"Cramp1l",0.20575220627851
"Bai3",0.205747660891759
"Gtf3c2",0.205740249260114
"Kbtbd2",0.205723639768187
"Hlcs",0.205698095927738
"Pgm2l1",0.20568213222585
"Pex14",0.205657311681299
"Rnf20",0.205654738869653
"Kdm4a",0.205642789822683
"Dhdds",0.205633557363332
"Brpf1",0.205608185283315
"Ppfia2",0.205593514836188
"C2cd2",0.205535949995144
"1500004A13Rik",0.205514906689479
"Fbxw11",0.205476401030332
"Gtf2b",0.205462410412451
"Trim17",0.205458196828714
"Strn4",0.205457555572434
"LOC102638083",0.205451826398063
"Ralgapb",0.205417312053703
"Rabl6",0.205405732142334
"Paqr3",0.205350990048986
"Fancg",0.205350004570283
"Snhg8",0.205338439473895
"Dnajc25",0.205336283633911
"Lig4",0.205331908611962
"Ppp1r15b",0.205330757942969
"Zscan18",0.205327631549371
"Fam175a",0.205323203800794
"Kdm6b",0.205311433374413
"Atp8a1",0.205279991353631
"Bola2",0.205251180963133
"Edc4",0.205231352408303
"Dnmt3a",0.205204960668224
"C1galt1",0.205183234603929
"B830017H08Rik",0.205174869698906
"Dock7",0.205138240086094
"Zfp523",0.20510856264126
"LOC105246453",0.205097010739868
"Gem",0.205068999492905
"Prim1",0.204973304207018
"Cyp46a1",0.204931407829888
"Eif3m",0.204885370972117
"Prkce",0.204849575008637
"Tpp2",0.204781408269227
"Capza1",0.204760349856407
"Arfgap1",0.204708933479423
"Smim24",0.204697255071153
"Tmem120b",0.204695996059574
"Mapre1",0.20468938724794
"Pcgf2",0.204670316196149
"Mapk9",0.20462332675793
"4933407L21Rik",0.204611715189022
"Kif16b",0.20457708135426
"1700080G11Rik",0.204562675125631
"Bbs7",0.204559353395561
"Nelfa",0.20455849606537
"3110056K07Rik",0.204517313781114
"Jagn1",0.204517201829315
"Ccdc28b",0.204504534177841
"Suz12",0.204501779935721
"Rcor2",0.204474477702712
"Aqr",0.204449328188814
"Sntb1",0.204435169547161
"Ankrd24",0.20443455324422
"Usp10",0.204428550898379
"Sowahc",0.204399906139306
"Syvn1",0.204388439482494
"Cdan1",0.204332871058533
"Tcof1",0.204282009656272
"Mon1b",0.204242374120192
"Atp6v1h",0.204213575899775
"Rbm12b1",0.204209866737327
"Ube2q2",0.204203136436582
"Ercc6l2",0.204201893792215
"LOC105246236",0.204200676895251
"Kctd21",0.20418710021949
"Cuedc1",0.204135569913037
"2810013P06Rik",0.20412121959321
"Prss57",0.204101768276955
"Cntrob",0.204088933796155
"Tvp23b",0.204081271300281
"Igsf10",0.204080855160217
"Plcd1",0.204077829138671
"Ttc33",0.20403532099249
"Rnf114",0.204019686474704
"Cyfip2",0.203950290214198
"Lrrfip1",0.203945917439692
"Med12l",0.203942527594266
"1600002H07Rik",0.203941376341056
"Dph2",0.203900453194036
"Pkn1",0.203899955620842
"2900041M22Rik",0.203898324058875
"Spag4",0.203870815570028
"Pigp",0.203775036539583
"Tor1a",0.203731991252333
"Cftr",0.203720793614695
"Pop1",0.203710036281839
"Gtpbp1",0.203688558111698
"Trim37",0.203682876397904
"E2f3",0.203635097154884
"Lrba",0.203628526711253
"Mast2",0.203583067936557
"Spopl",0.203578803522961
"Dnajb9",0.20355855202752
"Nphs1",0.203531095799819
"LOC105242388",0.203512792095884
"Creb1",0.203511002710443
"Cbx5",0.203506138160581
"Cyp2u1",0.203472597544172
"AK010878",0.203464526998653
"Adarb1",0.203459302153318
"Rasal2",0.203399363208499
"2410006H16Rik",0.203345579234699
"Hsf2",0.203229340290399
"Zbtb26",0.20321544288389
"Senp7",0.203144424550832
"Mapkbp1",0.203136520660306
"Lcmt2",0.203111906148077
"Odf2",0.203104030320007
"Vash2",0.203031399131794
"Fndc4",0.203010183514044
"LOC105245711",0.203005098997832
"Frrs1l",0.202982933755715
"Heatr1",0.202951140394035
"Apol8",0.202907734307292
"2700081O15Rik",0.202907721407665
"Cdk13",0.202886194953119
"Tmem199",0.202858216529976
"Prkcz",0.202847701107535
"Alkbh5",0.202838580084353
"Mocs2",0.202836049220662
"Prpf4",0.202806616842699
"Vegfb",0.202793557337769
"Rab10os",0.20278978885906
"Foxo3",0.202782805782655
"Clptm1l",0.202777567342241
"Vprbp",0.202760889235565
"Tmem9",0.202757200467467
"Dyrk1b",0.202730131114565
"A330093E20Rik",0.20270762546393
"Tmem183a",0.202703100048076
"Tm9sf2",0.202679594570566
"Ccdc107",0.202591593164987
"Htr3b",0.202489469052928
"Pfkfb4",0.202421485835556
"Ctage5",0.202364447598076
"Mon2",0.202363028826876
"Klhl20",0.202348703844484
"Pik3cd",0.202267707156477
"Tapt1",0.202263827203366
"Kdm2a",0.202240765350906
"Kansl1l",0.202230365266553
"Flnb",0.202216403277772
"Tmem128",0.202172127889325
"Dok7",0.20217046210114
"Megf8",0.202154081954498
"Spata33",0.20211664848748
"Man2c1",0.20210468526029
"Taf6l",0.202093289661165
"Pggt1b",0.202072372035496
"Ostm1",0.202029277184561
"Sult4a1",0.202026422554922
"Rcor3",0.202014803297
"E130102H24Rik",0.201825722034874
"Trim11",0.20182121562973
"Atp2c1",0.201798535817511
"Arv1",0.201752418302031
"Dnajc27",0.201687000595654
"Zfp777",0.2016708107421
"Cand1",0.201662278007052
"Srp19",0.201533010456671
"B4galt3",0.201512232037021
"Dnal4",0.20150366600755
"H2-T24",0.201475693586878
"Meis3",0.201463854671976
"Gapdhs",0.201452841320355
"Mirg",0.201353569087913
"Crbn",0.201348432007896
"Cdc16",0.201326635497618
"Tbcd",0.201322257257816
"Dpys",0.201237387126113
"Osgep",0.201220209968591
"Nsun6",0.201209099201391
"Adat1",0.201204387836456
"Fem1b",0.201202563385357
"Snapc3",0.20119143933968
"Insig2",0.201187414078335
"Zfp668",0.201156722137889
"Ttc8",0.201135919175078
"Ccdc132",0.201109548282964
"Ints8",0.201021750862592
"Ubfd1",0.200916667723816
"Ccdc101",0.200910019925233
"Rab3d",0.200905342303952
"Tmem136",0.20089254887225
"Zer1",0.200835585624245
"Med30",0.200820819658389
"LOC102640562",0.200819402908887
"Cherp",0.200817525325404
"Taf1b",0.200801477324948
"Bag4",0.20079261855991
"Rnf214",0.200731334628493
"Kpna4",0.200714487224783
"Smurf2",0.200670056533415
"Nek1",0.200653775154666
"Topors",0.200633710655773
"Znhit3",0.200613288885266
"Celsr3",0.20061183515895
"Msl1",0.200599004481814
"Trmt10a",0.200595370091027
"Psmb4",0.200566657922808
"D330050G23Rik",0.200502442936334
"Tm2d3",0.200496215061712
"LOC102641704",0.200448439809931
"Zmynd8",0.200348695706025
"Vangl2",0.200324851203708
"Kansl3",0.200323630849058
"Pgp",0.200312337688474
"Pfn2",0.200302295771236
"Prim2",0.200275084784072
"Reep2",0.200221769383142
"Ehmt2",0.200179843577903
"Acp2",0.200148727778588
"Arntl2",0.200120038145423
"Myh2",0.200081294525091
"Smarcal1",0.199988182990967
"Kif5a",0.19998123616664
"Zfp326",0.199940319363146
"Senp3",0.199932414422308
"Serpinc1",0.199926190225939
"Dos",0.199919242723359
"Zfp407",0.199918890132281
"Ccdc66",0.199910908060444
"Rtca",0.199642136081571
"Tmem170b",0.199634936569674
"LOC105242688",0.199623593656353
"Wwp2",0.199609517900009
"Magel2",0.199564973089269
"Pspc1",0.199549668118532
"Dgkd",0.199501996784599
"Ostc",0.199474906348104
"LOC105246660",0.19947275543854
"Gpn2",0.199470691704721
"Mettl18",0.199457592294568
"Akt1",0.199455014630942
"Gdpd1",0.199453373156591
"Zfp51",0.199433117961926
"Dctn4",0.199411755273961
"Exoc7",0.199405746685512
"Gal",0.199387441319228
"Arcn1",0.199373411768066
"Fbxo9",0.199341334923099
"Dnah5",0.199326007741017
"Wdr37",0.1993001581702
"6330409D20Rik",0.199280582229826
"Ddb2",0.199152120325084
"Crebzf",0.19913028332831
"B3galnt2",0.199082677447592
"Ube2ql1",0.199078084879024
"Cep70",0.199072750472516
"Lrp11",0.19901373995334
"Brix1",0.199009063953411
"Ywhag",0.198998124147
"Mmel1",0.198994520899714
"Zfp648",0.198991640660703
"LOC105242722",0.198988770885567
"9330102E08Rik",0.198974261392915
"Tfr2",0.19894304620845
"Asna1",0.198919294997985
"Kcnb1",0.198911898745494
"D130017N08Rik",0.198899674923161
"Hspa4",0.198886481640035
"Zfp157",0.198883703285816
"Fance",0.198883365494722
"Cdkn1b",0.198828442496065
"Ascc3",0.198791324493533
"Cog5",0.198771414867181
"Herpud2",0.198765383667063
"Kri1",0.198761844001719
"Narfl",0.198751760689467
"Sf3a1",0.198745284052555
"LOC105243553",0.198714364389674
"1110059G10Rik",0.198711231364114
"Bet1l",0.198687116270714
"Plcd3",0.198681892863542
"Cdadc1",0.198676079277325
"Astn1",0.198669567639112
"Znrd1",0.198653438449548
"Dtd1",0.198652456071492
"Cactin",0.198610507208033
"Gtf2a1",0.198587013984988
"Lrrc1",0.198531338505703
"Aida",0.198519955888263
"Tgs1",0.198501684689152
"2610002M06Rik",0.198500284042527
"Zfp605",0.198485377834024
"Ctdnep1",0.198473039007575
"Cdh15",0.198453606195381
"Enthd2",0.198445634746992
"Mei4",0.198445078575876
"Klf13",0.198420118864589
"Bag5",0.198392129121391
"Pex12",0.198386983963656
"Peg13",0.198364119914953
"Usf2",0.198349147846316
"Exosc4",0.198348582256582
"Zfp641",0.198286043779372
"Rnf208",0.198263298597962
"Zmym2",0.198220188460137
"Tuba4a",0.198198774059781
"Wdtc1",0.198195999225829
"A130010J15Rik",0.198171534289854
"D130007C19Rik",0.198165451042644
"Csnk2a1",0.198150955108154
"LOC106740",0.19814123845042
"Ctcf",0.198108822124271
"Tmem240",0.198098421937462
"Ttc17",0.198019383578112
"Psmd5",0.197973331137811
"Ppp2r2c",0.197948915459288
"Ccne2",0.19789901984467
"Zc3h18",0.197894725326142
"Tm9sf3",0.197820048017066
"Dennd6a",0.197819678414841
"Morn1",0.197778154411348
"Lppr5",0.197677873217415
"Rrn3",0.197631089148068
"A930015D03Rik",0.197630590056058
"Rps10",0.197593300463868
"Ttc1",0.197593246311313
"A430033K04Rik",0.197572507581012
"Adnp2",0.197549735954887
"Fgfbp3",0.19754709520661
"Commd7",0.197546073697415
"LOC102637959",0.197468246232836
"Tmem33",0.197453328833516
"Rab26os",0.197452264274936
"Cul9",0.197416707393049
"Mak16",0.197410640811284
"Cep350",0.197372248905664
"E130215H24Rik",0.197362989078076
"BC003331",0.197344468084244
"Ntan1",0.197289222234762
"Taok2",0.197224883034845
"Celsr2",0.197221340852359
"Htt",0.197210129943394
"Iqcb1",0.197179865816823
"Klhdc4",0.197162055350979
"Xab2",0.197150524078658
"Taf8",0.197138750841642
"Mllt6",0.197106614334332
"Tmem232",0.197084204663434
"A730089K16Rik",0.197062177960743
"Unc79",0.197041156014492
"Tmem206",0.197020198331666
"Srcap",0.196966086887201
"Zmym4",0.196854245167114
"Smt3h2-ps3",0.196811069847835
"Ddit4",0.196776666056847
"Tef",0.196770342667931
"Hdac11",0.196712460626686
"Mapk1ip1",0.196708154093053
"Zfyve16",0.196565937916505
"Zfp420",0.196527412484862
"Scd3",0.196516014546813
"Whsc1",0.196501932557912
"Trim41",0.196455541632135
"Sncb",0.196428571428028
"Tiprl",0.196336027014758
"Cops5",0.196329026309799
"Rbm33",0.196306357202217
"Xrn1",0.196293291304705
"Rpl12",0.196291985919461
"Cnot6",0.196285812064828
"LOC102635282",0.196274114392758
"Mkln1os",0.196269389260898
"Uba5",0.196257442228244
"Arid1a",0.196250224139053
"Nynrin",0.196242562760699
"Rgmb",0.196228649709059
"Slc38a1",0.196224270645101
"Lmcd1",0.196179275519674
"Mllt10",0.196173704704861
"Usp36",0.196162153949351
"Kat5",0.196078567466205
"Fndc3a",0.196047548831325
"Zfp513",0.195999378371019
"Snrk",0.195939183643536
"Dhx38",0.195802822038401
"Taf1a",0.195786992068755
"Tfdp1",0.195780122934741
"Fam168b",0.195702341171294
"Zfp866",0.195609719468182
"Rps6kb2",0.195591776680288
"Klhl18",0.195570712088319
"Slc12a6",0.195565145685633
"Ercc8",0.19555112164018
"Eef1e1",0.195527967086955
"Tti1",0.195377666631619
"Pcsk7",0.195356107032069
"B230118H07Rik",0.195325422961799
"Aste1",0.195305330067623
"Zfp105",0.195296514479057
"Ino80e",0.195287747673608
"1600002K03Rik",0.195287442535395
"Dgkq",0.195262743427077
"Asb7",0.195244390992594
"Eif4enif1",0.195228693531428
"Fan1",0.195205611586496
"Snhg1",0.195199444165691
"Zscan26",0.195188459872288
"Crk",0.195187477972386
"Rfx5",0.195184998946425
"Tgoln1",0.195167966790401
"Jakmip2",0.195114678001062
"Supt6",0.195110857563345
"Btrc",0.195107011220943
"Ppp1r26",0.195070369954311
"Prdm2",0.195045425628111
"Sp4",0.195033252130677
"Spa17",0.195021232797745
"Larp1",0.194972518323696
"Ube2cbp",0.194964480597008
"Map1a",0.194955320464506
"Atp5k-ps1",0.194953501264078
"Zfp72",0.194908232765601
"9330133O14Rik",0.194879266845677
"Gtf3c4",0.194836861072964
"LOC105245823",0.19483024399467
"Sec24a",0.194821387907283
"8030462N17Rik",0.194816767877003
"Pdxk",0.19479781391447
"Flywch1",0.19479365739857
"LOC102637366",0.194745049032182
"Il12rb2",0.194743232692214
"Ck-ps3",0.19467966136156
"Slc39a7",0.194598803088217
"Erlec1",0.194588927250305
"Lysmd3",0.19454323129666
"Golt1b",0.19448636725104
"Ppp1r13b",0.19446285685433
"Simc1",0.194456702840556
"Patl1",0.194383665500307
"Capn12",0.194369108725278
"Lars",0.194355492975728
"Ep400",0.19430921861214
"1110019D14Rik",0.194241102124074
"LOC105246588",0.194192568758693
"Tmf1",0.194140321594979
"Usp16",0.194089114360981
"Taf5",0.193979654251529
"Exosc10",0.193973790788549
"1500026H17Rik",0.19396864657538
"Pmm1",0.193939387796161
"Npas4",0.193902085747169
"Grtp1",0.193893163025974
"Clk3",0.19387976460651
"Pigv",0.193861406086814
"Zfp160",0.193792361231743
"Rhpn1",0.193743883140679
"Dnajc6",0.193742078689545
"Ip6k2",0.193701424914124
"Sipa1l3",0.193670330019862
"Riok3",0.193656210507698
"Afg3l1",0.193640299961624
"Dnajc16",0.19363006197717
"Fam45a",0.193613956403199
"Rsf1",0.193601156053081
"Senp2",0.193592588727184
"Aldoart2",0.193575231822256
"Prr12",0.193570601804867
"A930017M01Rik",0.193550682121958
"Kat7",0.193530921061724
"Adcy3",0.193527133638894
"4933431E20Rik",0.193526121907171
"Ubqln4",0.193480943038708
"Lemd1",0.193443874587298
"Tspan31",0.193443332413848
"Gtf3c5",0.193432124444925
"Il1b",0.193431546966852
"Edrf1",0.193424762255055
"Mier2",0.193409493303087
"Zbtb44",0.193407960495369
"Ccdc50",0.193397042168756
"Jtb",0.193371092215841
"5031425E22Rik",0.193369834608712
"2410004N09Rik",0.193368570599252
"Ccpg1",0.193349888634112
"Apoa1",0.193348389110811
"Rab18",0.193337392661641
"Arvcf",0.193311442654168
"Sec1",0.193295440306347
"Ubxn2a",0.193291287668071
"Magi2",0.193260352966613
"Agt",0.193238187832773
"Tbc1d2",0.19318933932458
"Plcb1",0.19318533319731
"Ap4m1",0.193184784536885
"Enah",0.19317899657075
"Zfp553",0.193103048542073
"Prkag1",0.193077542243708
"Dnmbp",0.193042853845098
"Plrg1",0.19300077245788
"Ntmt1",0.192970819618943
"Adh5",0.192955336248029
"Rassf6",0.192893320915369
"Agtpbp1",0.192886493119543
"Zw10",0.192848397869607
"Slc9a2",0.192796582061667
"Agbl5",0.192786202396393
"Abi1",0.192780248346984
"Ep300",0.192773776911612
"Insm1",0.192753514136855
"Marf1",0.192753092547644
"Chp1",0.192745305976713
"Slc38a6",0.192732892578426
"Ubp1",0.19269108715842
"Tmem104",0.192615900714149
"Uchl5",0.192568417903338
"Nanos3",0.192562926088582
"Srxn1",0.19255834369785
"Bud31",0.192536554928131
"Nt5c2",0.192485575512578
"LOC102640451",0.192455248184499
"Atat1",0.192444769072235
"Nat8l",0.192415996472652
"Ap3s1",0.192406809345787
"Tacc1",0.192405876751702
"Mfsd7b",0.192392082890184
"Rala",0.192346798898411
"Pemt",0.192338561848797
"Stk38",0.19229300400251
"Dusp3",0.19228800735884
"A730090N16Rik",0.192277304076518
"Arhgef26",0.192257800541469
"Whamm",0.192248266968131
"Cep85l",0.192235220846552
"Dnajb3",0.192180675450473
"Amer2",0.192157112050877
"Rit2",0.192146816716849
"Ak8",0.192141270303846
"9530068E07Rik",0.19212636828543
"Rbm12b2",0.192107762532322
"Rmi1",0.192074803403931
"Stk35",0.192022310328053
"Brd1",0.19198251690658
"Tmem106b",0.191980525891197
"Mterf1a",0.191939254262377
"Kcng4",0.191933678528698
"Zfp653",0.191907261920912
"Pgam1-ps2",0.191890856988668
"Igf2r",0.191872960956423
"AW146154",0.191865256316632
"Peo1",0.191863131545745
"Hira",0.191839784904788
"Fam204a",0.191835747006691
"Nat14",0.19177449036855
"LOC105244315",0.191730556307768
"Fbl",0.191664512669393
"Trim67",0.191642197898046
"Inpp4a",0.191581595761441
"Mkln1",0.191559816514025
"Orc3",0.191460644679351
"Zfp219",0.191451216448918
"Gp1bb",0.191431797803647
"LOC102641516",0.19141755540824
"Eya3",0.19137904143406
"Zfp532",0.191360375370549
"Aars",0.191338177825799
"Fam192a",0.19131620580184
"4833439L19Rik",0.191298592965345
"Rabggtb",0.19129393139608
"Impdh2",0.191258001897286
"BC002059",0.191238134922867
"Mpdu1",0.191165300234926
"Cep63",0.191136379767511
"Zfp68",0.19108930337566
"Onecut2",0.19108331342714
"Hmg20a",0.191020738882835
"Rp9",0.191016887175064
"Foxn2",0.191009553728394
"Ttc30a1",0.190996198630184
"LOC102639013",0.190966294750786
"AU023762",0.190924384623167
"Alkbh4",0.190916140003309
"Icmt",0.190900056704849
"Caskin1",0.190867572549449
"Poli",0.190863615936239
"LOC102631735",0.190851846244596
"Wdr47",0.190838163493534
"Cttn",0.190825835918659
"D130020L05Rik",0.190789980928769
"2310035C23Rik",0.190756013841492
"Tctex1d2",0.190736861880939
"Ddx51",0.190716975063794
"Actr8",0.190661678839405
"Cfap46",0.190588640123649
"Ccndbp1",0.190568029128758
"Bbs4",0.190513210772161
"N4bp2",0.190498781998247
"1700028K03Rik",0.190420976787148
"Mier3",0.1903826770477
"Shisa2",0.190378558555053
"Tpm3",0.190326702021803
"LOC105246346",0.190290297103031
"Arid4a",0.19027379560222
"LOC102642041",0.190272879333032
"Tmem231",0.190241542377451
"Ccdc186",0.190241031411456
"Lcor",0.190215395823863
"Zfp598",0.190174353205907
"Foxj2",0.190171131765463
"Rchy1",0.190169499313268
"Setd1a",0.190151520520754
"Ift22",0.190128342186834
"Ppp1r9a",0.190125185501307
"Mydgf",0.190119527128624
"Dpf2",0.190107711247902
"Sympk",0.190071150390949
"Gpr115",0.190027322292232
"Tmem161b",0.189969905424959
"Eif2s3y",0.189922176218464
"Rp2h",0.189914795279564
"2700046G09Rik",0.189911827239135
"Sec23a",0.189866208358647
"Sv2a",0.189865169075371
"Emg1",0.189854462458138
"Tmem178b",0.189852950226664
"4831407H17Rik",0.189849176044674
"Gnb1l",0.189847843323103
"Ppp2r2d",0.189832137106374
"Usp34",0.189829355937523
"Adat2",0.189800642763899
"Fam69b",0.189799121113126
"Galns",0.189756357515772
"Slx1b",0.189752347519458
"Ccdc108",0.189740974765256
"Tsen54",0.189733944246023
"Arid2",0.189726180433391
"Drosha",0.189684049453826
"Usp7",0.189631628429052
"Nol9",0.189603623440977
"Rlf",0.189579267542737
"Prpf6",0.189538215747777
"Nasp",0.189522822597511
"Ppm1d",0.189452279090915
"Ddx1",0.189448271340967
"Hmgcs1",0.189372916629217
"Atg12",0.18929238225018
"Rfxap",0.189279367577706
"4921504A21Rik",0.189222979519697
"Atg3",0.189215764835973
"Snrnp48",0.189174422599088
"Srprb",0.189132061629624
"Rft1",0.189110547873191
"Ttll1",0.189073403772667
"Srp54a",0.188952866395464
"LOC105244908",0.188918266852912
"Armc7",0.188914779744376
"Skida1",0.188903963001674
"Tpt1-ps5",0.188879172153023
"Icam4",0.188878121430087
"Brd2",0.188829597387713
"Fam122a",0.188813514831045
"Kras",0.188788539046315
"Lrfn3",0.188776242930373
"Fam160b1",0.188746069020613
"Actr6",0.188732232362057
"Zfp354a",0.188608100954684
"Agap3",0.188588336845785
"Pgam1-ps1",0.188527654673913
"Zfp870",0.188521304277942
"Wdr82",0.188502125928454
"Wdr90",0.188455374187423
"LOC105243894",0.18840158859225
"Zfp39",0.188378855933638
"Wipi2",0.188372405321064
"Zfr2",0.188371598814773
"Zfp354b",0.18835155702908
"Etv3",0.188343020825939
"Disp2",0.188336521554445
"Pknox1",0.188287081624823
"LOC105243374",0.188246530891557
"Fbxo38",0.188242841129827
"0610011F06Rik",0.188205424387081
"Trappc2l",0.188165184643025
"Cstad",0.188156605606558
"Dnajc5",0.188149486265385
"Med13l",0.188106630331194
"Ikzf5",0.188079831224591
"Zfp148",0.18806970850355
"Aimp1",0.188060644016707
"Wtap",0.188055420991378
"LOC105242758",0.187979411820959
"Zfp292",0.187976070273006
"Esf1",0.187925459524881
"Polr1a",0.187886853828182
"Cnot6l",0.187840510947799
"Ppp6c",0.187805420112476
"LOC105246094",0.187743211089201
"Pip5k1c",0.187729615031201
"LOC105246171",0.187716889166767
"Ints5",0.187713884745475
"Snx29",0.187688376852951
"Phf3",0.187678650604802
"Ankhd1",0.187660013191491
"Kdm3b",0.187659677385504
"Strip1",0.187646952089808
"Phf12",0.18764685854418
"BC048403",0.187603381167004
"Fam193a",0.187588088449157
"Tnrc18",0.18757959105281
"Ccdc55",0.187568976357113
"Phf13",0.18749009664639
"A430108G06Rik",0.187455052084268
"Nfya",0.187442674798349
"Ndn",0.187414904279537
"LOC102642778",0.187398472553115
"Btbd7",0.187368581394619
"Mettl24",0.187344828521981
"Tet2",0.187318553532623
"Ccnk",0.187307453249399
"Efhd2",0.187291286651432
"Dirc2",0.187272443240174
"Gemin4",0.187244896406483
"Snx27",0.187165897222464
"LOC105245774",0.187156692605332
"1810043H04Rik",0.187156633903667
"Twist2",0.187133717426039
"Pdcd6",0.187115037533818
"Peg3",0.18709485744492
"Dhrs7c",0.187072241973569
"LOC105244150",0.187068768881232
"Morc2a",0.187062146575776
"Papln",0.187020784354053
"Lmod3",0.18701083064778
"Ldb1",0.186993936384854
"LOC105246961",0.186983426842097
"Polr3b",0.186974785581764
"Dcaf17",0.186965578722031
"LOC105243420",0.186948102223594
"Adrb3",0.186937614438505
"Pak1",0.186909858443579
"Safb2",0.186894909783061
"Kdm4b",0.186872013657933
"Trpm7",0.186869207198265
"Oxsr1",0.186863664568645
"Mgrn1",0.186850190567582
"Zfp867",0.186811112043991
"Kctd17",0.186799426008295
"Pigm",0.186795275181808
"Gcn1l1",0.186794671942835
"Slc5a3",0.186794577307102
"Fxr2",0.186750174726701
"Os9",0.18670555477325
"Kiss1r",0.18668530233227
"Lrig2",0.186604948495016
"Fbxo44",0.186576756214252
"Mir124a-2",0.18657217959536
"LOC105244195",0.186536524615479
"Plvap",0.186457739137903
"Zfand4",0.186429760718362
"Snapc5",0.186407024625734
"Selt",0.186391602237909
"Rps19bp1",0.186363036835842
"Doc2g",0.186334345358155
"Wsb2",0.186294440366257
"Phrf1",0.186259984477063
"Wdr59",0.186253801389179
"Ube2k",0.186239647939916
"Amer3",0.186221550866361
"Msi1",0.186197894394919
"Wdr43",0.186185467846896
"Mia",0.186162851752058
"Prdm15",0.186157998707603
"Rnf145",0.186115668226644
"LOC105242847",0.18605880747457
"Dnajb14",0.186028880167253
"Tbkbp1",0.186001093135258
"Isg20l2",0.185989572088477
"E030013I19Rik",0.18597699423821
"Phf21a",0.185952343089643
"Pigt",0.18592674045366
"LOC100503142",0.185917374023015
"Fnip1",0.185843187046711
"Tmem246",0.185836124607754
"Mzf1",0.185828829718906
"Ghdc",0.185825777517416
"Tbrg1",0.185822915316945
"1700025F24Rik",0.185819888465075
"C130071C03Rik",0.185715268671571
"AW549877",0.185669156805798
"Bcl7a",0.185644518456724
"Ccdc174",0.185594465516063
"2410002F23Rik",0.185594083670831
"Aak1",0.185580521224669
"Hdac10",0.185552051423257
"Sdr42e1",0.185529153834344
"Pias1",0.185521844191248
"Zscan29",0.185500460338402
"Mre11a",0.185486031941087
"Gorasp2",0.185423866755168
"Erich2",0.18539082871478
"Stc2",0.185353945758937
"Itga11",0.185332457276033
"Amn1",0.185305774149563
"Nle1",0.185292844377508
"Dhx33",0.185287893021499
"2310061J03Rik",0.185281979558103
"St13",0.185241020502122
"Psmc3ip",0.185222013925988
"Chd4",0.185191458253307
"Angel1",0.185189010736328
"Zfp275",0.185184069048816
"Ppp1r36",0.185142705846094
"Nek9",0.185142482130141
"Gdi2",0.185132593267497
"H3f3a-ps2",0.18505596832128
"Pign",0.18504165772742
"Helz",0.185041012292731
"Aim1l",0.185038589087111
"Tmcc1",0.185035940778656
"Rab11fip2",0.185034699178112
"Strap",0.185033838775089
"Csrnp3",0.185021859145755
"Zfp938",0.184977143214307
"Tbc1d17",0.184958158034332
"LOC102642160",0.184950880958647
"Gcc1",0.184832996764636
"Uba3",0.184809241847137
"Zmym6",0.184805192960311
"Snurf",0.184805141071675
"2510039O18Rik",0.184787184210141
"Efr3a",0.184773741894812
"Cnnm4",0.184593167980745
"Zfp612",0.184577195249505
"Med23",0.184569801505205
"Ssrp1",0.184565004174878
"Rpl29",0.18444438860084
"Lect1",0.184383833635281
"Rabep2",0.184383587912535
"Derl3",0.184335714458013
"Zcchc4",0.184326557306951
"Evi5",0.184306249745013
"2900005J15Rik",0.184287714901687
"2610524H06Rik",0.184238325504807
"Nelfb",0.184238145994118
"Srek1ip1",0.184235738489421
"Gpr61",0.184235141365858
"Shkbp1",0.1842256714233
"Dmwd",0.18420537424063
"Neb",0.184051458542015
"Gnao1",0.184018636995368
"LOC105247046",0.18396162382817
"Mdn1",0.183939485431055
"Wbscr22",0.183843678139236
"Ube2d1",0.183838106759736
"LOC102640399",0.183815253563137
"Diexf",0.183808506670328
"BC029214",0.183796898860574
"Ttll7",0.183778898822139
"Kctd18",0.183770065769693
"Wdr19",0.183761884809181
"Als2",0.183748256302799
"Nfrkb",0.183735163260934
"Pigg",0.183730617515457
"Car11",0.183714252104337
"Cacnb4",0.183682634899355
"H2-T10",0.183670969607539
"Zfp119a",0.183659394637362
"Sarm1",0.183566247540725
"Cct4",0.183545816561112
"AK157302",0.183512498877022
"Scn2a1",0.183487599465733
"LOC102632465",0.183463159092007
"Shprh",0.183392576748618
"Riok1",0.183392335295362
"Osbpl5",0.183380639087062
"Kpna1",0.183329139397791
"Sin3a",0.183296228971037
"Zfp661",0.183285775517181
"Tom1l2",0.183283512171565
"Ufsp2",0.183268752058614
"Agtr1a",0.183256289506977
"Zfp959",0.183237516145761
"Ctbs",0.183225684959528
"Trip11",0.183194671274645
"Boll",0.183166758081339
"U2af2",0.183123223002444
"D630041G03Rik",0.183112218135373
"Fbxo25",0.183078757926531
"Golga4",0.183012879940539
"Tmem167",0.182988820747705
"9430038I01Rik",0.182885680000873
"G3bp2",0.182884025105304
"LOC105247055",0.18288341410431
"Xkr8",0.182857550365016
"Zfp141",0.182808186018758
"Rnf31",0.182795677703683
"Tmx1",0.182754605921904
"2700062C07Rik",0.1827421121753
"Pus10",0.182727359897445
"Mynn",0.182653806739826
"Alkbh6",0.182625676750635
"Zfp692",0.182625571782876
"1500015A07Rik",0.182588767337188
"Wdr46",0.182572658027343
"Sar1b",0.182535765197586
"Sirt6",0.18247768729874
"Eif2s1",0.182477134652908
"Htr4",0.182467725354193
"Ubr5",0.182434865214681
"Sh2b2",0.182432825235793
"LOC105242704",0.182425752197005
"March9",0.182418963917407
"Krba1",0.182383149890745
"4930522L14Rik",0.182345419693654
"C030034I22Rik",0.182332498780042
"Mbd6",0.182327568324402
"Emc1",0.182298906586711
"Sec24b",0.182298598438519
"Noc3l",0.182267636357633
"Pnma1",0.182228917287426
"Cbl",0.182204835581553
"Sox12",0.182163156026667
"Schip1",0.182153768058401
"Dhps",0.182145785641004
"Arl6",0.181942889988994
"Gnl2",0.181937852641477
"Dnah1",0.181924011359114
"Hr",0.181922509506577
"Wrnip1",0.181874646063205
"Fam71e1",0.181874071914711
"Psme4",0.181856862328823
"Slco4c1",0.181856599457388
"Zc3h15",0.181801959296519
"AW822252",0.181779141279813
"Preb",0.181715317348535
"LOC105242543",0.181594816830787
"Eprs",0.181572562543503
"Arih2",0.181523975870786
"Osbpl8",0.181499028893769
"Tmem260",0.181492237665238
"Snw1",0.181482569193395
"Ptpn23",0.181461731778756
"Wasl",0.181445795014122
"Tmx3",0.181442107429949
"Ikzf2",0.181406434337108
"Trafd1",0.181306784116208
"Cul3",0.181300482776722
"Dzank1",0.181277844313375
"Ddx18",0.181258608859779
"Fam134c",0.181232973408387
"Med21",0.181224587895688
"LOC100534278",0.181192214787591
"Saal1",0.181181257989776
"Dido1",0.181171281384113
"Abhd17a",0.181139724241335
"Scg2",0.181110756804866
"Snhg3",0.181074620554086
"B930059L03Rik",0.181045022326178
"Ppp1r2",0.181010175315358
"Inadl",0.180972418041053
"Gsk3a",0.180915646363198
"Cers4",0.180884183892579
"LOC102637711",0.180860115884368
"Lins",0.180849410917875
"Usp5",0.180801328634641
"B3galt4",0.180799520163431
"Vwa3a",0.180795875640996
"Gatad2b",0.180766487215718
"LOC105245524",0.180697017767778
"Rabep1",0.180655377474857
"A530050N04Rik",0.180631104427339
"Tpgs1",0.180626047668663
"Zfp13",0.180569791234221
"Eml6",0.180515899387807
"Atp11b",0.180475360815498
"Zbtb7a",0.180424639253919
"Plcg1",0.180422956951805
"LOC105242914",0.180294431021753
"Swt1",0.180269192914425
"Nat10",0.180266382318776
"Cmpk1",0.180253054103414
"Ehmt1",0.180206335701493
"Cfap97",0.18019988965119
"Traf2",0.180096528580939
"Zfp78",0.180089796857194
"Fabp3-ps1",0.180078916864621
"Psmd9",0.18007238339889
"Ago1",0.180030962366003
"Catip",0.180027963108365
"Mir7666",0.180004624184194
"Dnmt1",0.180001923888157
"Glg1",0.179964294983808
"Tmem55a",0.179956658841053
"Zfp287",0.179954590307501
"Ankrd17",0.179948972007997
"A930028N01Rik",0.179918320213811
"C030047K22Rik",0.179909417187691
"Ubr4",0.179879146720844
"C230091D08Rik",0.179865959100909
"Lrrc17",0.17978530733316
"Rrnad1",0.17977319492695
"Cdk12",0.179727675069218
"Atg2a",0.179696862615741
"Dnajb4",0.179616006619467
"Zfp58",0.179599451142229
"Pcif1",0.179587008559248
"Zfp748",0.179571854875709
"Ankle2",0.179524578452004
"Rbm7",0.179500870845066
"Zfp869",0.179432387123167
"Nek10",0.179395226606575
"Mycbp2",0.179320773159585
"LOC100862203",0.179306915706356
"Zbtb11",0.179282378446507
"Zfp143",0.179246744927691
"Zfp428",0.179215688969218
"Hdac3",0.179181744950871
"Tmem160",0.179166983204295
"Neurl2",0.179119409801343
"Zc3h10",0.178971457195312
"A230057D06Rik",0.178964583125378
"Eno3",0.178954203492515
"Prox2",0.17893676257212
"Cracr2a",0.178911373208904
"Brsk1",0.178899245590137
"Abcc1",0.178888329889553
"Clasrp",0.178865197973662
"Tmtc3",0.17885289839819
"Kdm5b",0.178813836532613
"AA467197",0.17880028188645
"Rhpn2",0.178799149240628
"LOC105242621",0.178789684708591
"Cers5",0.178766304530806
"Arl5b",0.178748494245603
"Txndc11",0.178704197842175
"Sharpin",0.178702061880298
"LOC102642321",0.178639801889659
"Lancl1",0.178571428570885
"Tbc1d8",0.178561339951639
"Sdcbp",0.178525917325386
"Pex11a",0.178525670301419
"Ppil2",0.178513369950133
"Rasgef1a",0.178473157330412
"Hspbap1",0.178446819387471
"Bbs12",0.178342563112438
"B230369F24Rik",0.178323382176
"Tpd52-ps",0.17827582315498
"Scaf4",0.178229676812194
"Elp2",0.17821657618001
"Gdap1l1",0.178203558401825
"Smap2",0.178167512785018
"B330016D10Rik",0.178158355095412
"6720489N17Rik",0.17814473360174
"Copg1",0.17812679251453
"Pced1a",0.178121131390072
"Zfp644",0.178104672628125
"Tnfaip3",0.1781008622594
"Glra1",0.178088137861202
"Wdr70",0.178055943895592
"Fam188b",0.178044525249817
"Exoc3",0.178023897993805
"Epha8",0.177983319882264
"Slc9a8",0.177958292302336
"Dync1h1",0.17791983287651
"Setd2",0.177916601067702
"Trim23",0.177915736384051
"2810049E08Rik",0.177852609613438
"Nlgn2",0.177809363847546
"Tpd52l2",0.177788224914726
"Med19",0.177760018096058
"Scaf1",0.177755459040244
"Uchl4",0.177745518434798
"Ankrd10",0.17762049750522
"Ndel1",0.177604981709449
"Rsph1",0.177604297093867
"D030028A08Rik",0.1775941355014
"Urb1",0.177569411853473
"Zscan22",0.177566205308008
"Serf1",0.177561917841894
"Vmac",0.177553161207624
"Bcl7b",0.177533724898099
"Tmem222",0.177445220223153
"Ccdc178",0.177436198894865
"Phc3",0.17741797216017
"AA388235",0.177405107524523
"Eif3j1",0.17737734788718
"Ice1",0.177375332130584
"Fgf22",0.177366960622941
"Fyco1",0.177275492838353
"LOC105246264",0.177263429887095
"Ilf3",0.177259511949922
"Bscl2",0.177184721534417
"Sae1",0.17714690053353
"Fbxo47",0.177130895541284
"D430042O09Rik",0.177109747966444
"Far1",0.177104533205778
"Fbxo11",0.177059093398509
"Tfcp2",0.177015158255278
"Rab21",0.176984881132852
"Napg",0.176968366360172
"LOC105246367",0.176962633055015
"Slc22a15",0.176943987959293
"Dcun1d5",0.176940096988606
"Ccdc93",0.176939726973676
"Prkaca",0.176927117237013
"Lztfl1",0.17691274728265
"Lin7c",0.176889469708969
"5830417I10Rik",0.176888836573979
"Dsg2",0.176856072110817
"Rab5b",0.176847152106093
"Chd5",0.1768471402465
"Vapb",0.17679392995774
"Nub1",0.176740445750448
"Rnls",0.176728478857801
"Lta4h",0.176686441489253
"Nagpa",0.176586096211818
"Sar1a",0.176515040140528
"Msh6",0.176512156558743
"4930532I03Rik",0.176465210109953
"LOC105243235",0.176464324151908
"LOC105246504",0.176459499771477
"Psmg2",0.17638900835911
"Msantd4",0.176357868838643
"Rab3c",0.176300213797807
"Abce1",0.17629840008608
"Zfp11",0.176258451046881
"Tmem60",0.176246557509856
"Srcin1",0.176196277583563
"Rpl10-ps3",0.176133285837849
"Pwp2",0.17613267148763
"Unc13a",0.176095987597413
"Tango2",0.176094432279584
"Mrps36-ps1",0.176006699020503
"Ggcx",0.175936127980051
"Fam109a",0.17583369088984
"Ap4s1",0.175797763611073
"Ndfip2",0.175783963418683
"Trim8",0.175779558746935
"Rif1",0.175729604551842
"E4f1",0.175729298390023
"Ago2",0.175667752035885
"LOC100044633",0.175653911272823
"Psg16",0.175653555793475
"Stox2",0.175609810240091
"Zc3h7b",0.175604196825051
"Fbxo4",0.17559295187242
"Hdhd2",0.175574481043146
"Caprin1",0.175546113920527
"Sra1",0.175543614827927
"Nova1",0.17547983912178
"Alyref2",0.17544103470799
"Usp19",0.175393443230873
"Ppp2r5c",0.175390572825314
"B430212C06Rik",0.175376456122323
"Limk2",0.175331560445274
"Zbtb10",0.175325142953218
"Ttc26",0.175263460431919
"Xpc",0.175258236589519
"Ccdc32",0.175250398796546
"B430319G15Rik",0.175238985775238
"Fubp3",0.17516790862542
"Tada2b",0.175167286540791
"Pxk",0.175161531294519
"Zbtb24",0.17507299658254
"Chmp3",0.1750505453379
"Pfkm",0.175028408273026
"Cep19",0.175022634085307
"Relb",0.174991916401129
"Frat1",0.174981395703361
"Itpa",0.174962466293353
"Lppr2",0.174947511629522
"Mterf3",0.174939163642363
"9330154J02Rik",0.174900740992612
"Clip1",0.174857913967772
"Dnm3os",0.174779209449381
"Pkp2",0.174723738977471
"Cct2",0.174723412513891
"Leng8",0.174660303735933
"Fam32a",0.174616629999609
"Myh7b",0.174602528957758
"Gucd1",0.174588162753297
"Asph",0.174579142074309
"Fh1",0.174570476675763
"Rps6kb1",0.17452501172774
"Atrn",0.174511494999737
"9930021J03Rik",0.174497446856186
"Zfp26",0.174472129767537
"Mir8109",0.174469378296761
"Kif9",0.174466443245069
"Nckap5l",0.174437523036641
"LOC105245967",0.174394095218331
"Fam120a",0.174392917601838
"Sirt1",0.174388779078468
"LOC105243540",0.174352901386862
"2410018L13Rik",0.174326760283256
"Uhrf2",0.174323222696906
"Bptf",0.174319176836699
"Itsn1",0.174273894985058
"Rad23b",0.174247405466265
"Hmgb1-ps7",0.174205638494815
"Arfrp1",0.174180691310737
"A330076H08Rik",0.174087003037256
"Ptar1",0.17408256506108
"Med13",0.1740019224814
"Spire1",0.173981225747024
"Arhgef12",0.173971931730645
"Tmem261",0.173962250412044
"LOC102635844",0.173912177970676
"Kansl1",0.173901062658373
"Trmt13",0.173792582589054
"Stab2",0.173789334407525
"Ccdc92",0.173785255722168
"Cd6",0.173775233424483
"Dennd6b",0.173770233137891
"Pcmtd1",0.173723718208887
"9930104L06Rik",0.173659633590283
"LOC105244455",0.173635727670444
"LOC105245096",0.17361669677304
"Zfp316",0.173609236419947
"Lig3",0.173607903566958
"9430083A17Rik",0.173586140716991
"Supt20",0.173551941095404
"Hspbp1",0.173521099983105
"Plekha5",0.173470516680303
"Trappc8",0.173443944265845
"Hexdc",0.173432724031619
"BC051226",0.173416614461462
"Kdm1a",0.173249557615521
"Ppp5c",0.173227884071798
"Rsbn1",0.173195125871158
"Lnp",0.173134691455102
"Smyd2",0.173028286182815
"Pogz",0.173022719223277
"R3hdm4",0.173022347415078
"Cep131",0.17299922996596
"Eml5",0.17299879123868
"4933404O12Rik",0.172974927096795
"Erp29",0.172965793286863
"Pcnxl3",0.172934139411551
"Fkbp4",0.172916699260794
"Ahrr",0.172851296274725
"LOC105245570",0.17277184385623
"Commd6",0.172767882946507
"Cdk17",0.17275924332521
"Mir3064",0.172726482127629
"Chd3os",0.17268975826555
"Qrich1",0.172683430738686
"Mia3",0.172643933143824
"Pramef8",0.172627457613324
"A230103J11Rik",0.172598265253402
"Tmem179",0.172588131750181
"Pigl",0.172577582539997
"B230317F23Rik",0.172560832528038
"Scaf11",0.172556228162979
"Golgb1",0.172538474648097
"Smg8",0.17253821419445
"Rrp1b",0.172516746538911
"LOC102632778",0.172516321695994
"Cwc22",0.172484070431261
"Ift27",0.172471529129003
"Tmem68",0.172466043115479
"Ebna1bp2",0.172440347141572
"Smim13",0.172426425133322
"Fbxl19",0.172373427149264
"Zfp142",0.172323928161007
"Slc12a5",0.172319861276808
"Trim9",0.17225732364646
"Klhdc10",0.17224701850131
"LOC105244956",0.17219402886079
"Cfdp1",0.172157640282453
"LOC102633880",0.172155067058923
"LOC102631979",0.17212251070174
"Gon4l",0.172111068325686
"Zbtb38",0.172095685228115
"Fam193b",0.172084342724459
"9130011E15Rik",0.17207002136623
"LOC105243688",0.172064704827987
"LOC105246859",0.172042945241789
"1700021F05Rik",0.172022084528807
"A330069E16Rik",0.171955125189279
"Nae1",0.171948610952149
"Setx",0.171863689034891
"Nrde2",0.171860344759263
"Tsr3",0.171836532221652
"Yif1b",0.17180309440548
"Ttbk1",0.171775644122425
"Becn1",0.171762227721977
"Fto",0.171739770699908
"Atn1",0.171737795522452
"4632404H12Rik",0.171718567806079
"LOC102634058",0.171711716844736
"Dus3l",0.171710700250825
"Trappc13",0.17167857297604
"Scrn2",0.171633417905843
"Rbm4b",0.171625988022656
"LOC102641617",0.171619008692364
"0610040B10Rik",0.171529474137067
"LOC102632031",0.171529092945727
"Zfp263",0.171513068408304
"Kcp",0.171486484321573
"Irf2bp2",0.171462920659726
"Unc45a",0.171440723964734
"Adk",0.171424896259632
"Nalcn",0.171423379142212
"Zbtb21",0.171393912321156
"Tram1l1",0.171350792714397
"Ercc1",0.171345197205438
"Rbm19",0.171322082013538
"Polr2l",0.17131162102112
"Axin1",0.171287421456389
"LOC105242711",0.171219752698536
"Ube2e2",0.171212582423548
"Rabgap1",0.171196389144323
"Rsrc1",0.171064319874746
"Sf3a3",0.171050213367996
"4831440E17Rik",0.171045735950848
"Wdr83os",0.171037750298178
"Dopey1",0.170982413969379
"Mettl10",0.170956139892771
"Rsbn1l",0.17092247509769
"Qsox1",0.170802330687734
"Spcs2",0.170801347073226
"Fdxacb1",0.170720779063573
"Tbrg3",0.170624029152515
"Sytl1",0.170557466674619
"Cttnbp2",0.170502975051524
"St8sia3",0.170492398394112
"Prkcb",0.170455202302907
"Map2k4",0.170409617290513
"Mtag2",0.170349988050535
"Fbxl8",0.170318111410471
"Lenep",0.170316020456749
"Zfp599",0.170267536658623
"Calhm2",0.170220209840819
"Mars",0.170210275147754
"Hid1",0.170197173876112
"1810032O08Rik",0.170187397959694
"Ptprcap",0.170149198126729
"Armc1",0.170120090947025
"LOC105242587",0.170118054995629
"Scmh1",0.170102262070267
"Trrap",0.170100541405339
"Ei24",0.170096781996128
"Teddm2",0.170070429795185
"E430024I08Rik",0.17006884957404
"Oxct2b",0.170040471490394
"Fam72a",0.169991362461488
"Dapk3",0.169947329504449
"Emc4",0.169926136479071
"Ikzf4",0.169914847899985
"Nqo1",0.169914427684851
"Clptm1",0.169908606679781
"Fgfr1op2",0.169872329914191
"Urgcp",0.169872024525146
"LOC105243050",0.169866916946935
"Zswim4",0.169823987882918
"Bcl9l",0.169794634876845
"Ficd",0.169789896254688
"CK137956",0.169785619009125
"Zfp933",0.169754733119419
"Nfyc",0.169754343369522
"Scube2",0.169746310465117
"Arhgef37",0.169668807636272
"Nvl",0.169635732006038
"Herpud1",0.169630489216652
"Itpa-ps1",0.16962005702282
"Taok3",0.169570834951726
"Mex3d",0.169546820587479
"H6pd",0.169497259442027
"Dcaf7",0.169449107361167
"Endov",0.169440686864859
"Mir212",0.169419872134117
"Hyou1",0.169381670049084
"Cbx6",0.169380972163893
"Ppp6r2",0.169375544662933
"Phf14",0.169365398912183
"Armc8",0.169352936739327
"Smek2",0.169328150058223
"Vps13b",0.169299766733572
"Ppp4c",0.169282511983419
"6430584L05Rik",0.16928101719117
"Ell3",0.169246863013789
"Whsc1l1",0.169074121059577
"Psmd13",0.169066591361918
"Krit1",0.16905609964593
"Grem1",0.169036367439
"Ccdc57",0.168992504326818
"5830433I10Rik",0.168904109199191
"Lmln",0.16885394622099
"Ddost",0.168851086295427
"Hmga1-rs1",0.168804085936266
"Brd3",0.168750732832901
"Gprin2",0.168748877408261
"Impad1",0.168745165657895
"LOC105245696",0.168731224004118
"Gpr75",0.168682039157315
"Yars",0.168664125137645
"Ubr1",0.16847922527189
"Tyw1",0.168478146135698
"6330415B21Rik",0.168463447129634
"Pofut1",0.168456084854849
"Bloc1s2-ps",0.168421099091189
"Lgr6",0.168349010331842
"Vmn2r-ps23",0.168262707008467
"Sacm1l",0.168258944093725
"Lsm3",0.168230892713648
"Mthfr",0.168219914385705
"Vps41",0.168196717360231
"Ift81",0.168170680198316
"S100a3",0.168135577368301
"Hipk1",0.168089531426465
"Ncbp2",0.16801194054811
"Mir8114",0.167994787007718
"Zscan12",0.167931701499307
"Mcm8",0.167929221189025
"Tusc2",0.167901303645573
"Pvr",0.167820328520176
"Med26",0.167787958426857
"Seh1l",0.167762123041442
"Crtc2",0.167746035640354
"Pcbp3",0.167734575444478
"Ppp6r3",0.1677252391865
"Fbxw7",0.167715446911932
"Utp20",0.167714647036258
"Nr2c1",0.16768570371099
"Phf5a",0.167674372656951
"Sun2",0.167662046430849
"Tuft1",0.167652540872754
"Map3k2",0.167632349920731
"Zfp637",0.167625817059739
"1810021B22Rik",0.167613938258455
"AA987161",0.167612470593016
"Med29",0.167597230438917
"Epm2aip1",0.167578218664772
"Cdhr3",0.167564343212757
"LOC105246920",0.167430485692608
"Ibtk",0.167353305914783
"Ifrd2",0.167313087478048
"Hivep2",0.167312722405453
"E030007A22Rik",0.167266079706689
"Cchcr1",0.167258520886528
"Smu1",0.167236349415147
"Zfp787",0.167207128272778
"Glyr1",0.1671847961306
"Ndrg3",0.167081622914571
"Pfas",0.167060026780263
"Zfp937",0.167053280123432
"Dvl3",0.167038151469671
"Atf2",0.166994914527129
"Mark3",0.166951601085209
"Pi15",0.166948037706474
"Irak1bp1",0.166896698236209
"Shq1",0.166895412096943
"Zfp182",0.166877109037109
"Zfp395",0.166867770988196
"Pde6d",0.16681464513327
"Lcmt1",0.166813550170956
"4930539N22Rik",0.166791107649076
"Irf2bp1",0.166790826842647
"Rab38",0.166772904254293
"Bicd1",0.1667656121772
"Psmd2",0.166739255131368
"Zfp369",0.166731098086639
"Hectd1",0.166725771798743
"Gpr45",0.166688407455357
"Mtpn",0.166647173800078
"Plb1",0.166644790171217
"Itgb3",0.166638424775296
"LOC105244308",0.166632169941526
"Vezt",0.166628220923128
"Zfp932",0.166584131097122
"Nme2",0.166567168307916
"Mib1",0.166561079936382
"Tmem181a",0.166544293660448
"Ptp4a2",0.166507277871866
"Dus4l",0.166504482422662
"2500002B13Rik",0.166463113827904
"Cdkal1",0.166450779298864
"Cndp1",0.166422223722046
"Meaf6",0.166401133779049
"4732440D04Rik",0.166387794722652
"Rbm6",0.166368893961993
"Gpr63",0.166350187432472
"Wasf1",0.166324894347945
"Mrpl48-ps",0.166319900935762
"BC061194",0.166252906572823
"Znf512b",0.166252288735932
"Rtcb",0.166248921590203
"Nop58",0.166232965363575
"Mmp24",0.166127704356233
"5830415F09Rik",0.166062621163333
"Iffo2",0.16604184621813
"Eapp",0.166009896640727
"LOC105243058",0.16599944313471
"Usp40",0.165988443405137
"LOC105246608",0.165976263928043
"Ylpm1",0.165914935780911
"LOC102632770",0.165892484399988
"Szt2",0.165883152339422
"Csnk1e",0.165846911338804
"Ddx25",0.16582994159251
"Epc1",0.16579112400494
"Cdk5",0.165774808403344
"Zkscan8",0.165771256948918
"Gp5",0.165755331942941
"Actg-ps1",0.165729268438147
"LOC105243891",0.165713625108685
"Nup98",0.16570611169828
"Ccdc142",0.165694053936036
"Nadsyn1",0.16569388760275
"Ing5",0.165689129927436
"Grin1os",0.165675751913013
"Rpl31",0.165633131947874
"LOC105246668",0.165628851616082
"Fam196b",0.165585647183566
"Kif3a",0.165569679841421
"Prpf38b",0.165530958336977
"Zfp871",0.165416932052379
"Dok2",0.165381675485101
"LOC105247200",0.16536612113423
"F2rl2",0.165359141897203
"B130034C11Rik",0.165349933423266
"Rsl24d1",0.165324263510975
"Zfp28",0.165296454357745
"Snrpa1",0.165293820911722
"LOC105244799",0.165224265390361
"Atxn1l",0.165136802063389
"Zbtb7b",0.165114374795997
"Csnk2b",0.165059921469822
"Ebf4",0.165042630290952
"Acp1",0.165001216125234
"Greb1l",0.16495591893568
"LOC105245975",0.164923830439027
"9530062K07Rik",0.164910778884551
"Jak1",0.164898580734798
"Trdmt1",0.164860632580032
"Arpc5l",0.164805201554228
"B4gat1",0.164772747657518
"Ipo9",0.164765105086424
"C2cd3",0.164763549151619
"Fuk",0.164761620039815
"Tubgcp6",0.164749110240461
"Cadm3",0.164721359009831
"Mllt1",0.164590896588218
"B3gnt9",0.164577449740916
"Arl14ep",0.164571839012594
"LOC102641901",0.164544928362497
"Zfp629",0.164425093777361
"Eif1-ps1",0.164387271367039
"Rbmxl1",0.164292482265785
"Zc3h14",0.164272843239604
"Wbp4",0.164234235574221
"Eif6",0.16422406543173
"Chd8",0.164186545528489
"Bambi-ps1",0.164168340377825
"H13",0.164160771961821
"2700029M09Rik",0.164110130619359
"9430085M18Rik",0.164105739604987
"A830082N09Rik",0.164104115322636
"Rpl27a",0.164090918081062
"Cops2",0.164089994798441
"Rfng",0.164077697837408
"Smap1",0.164005422799168
"Mtmr6",0.163992509121578
"Cpsf4",0.163987379582884
"LOC102633746",0.163979593722059
"Ipw",0.163967916083933
"Hps6",0.163959903134954
"Pa2g4",0.163935842809906
"Lphn1",0.163935459179324
"Gabpa",0.163902721239113
"Ica1",0.163898750782007
"Elp5",0.163758898362031
"Scn5a",0.163698455909068
"Qser1",0.163695222860464
"Smarce1",0.163675690072887
"LOC105245595",0.163653921545226
"LOC105246098",0.163653097557365
"Snhg7",0.163648815056518
"Ubqln1",0.163634862773774
"Usp43",0.163511043497745
"Slc35b1",0.163503220490233
"Fer1l6",0.163496337303778
"0610009B22Rik",0.163490969821893
"Atxn10",0.163487433048352
"Ccdc47",0.163483681526582
"BC037032",0.163460933226017
"Dda1",0.163451503782835
"Ncoa5",0.16344746269929
"4930503B20Rik",0.163403947470787
"LOC105245907",0.16331186728371
"Ddx6",0.163285604329285
"Glb1l2",0.163275467782613
"Cab39",0.163262357262397
"Cyp2s1",0.163216121473606
"Fgd3",0.163201458324229
"Hax1",0.163116975642231
"Usp33",0.163039210428804
"C130036L24Rik",0.162959389256949
"Gemin5",0.162951448800193
"Fibp",0.162950289029658
"Naa50",0.162896118823402
"LOC105242581",0.162860808047256
"LOC105246683",0.162851647796472
"Cops8",0.162845385186662
"Kif6",0.16281744677351
"Cnot10",0.162804542151006
"Snrpb2",0.162781640899818
"Rb1cc1",0.162661594411711
"Trappc4",0.162640125763234
"LOC105246551",0.162587405407166
"1700023E05Rik",0.16258328519142
"LOC102633673",0.162582996141491
"Prpf40b",0.162536964216045
"Trim71",0.162524198706315
"Spice1",0.162474938907525
"Slc22a3",0.162438720928089
"Hmgxb4",0.16239975321645
"B3gat3",0.162377749319559
"Blm",0.162162724849853
"LOC102639412",0.162096137825616
"Zfp169",0.161961016705968
"Slx4",0.161956672188192
"Pms1",0.16189660261467
"Areg",0.161853370096171
"Eif3d",0.16184715239182
"Kdm2b",0.161843701830099
"2210018M11Rik",0.161801595654195
"Zfp54",0.161779087462808
"Grina",0.161722220976445
"Blmh",0.161654990539549
"Map9",0.161624425527859
"Farsb",0.161607462974068
"Akap6",0.161597505435548
"Trim68",0.161570847619847
"Zbtb9",0.16154431805585
"Llph",0.161508136275493
"Traf3ip2",0.161480702469325
"Pafah1b2",0.161425055001875
"Ube2n",0.161423641601273
"Patl2",0.161399004856352
"Med31",0.161251311257357
"Gid8",0.161249155376806
"Setd1b",0.161174602546003
"Klhl33",0.161169368976343
"Aip",0.16115476539724
"C230037L18Rik",0.161145746706036
"Usp48",0.161142280149895
"LOC105246018",0.161141168295634
"Gtf2f1",0.161100018564889
"Tmco6",0.16107405081834
"Fbxl12os",0.161052336968355
"Zcchc9",0.161039647212328
"Kat6a",0.161024522235076
"Fxr1",0.160983646849153
"Slc26a8",0.160976470715632
"Wdr95",0.160961971174763
"Ap3b2",0.160866746890264
"Cdkn2d",0.16078749669863
"Pik3ca",0.160715069481839
"Cited2",0.160687727115601
"Sdf2",0.160669741556823
"Htr1b",0.160600545753789
"1110008F13Rik",0.160570343064674
"Wdr76",0.16056492198047
"Nr1d1",0.160548087414101
"Cerkl",0.160548004990972
"Mccc1os",0.1604943193697
"LOC105243895",0.160483829889224
"Chtop",0.16038743029676
"D17H6S53E",0.16038541293861
"Postn",0.160383318307274
"Ccnl1",0.160309134483053
"Dkk2",0.160302873023651
"Ppp1r2-ps4",0.160298597305099
"LOC105246151",0.160265231913633
"Pgap3",0.16018695656786
"Zfp33b",0.160154298905186
"Ddhd2",0.160146296451469
"Sys1",0.160104191106795
"Azi2",0.160103068446532
"Abcc10",0.160087641088078
"Xrn2",0.160005492728046
"Exosc7",0.160001058557585
"Map3k3",0.159960853729695
"Rgsl1",0.159937872129166
"Psmb7",0.159806735426711
"LOC102639145",0.159787970848074
"Pdzk1",0.15977020656697
"Mbnl2",0.15974847182276
"A430035B10Rik",0.159700907688008
"Atp6v1c2",0.159690308904649
"Nutf2-ps1",0.159661895284084
"Slc16a3",0.159601705548121
"Ddo",0.159571157160155
"Psmd3",0.159563492830314
"AI118078",0.159560017813931
"C230012O17Rik",0.159555592432137
"1110065P20Rik",0.159517340523874
"Lmnb2",0.159514433914744
"Ccdc183",0.159483178230109
"LOC105243258",0.159469127663069
"4933434E20Rik",0.159466896951657
"LOC105244174",0.159445473379804
"Raver1",0.159428289454187
"Scnm1",0.159411084459383
"Mfap1b",0.159372627028979
"Prpf8",0.159363754922321
"4930479D17Rik",0.159318432833893
"LOC100503295",0.159245265508776
"Txndc15",0.15923941470582
"Cuedc2",0.159220011331391
"Snf8",0.159196406648548
"LOC100534287",0.159153049167167
"Aktip",0.159148969850814
"LOC102639025",0.159143976443241
"Tbc1d13",0.159129853579421
"Epn1",0.15907825731127
"Cyp4f13",0.159075609895771
"Atp8b3",0.159036733179737
"Pigb",0.159034877027398
"Osbpl7",0.159029135584485
"Med10",0.159017861125865
"Eif3f",0.159012656973491
"Gtf2ird2",0.159004784360646
"Grid2ip",0.159000463064813
"Sssca1",0.158991001880024
"Pm20d2",0.158970596437065
"Tpt1-ps6",0.158934187923979
"Smarca5",0.158894634002935
"Stx12",0.158831179875226
"Mtf2",0.158797148671884
"Rc3h2",0.158726755911895
"LOC105243298",0.158701415146227
"Suds3",0.158659906439903
"Rbm18",0.158641859572483
"Rnmt",0.158617175893769
"Mat2b",0.158594001802657
"Cdc42bpb",0.158576826466611
"Rfx1",0.158562692012051
"Mob3c",0.158543352535275
"Chn1os3",0.158533984315953
"LOC105244779",0.158407491264866
"Brd4",0.158390040774326
"4930447N08Rik",0.158368750457784
"Slc30a2",0.158343901396406
"Zfp799",0.158341158809489
"Ppp1cb",0.158329916255795
"Cpsf7",0.158320931945939
"Btc",0.158319350878418
"C230035I16Rik",0.158262602689689
"LOC102640715",0.158250625716177
"Manbal",0.158192709370434
"March7",0.15818653202933
"Fbxw2",0.158175751490785
"Ddx46",0.158169408174258
"Med1",0.158099970892624
"Lypla2",0.158086601173992
"LOC105246034",0.158063142774615
"Tcaf1",0.158037100510708
"Dmrtb1",0.157942423113324
"Gdf5",0.157810836230536
"Erdr1",0.157797067637849
"Pcf11",0.157795496597844
"Lsm6",0.157782031383748
"Fancm",0.157718401015052
"Zbtb8b",0.157718196110598
"Stk33",0.157706166795923
"Rel",0.157695022145624
"A830019P07Rik",0.157683449946876
"LOC101056032",0.157669713347547
"Paf1",0.157661820372675
"LOC102634462",0.157609079338599
"LOC102636988",0.157547349987511
"Retn",0.157541205820775
"Tsc22d1",0.157534508838409
"Zfp382",0.157514889847034
"Col22a1",0.157502856891398
"Zfp768",0.157502126311874
"Thoc1",0.157440218440815
"1700030K09Rik",0.157368232699745
"Pbrm1",0.157327758110603
"Dpy30",0.157299217843251
"4932416H05Rik",0.157284235465456
"Psmd7",0.157240406443429
"Ube2j2",0.157221994337097
"Oaz2",0.157180649722271
"LOC102633274",0.157127597868967
"Crybb3",0.15712284570952
"Ube2r2",0.157075087460387
"Pias2",0.157072413640126
"Ice2",0.157060891115523
"Cyth2",0.157053340871808
"Ahnak2",0.157026072415122
"Atp5c1-ps",0.157000368160261
"Dpm2",0.156980194950931
"4932438A13Rik",0.156946164713003
"LOC105244564",0.156918388807622
"Azin1",0.156893666702683
"Ago3",0.156854117228987
"Pdzd9",0.156794739359932
"Nicn1",0.156728061719266
"Zfp882",0.156706744234704
"Nars",0.156652269102921
"Ufc1",0.156615807335296
"Kmt2b",0.156532042711539
"1700040L02Rik",0.156497829313446
"Snord49b",0.156490122549179
"Dsc2",0.156485169302261
"LOC105245955",0.15644695489708
"1700008O03Rik",0.156436685210198
"Larp4b",0.156424366511496
"Nkiras2",0.156417946843747
"Actr1a",0.156399469577144
"Cyp4x1",0.156330835331868
"Pex26",0.156191472973521
"Evpl",0.156155856505545
"Zfp236",0.156020765254611
"Ate1",0.156010744443911
"Dbn1",0.156009591151026
"Apoo-ps",0.156007603647642
"Ccdc73",0.155951114423537
"Psmd11",0.155927255973085
"Zfp759",0.1558850286069
"Rpl7l1",0.1558204472845
"Ptgr1",0.155747545119705
"Kremen2",0.155739110964378
"Hapln3",0.155661788681835
"Parp6",0.155614446549121
"Dennd4b",0.155590279829759
"Bloc1s2",0.155565486730944
"Ly6h",0.155544667051709
"LOC105244365",0.155525769861376
"Rsl1d1",0.155479456256451
"LOC105246695",0.155475005196572
"LOC102633523",0.155471288304124
"Actr5",0.155363395628705
"2410004B18Rik",0.15532052585789
"Ggt7",0.155310689623085
"Mpzl3",0.155299287399163
"Spag1",0.155271416224326
"Klhl25",0.155268592487752
"Rbm17",0.155231045257858
"Vps25",0.155221514870785
"Cops7a",0.155163717342035
"Capsl",0.155155887118027
"Iglon5",0.155137559423233
"P4ha3",0.155135188957634
"Phf7",0.155125658473733
"Rpsa-ps2",0.155104512952637
"Prpf18",0.155084956320317
"Lincpint",0.155070597427278
"Pus7l",0.155058362586979
"LOC105242667",0.155041923763325
"Rfwd3",0.154947465380385
"Gapvd1",0.154931689384977
"4931440P22Rik",0.154925562017971
"Zfp114",0.15491779051085
"Adam8",0.154899833765988
"Mipol1",0.154898521836959
"Rbm42",0.154875846027865
"Coprs",0.154873581211327
"Dstyk",0.154849118885501
"1110058L19Rik",0.154832250725737
"Rnf170-ps",0.154828881165802
"LOC105242448",0.154817929752416
"Tmem8c",0.154772908783625
"Rpl17",0.154702684189842
"Rnf11",0.154671902748322
"Recql5",0.154635395162818
"Hnrnpr",0.1546343147184
"Psma4",0.154568035681577
"LOC105246536",0.154557722493962
"Speer4a",0.154513877571899
"Trim45",0.154490397732606
"Hsph1",0.154477767916575
"Sel1l",0.154438810913984
"LOC102640673",0.15440445575207
"Sec13",0.154397129545709
"Dalrd3",0.154393310146883
"Zfp934",0.154380696630879
"LOC105246787",0.154319020081861
"Sik3",0.154313086787071
"Gnl3",0.154265687939669
"Sfi1",0.154153978382243
"Ck-ps1",0.154149155414069
"Inpp5f",0.154130967022257
"Ap4e1",0.154036476424189
"Cbr1",0.154030198933848
"Hpdl",0.153990868205054
"Eif4a1",0.153912326588378
"Runx2os2",0.153826705296736
"Akap11",0.153818654003388
"Lrrc74b",0.153783269120848
"Igflr1",0.153763986353076
"6230400D17Rik",0.153758562447045
"LOC105246489",0.153755698809291
"Dyx1c1",0.153727912617046
"Mak",0.153689456910519
"4930419G24Rik",0.153648239128918
"Zfp592",0.153613160000084
"Kif1a",0.153607879564895
"Spryd7",0.153519039109217
"Znhit1",0.153512595471904
"Fam13b",0.153488312021438
"8430426J06Rik",0.153470014181083
"Foxg1",0.153313206409608
"Fnbp4",0.153207650223009
"Cep95",0.153192051157137
"B230312C02Rik",0.153190367202004
"Ptbp2",0.153142951964194
"Gipr",0.153141872170813
"Mzt1",0.153139853354819
"Tssk6",0.153110239628074
"Abcb4",0.153088304360548
"Ptprh",0.153057811796866
"Eif3e",0.153057497599395
"Fam96b",0.153044248411485
"Gpr64",0.152959979976965
"Zfp280d",0.152947666377388
"Il17re",0.152943619155502
"H2-M6-ps",0.152935371055718
"Nrg3os",0.152890626129104
"Gnaq",0.152862558099692
"Cry2",0.152850055541
"Zfp507",0.152845215021042
"Cdipt",0.152792858644165
"Wdr5b",0.152756483669476
"Ubald1",0.152744255093044
"Cln6",0.152729683895246
"Olfr316",0.152707406470194
"Zmat5",0.152678570179236
"N6amt2",0.152670317571906
"LOC102641929",0.152637384208619
"Dmxl2",0.152623743915767
"Eif3a",0.15261114570769
"Cops6",0.152603396528946
"Nrbp1",0.152477409598935
"BC106179",0.152463440822239
"BC005624",0.152446216204753
"Amph",0.152325119154613
"4930539E08Rik",0.152282160269855
"Pqlc3",0.152214738008465
"Epm2a",0.152213322407655
"Bves",0.152180852452593
"Rpl17-ps5",0.15214747040273
"Pdcd11",0.152121327825376
"Arl6ip5",0.152115760920434
"Mbd3",0.152088479268373
"LOC105245994",0.152059500608442
"LOC102633050",0.15204703646153
"Bri3bp",0.152015907259036
"Eaf1",0.151927347054756
"Rnf14",0.15188553909025
"Tmem59l",0.151874577152782
"1810062O18Rik",0.15183218555314
"Chst10",0.151724479794109
"Zfp108",0.15169912241138
"LOC105244616",0.15169126775688
"Mcm4",0.151685101688043
"Gigyf2",0.151641811430824
"Adcy10",0.151571150190768
"Rpn1",0.151568798219265
"Lmtk3",0.151510971946314
"Rad23a",0.151455076345534
"Fhdc1",0.151447763566211
"Rabl2",0.151338541949485
"Engase",0.151282356737532
"Pak1ip1",0.151194664563855
"Dok6",0.151154759734557
"Psmd1",0.151138808886266
"2900097C17Rik",0.151126150344592
"Ubxn4",0.151096195464532
"Wdr61",0.151091936819162
"Eno4",0.151073567108821
"Txndc9",0.151003096810581
"Ccdc177",0.150992724731766
"Nrp",0.150989262453385
"Arl13b",0.150949932504686
"Phf2",0.150929251233475
"Tldc1",0.150903585013593
"Rab12",0.150874184622278
"Actr3",0.150838751383076
"2810021J22Rik",0.150826562708935
"Cd276",0.150826013536009
"Elavl1",0.150824119807526
"Fam35a",0.150750765426288
"Sybu",0.150642444278125
"Myo9a",0.150637936234827
"P4htm",0.150602380599718
"LOC105247139",0.150592100587418
"LOC105245506",0.150589194510623
"Nhej1",0.150563282180369
"Cfap58",0.15047217016355
"Snx17",0.150468164441848
"Cnot4",0.150446538608081
"LOC105242908",0.150440390686518
"Dctn2",0.150357779712496
"Hmox2",0.150334186738354
"Klhdc3",0.150317340872275
"Rhbdl1",0.150306123523886
"Stard3nl",0.150277520115098
"Polr2e",0.150234024839578
"LOC105243500",0.150218175657045
"Ssr2",0.150215270167159
"C030004G16Rik",0.150139219388218
"Rab1b",0.150017343096359
"Lysmd2",0.149927944326896
"3010001F23Rik",0.149884611651876
"LOC105243852",0.149882440477038
"Ric1",0.149867529429929
"L3mbtl1",0.149738441964082
"Sbds",0.14971153446782
"Prtn3",0.14967948622082
"LOC105243194",0.149668656813533
"Gigyf1",0.149634771242223
"Aup1",0.149631080729169
"Zbtb3",0.149573181818443
"Tmem57",0.14951502245514
"Bpnt1",0.149510087105171
"Dtx2",0.149433186793826
"A930003O13Rik",0.149431349856837
"Plekhm1",0.149337197004477
"Taf9",0.149302860778479
"4930579K19Rik",0.149286652181695
"Smg1",0.149278538793796
"LOC105242922",0.149250031542394
"Lamtor1",0.149236920500163
"Ube2e1",0.149233781382694
"LOC105244530",0.149211374285963
"4933406B17Rik",0.149181084580706
"Sdf4",0.149158313715849
"Mst1r",0.149001691525483
"2210016L21Rik",0.148984538946385
"Hspa1l",0.148906415933804
"Pola2",0.148842307366039
"LOC105245155",0.148824714598855
"Ypel4",0.148791357475563
"Brwd1",0.14878457305709
"Slc9a4",0.148757775403489
"Fam195b",0.148750479920051
"Kdelc2",0.148724753958145
"LOC105246845",0.148710081145121
"Clns1a",0.148624130709457
"Tdpx-ps1",0.148610727961243
"Sprtn",0.14860681667726
"Copa",0.148513725353647
"Lamtor2",0.148424522489035
"Atl1",0.148381601615579
"Serbp1",0.148340262272357
"2310061I04Rik",0.148293818017059
"R3hdm2",0.148292620219963
"Habp4",0.148266783920286
"Tab1",0.148247307119839
"Dtwd2",0.148202075849765
"LOC102631806",0.148187083894141
"Dlx6os2",0.148175244400053
"Aarsd1",0.148170765064328
"Vps4a",0.148158832633144
"Ppme1",0.1481181683344
"Syde2",0.148089148551582
"LOC105245196",0.14801433405317
"Mamstr",0.148008179348246
"Kiss1",0.14795841384474
"Socs4",0.147937512928741
"Map2k2",0.147899865257265
"Rpl5",0.147899684015721
"A230103O09Rik",0.147896411905714
"Prune2",0.147866748255411
"Lmbr1l",0.147860835849509
"Anapc5",0.147823511129315
"Mkrn1",0.147815808685826
"Herc2",0.147811119870324
"Glp2r",0.147809395927631
"Dnaja2",0.147789226480151
"Abhd12",0.147756382765334
"Cnnm3",0.147727282090758
"Myo19",0.14771041062098
"LOC105246869",0.147650958636288
"Myo5c",0.147597077212582
"Nxf7",0.147479923133949
"Sh3glb2",0.147468757079413
"Phip",0.147462251986331
"Pim1",0.147427098367541
"Mir7688",0.147397792326979
"A230056J06Rik",0.147353685221642
"Hspa4l",0.147344210298533
"Dock3",0.147341589573558
"Pomt2",0.147339869778878
"LOC105246272",0.147315850805823
"Dpt",0.147281842526843
"Mysm1",0.147259540678888
"Cir1",0.147247771104311
"Fam3c",0.147215958246348
"D11Wsu47e",0.147191007780198
"Rbks",0.147069573996023
"Abhd1",0.146992912732276
"LOC105244561",0.146988531485366
"Ier3ip1",0.146974415763741
"Slc2a4rg-ps",0.14696622352269
"LOC105245820",0.146941338806783
"6330415G19Rik",0.146908743853852
"LOC102634026",0.146857892999844
"Zfp329",0.146843317827261
"LOC105245904",0.146820173227867
"Ubap2l",0.146812683010348
"LOC102636299",0.146774752743095
"Rbm45",0.146761009449685
"Ggps1",0.146744893905648
"Prdm5",0.146717549380654
"2410089E03Rik",0.146701064251909
"Crmp1",0.146692537314433
"Eif5al3-ps",0.146654874583541
"Pld3",0.146627714554559
"Rgs13",0.146564592240206
"Tbce",0.146525109410761
"Ppard",0.146507791340684
"Zfp493",0.146446866662127
"Atp5l-ps2",0.146433138777299
"Rab2a",0.14639744786759
"Ppp4r2",0.146282995425796
"C2cd5",0.146265640103637
"Fam92a",0.146232696606464
"Epb4.1l1",0.146155593672595
"D130040H23Rik",0.146112077716423
"Vps13c",0.145997174104152
"Trim35",0.145913558146412
"Map4",0.14586613847468
"Aasdh",0.145860324752949
"Trip12",0.145812452984035
"Ube2d2a",0.145810908927227
"Rpsa-ps10",0.145717896750692
"Ctu1",0.145703679117195
"Sorbs2os",0.145628177117883
"C630031E19Rik",0.145558639189638
"1700012D01Rik",0.145468341263438
"4930553P18Rik",0.145455004457272
"2210008F06Rik",0.145354195836369
"Mttp",0.145330569503595
"Ubr3",0.145327216725675
"Zcchc17",0.145318504926428
"9330162012Rik",0.145265496028038
"St8sia6",0.145262315739412
"Arxes1",0.145224375139308
"Rprd2",0.145216937641998
"Ttll10",0.145215779569703
"Cr2",0.145201253984514
"Smim7",0.145114630999198
"Tspyl4",0.145103605265958
"Efcab5",0.145101441290405
"Rasa1",0.145079714268503
"Txnl4a",0.145076356835075
"Tmem263",0.145069479217033
"Aprt",0.145054389245256
"Ddx23",0.145013233485644
"Ubxn6",0.145012531882985
"Exosc2",0.144946879278042
"9030617O03Rik",0.144934696039611
"Cebpz",0.144920531426691
"Mir3091",0.14487757913949
"Exoc3l",0.144847549660994
"Chil1",0.144830196943338
"Ctnnd2",0.144775278027428
"Acbd7",0.144769508526536
"A230050P20Rik",0.144723676829123
"Chia1",0.144712684305992
"1700028J19Rik",0.144667518793799
"Ncoa7",0.144595191918197
"Yipf5",0.14444361195939
"Naa15",0.144364832317267
"1700096K18Rik",0.144299304082191
"Aplf",0.14429780817037
"Lca5l",0.144281370482852
"LOC105245621",0.144189457095309
"A930002C04Rik",0.144136809873591
"Tmem9b",0.144129717253099
"Ino80",0.144119085131534
"Trappc1",0.144087733676825
"Tyk2",0.144032254326886
"Vmn2r87",0.143956703513524
"LOC105244586",0.143947925674553
"Pum2",0.143932307163035
"LOC105245009",0.143924044966316
"Dexi",0.143923805991536
"Rnu7",0.143824674815069
"Pkmyt1",0.143800063570244
"Inca1",0.143717950646879
"Arhgap17",0.143583407585183
"Ddi2",0.143550992105693
"Zfp939",0.143531971651189
"Arpc4",0.143379069826988
"Abhd16a",0.143291197944333
"Spink8",0.143263901485615
"Zfp781",0.143246565749114
"Rbm28",0.143082939919914
"LOC105245874",0.143073262623279
"Zar1",0.143036126049011
"Ino80dos",0.142925244095697
"Stac3",0.142869110711698
"Gas5",0.142857142856599
"Trpc4ap",0.142830220231803
"Tcf25",0.142789209411884
"1500035N22Rik",0.142785654736626
"Tcte2",0.142775820402031
"Pde6c",0.142774438711835
"Nudt3",0.142765786121891
"LOC102639762",0.142736166012787
"Eif4g1",0.142722480503459
"Nutf2",0.142713301301169
"Sept5",0.142687049343268
"Mroh7",0.14268125353159
"Tomm6os",0.142623790573677
"Lmbrd1",0.142567444706492
"Ccdc157",0.142550375516167
"Rpl39-ps",0.142532591217206
"Pafah1b1",0.142509426507608
"Prkar1b",0.142481631610828
"Kidins220",0.14247211189603
"Bard1",0.142423864547488
"Sf3b4",0.142420760071688
"Ctdspl2",0.142399344516944
"Rec8",0.142384090373786
"Xylb",0.142322454829654
"Snrpd1",0.142319025390574
"Ovgp1",0.142293108331121
"Pih1d2",0.142245749511614
"Rbm26",0.142231333562223
"LOC105242624",0.142183064761352
"LOC105246451",0.142165696909077
"Ptpn14",0.142158298425447
"Mgea5",0.142119706102858
"Tmem256",0.142079314561712
"Dcdc2b",0.142079139479031
"Haus6",0.14203094720059
"Rps3a3",0.141977535500851
"Zc3h13",0.14196587511673
"LOC105245714",0.141954296112069
"LOC105246514",0.141953244333638
"Mfap1a",0.141919907101925
"Chn1",0.141918615049353
"5930438M14Rik",0.141888579678913
"Pcnp",0.141738711829752
"9630001P10Rik",0.141733179123706
"Unc50",0.141728424197085
"Cnot7",0.1417137417653
"Sf3a2",0.141696241717436
"Pcna-ps2",0.141685014266933
"Txnrd3",0.141677130148419
"A530054K11Rik",0.14155905277692
"Ltbp2",0.141480674963029
"Blcap",0.14147663953828
"LOC105243394",0.141402063304171
"Gpr162",0.141389109378583
"A730043L09Rik",0.141342957591689
"Hsd3b2",0.141265333136262
"Atp5k-ps2",0.141242049089688
"4930520O04Rik",0.141219776503509
"Senp6",0.141198146804274
"Cfap36",0.141167112210945
"AY074887",0.141159456072854
"Btf3l4",0.141122596980416
"Primpol",0.141108473524507
"Gps2",0.141087608897866
"Slc26a10",0.14100457840329
"Xirp2",0.140998401673932
"Pin1",0.140998095994722
"Dffb",0.140981827418935
"Naa60",0.140980551867465
"Spata13",0.140977140275245
"Nfkb1",0.140973548030367
"Sf3b5",0.140962555321287
"1700067K01Rik",0.140940891910863
"Cycs-ps2",0.140928521969987
"Usp14",0.140895949030127
"Ncoa1",0.140856140885913
"Ttll9",0.140829267504712
"Zfp85os",0.140797797899347
"Atr",0.140796396272128
"Rian",0.140787463597833
"LOC105245479",0.14075977840211
"Rbm20",0.140748652964365
"Ap1s3",0.140690940204712
"A430057M04Rik",0.140679060357841
"D430001F17Rik",0.140641690127409
"Sptan1",0.140618044070758
"Cfap44",0.140570748464989
"Gfra4",0.140474910468152
"Cul5",0.140439337648742
"Frem2",0.140411563174503
"LOC105246767",0.140408117725588
"Zfand6",0.140398258178336
"Klhl7",0.140320522724745
"LOC102638454",0.140307263440763
"Myd88",0.140059233816675
"Fcrlb",0.140009969309559
"Pprc1",0.140003760540808
"LOC105247100",0.139957117888426
"Slc37a1",0.139933620661454
"Cfap20",0.13992822349275
"Zfp708",0.139807631072983
"LOC105243908",0.139770401222449
"Thrap3",0.139768079557
"Chordc1",0.139750947387601
"Zfp839",0.139631090649613
"F630111L10Rik",0.139627768660718
"Srl",0.139625190303423
"Ccdc38",0.139598877783024
"5033417F24Rik",0.139598164908757
"LOC102637542",0.139588999130361
"Shroom1",0.139495364560757
"Vta1",0.139448174333515
"Zfp212",0.139441936351085
"LOC102632885",0.139431973301387
"Zbbx",0.139407896808417
"Tigd5",0.139384726895933
"Ptger1",0.139338896275918
"Bbs10",0.139327530709514
"Bbip1",0.139276700243327
"Magoh",0.139256887119317
"Ranbp17",0.139185695996079
"Pde4d",0.139174416666511
"Cops4",0.139110674731261
"Clock",0.139087349342753
"Igk",0.139056505376351
"9530036O11Rik",0.13899040374517
"LOC105245927",0.138975757612742
"Zbtb7c",0.13895815472344
"9930012K11Rik",0.138870543994528
"5031414D18Rik",0.138833696519155
"Babam1",0.138804676736092
"Cdc42bpg",0.138779876841458
"1700048O20Rik",0.138775496161619
"Tdrd5",0.138758349014469
"Zmynd10",0.138742923107253
"Rpl21-ps8",0.138737314471831
"Zc3h3",0.138730029728387
"Evl",0.138660319901976
"Rny1",0.138522569540772
"1700052K11Rik",0.138521407809121
"Zfp472",0.138470393515693
"LOC105244117",0.138468892798515
"Nup205",0.138464439847981
"LOC105247150",0.138313796179193
"LOC102638850",0.138296574422678
"Kbtbd8",0.138278414958621
"1700003M07Rik",0.138263228360612
"Atad3aos",0.138174923975297
"Atf7",0.138163926050554
"Acbd6",0.138081598234831
"Det1",0.138061564234159
"LOC105246909",0.138054735682011
"Bod1",0.138017124185435
"Strn3",0.138004012067901
"Rpl7",0.137921494621308
"Bag1",0.137911563659962
"Phax",0.137884965200742
"Phf20l1",0.137834755162118
"Rpl22",0.13780725862392
"Ankra2",0.137788599613484
"Pdcd10",0.13778413182492
"Rsph6a",0.137777463280078
"Nr6a1",0.137745142711088
"Rabgap1l",0.137724382806405
"Gtf2h5",0.137698170442376
"Wbp11",0.137691675662487
"A930013F10Rik",0.137606054013589
"Hist3h2ba",0.137590442258424
"Elmsan1",0.137576101613488
"Ube2h",0.137565362391579
"Vps72",0.137543895175244
"LOC105244408",0.137512314472153
"Jakmip3",0.137501052506969
"Zranb1",0.13749360112624
"Gria4",0.137489689933306
"Sqstm1",0.137362096830468
"Yipf4",0.137356253643952
"LOC105244768",0.137351334524646
"Xrra1",0.137338471572472
"Ddx31",0.137324447637144
"Rnf126",0.137305034125569
"Hist1h4d",0.137299484626216
"Rps27a-ps2",0.137292878905296
"Tsen15",0.137282274201598
"LOC105242574",0.137176450224628
"Psmd4",0.137175968350864
"Fancf",0.137164615983125
"Thnsl2",0.137135555195142
"E130006D01Rik",0.137135126812326
"Nudcd3",0.137133240955318
"8430419L09Rik",0.137126992751336
"Cnbd2",0.137062682326836
"Tsg101-ps",0.137032597877954
"Krtcap2",0.137000924827778
"Nabp2",0.136965519192798
"Cldn22",0.136931126756413
"Kif5b",0.136783061443998
"Arsi",0.136781985596966
"LOC105245767",0.136664691635725
"Erich6",0.13665737003267
"Eif4e",0.136655698405657
"LOC105243187",0.136579185786203
"Acot4",0.136576342566661
"LOC105246814",0.136516377607366
"Fbxl12",0.136494799460275
"Commd1",0.136493972611314
"4930417H01Rik",0.136484531910026
"Dhx15",0.136464145999454
"AI314180",0.136369754581041
"Rnf10",0.136330195944119
"BC034090",0.136329306245094
"Myl6b",0.136319861827049
"Nfkbid",0.136318766649457
"Eif4ebp3",0.136284119672092
"Zdhhc17",0.136281800377291
"Morc2b",0.136279355694823
"LOC105244498",0.136257308213586
"2700038G22Rik",0.13624816489211
"Psmc6",0.136202113267054
"Otub1",0.13615483870777
"Wdhd1",0.13614947877263
"Zfp783",0.136142978763255
"LOC105244274",0.136114149603569
"Eid2",0.136107040697296
"Cnot2",0.136095442000787
"Spdya",0.136083812104481
"Ciita",0.135966830137124
"LOC101055630",0.135878223645405
"Rnu1a1",0.135875538218761
"Zfp111",0.135869468309583
"Zbtb48",0.135862685504329
"Eif2s2",0.135853090294857
"Cyhr1",0.135839311335604
"Zfyve26",0.135802884221866
"Abhd8",0.135799631250855
"Ift20",0.135799164848688
"Cep135",0.135737772270957
"Birc6",0.135722447044975
"LOC105244282",0.13571425721399
"Stxbp5l",0.13571258307839
"Zfp458",0.135707282324965
"LOC105244595",0.135694858080841
"Vwa5b1",0.135654079804689
"Esd",0.135646892106113
"Tfg",0.135630448710636
"Banf2os",0.135622415185586
"Ppp1r42",0.135605126023294
"1700094D03Rik",0.135601627798141
"LOC105244943",0.135593234037689
"Ppm1b",0.135514314190563
"LOC105243782",0.135496518441615
"Nup188",0.135494533367654
"Nfkbie",0.135455587774117
"Ppm1e",0.135455325722677
"Micalcl",0.135391565395342
"LOC105244755",0.13535697011916
"Wdr33",0.135331331499197
"Cpa6",0.135187795913399
"Bzw1",0.13513287311783
"Prickle4",0.135103224822101
"Igf1os",0.135100359593369
"Tmed4",0.135093853726699
"Efcab12",0.135019747770444
"4933407I08Rik",0.13501731254335
"Thbs4",0.135013634948368
"Pcmtd2",0.135003043491491
"LOC105246252",0.13496972204583
"1700123L14Rik",0.1349580507987
"6820408C15Rik",0.134912097305432
"Unk",0.134879007849666
"Top2b",0.134660840675567
"Ncmap",0.134632344876547
"Cnrip1",0.134626138867963
"Mylk3",0.134579832319868
"Ubtf",0.134554915991793
"Rdh5",0.134547804447285
"Arf4",0.134539554614295
"Myo1h",0.134538737504089
"LOC105244345",0.134494857082155
"Matk",0.134491398351033
"Slco5a1",0.134479918779261
"LOC105244233",0.134477095808543
"Fbxo17",0.134391768281405
"Zfp647",0.134349226772401
"Nsg2",0.13431575073529
"B230217C12Rik",0.134314564477781
"Dok3",0.134271544234659
"Eef1g",0.134195724589313
"Adprh",0.134193297730744
"LOC105243866",0.134190990360586
"App",0.134153175410073
"Ighmbp2",0.134134823298672
"LOC105243290",0.134129681727731
"LOC100534390",0.13409331455712
"LOC102637532",0.134014637532111
"Scrib",0.134013294491171
"Rsl1",0.133970740818042
"Cebpzos",0.133924816220418
"BC024063",0.133903461638856
"LOC105244467",0.133891769396373
"2010012O05Rik",0.133809500338736
"Smarcc2",0.133771905376629
"AF357425",0.133707053052872
"LOC105246443",0.13361824371969
"Saraf",0.133609489622465
"Naa38",0.133586554455308
"Taf1d",0.133575700479271
"Ppp1r2-ps2",0.133557776809446
"LOC105242736",0.133536764470742
"Cadm1",0.133399452328885
"Nradd",0.133399327690013
"Ttc38",0.133339060046339
"Apaf1",0.133300297549917
"Ankrd31",0.133236356712165
"Paip1",0.133162017904781
"C330013E15Rik",0.133096791271762
"Mir124a-3",0.133071453693244
"Pcbp2",0.132988634041948
"LOC105243543",0.132988027953914
"Ccdc40",0.132987883466505
"Zfp383",0.132903083111099
"Mocos",0.132891459358229
"Stag1",0.132857486783569
"Upf2",0.132848772204889
"LOC105243453",0.132817607709096
"Zfp775",0.132792913628431
"D330045A20Rik",0.132720945288251
"LOC105243314",0.132611001264675
"Cops3",0.132604048415854
"Zfp963",0.132601629863497
"Ttn",0.132542520854903
"Dnhd1",0.132542432044608
"B930082K07Rik",0.132534565518942
"Iqcj",0.132486532878559
"4933413L06Rik",0.132480312526722
"Rps15a-ps6",0.132463523543181
"Rps13-ps1",0.132373379266974
"Mafk",0.132369154127961
"Fyttd1",0.132338943386785
"Stx1b",0.132319397145795
"Pdap1",0.132318795776885
"Maf1",0.132276586426417
"Gpatch3",0.132273692313
"Cript",0.132231090890872
"LOC105246956",0.132218081388643
"Trp53inp1",0.132212728996194
"1700010I14Rik",0.132178250049254
"Cenpu",0.132160864300854
"Zfp334",0.132158895236179
"Zfp213",0.132158870135451
"1700124L16Rik",0.13213636442232
"Urb2",0.132123879862659
"Dusp2",0.13207681204431
"Dmxl1",0.132015099747063
"LOC105244803",0.131980754748182
"Ola1",0.131955921995183
"5830454E08Rik",0.131922477838752
"LOC105244944",0.13184621604827
"6330408A02Rik",0.131806651967797
"Hnrnpul2",0.131804214434737
"Itpkc",0.131656159020971
"Orc4",0.131640278967337
"Rbfox2",0.131587435359787
"Fam178a",0.131577570501886
"Map3k14",0.131558609746054
"Khdrbs1",0.131528938007589
"Psenen",0.13150441655648
"Hnf1a",0.131422726550723
"Mtrr",0.131416310115979
"Airn",0.131347083697396
"LOC105242550",0.131285624642733
"Mfsd9",0.131268473744849
"Fabp5",0.131222187622359
"AA415398",0.131216526733975
"Tmem86b",0.131142523545799
"Zfp687",0.13112591590081
"Gcc2",0.131106578943714
"LOC102640098",0.131018134011167
"Rqcd1",0.131014499985561
"6030443J06Rik",0.131009985768733
"Akirin2",0.131005952008974
"Iqub",0.130933564394161
"Vsig8",0.130922573932376
"4930480K23Rik",0.130878867229246
"9030025P20Rik",0.130838668077679
"9330159F19Rik",0.130799993648799
"Tstd2",0.130743184734064
"1810044D09Rik",0.130726177399701
"Cdc42se2",0.130715319321127
"B3galnt1",0.130637227810355
"Tmc6",0.130635765584641
"Ppt1",0.13059305555258
"Zc2hc1c",0.130570590525756
"Scg3",0.130565328163165
"LOC105245763",0.130452686015437
"LOC105246016",0.130363011436059
"3000002C10Rik",0.130362904202675
"E330033B04Rik",0.130354995058327
"Poll",0.130335809046693
"Zbtb34",0.130335317070254
"2410004P03Rik",0.130241780670302
"Mir24-2",0.130183385233781
"Naif1",0.130180444731866
"LOC102642202",0.130137298986858
"Amica1",0.129972160074043
"Ccdc85b",0.129937617980691
"Rad51c",0.129884893367588
"Rad54l2",0.129851712520158
"Ttc34",0.129741351192953
"Slc6a16",0.129682708505685
"Pi4kb",0.129569113991112
"LOC436100",0.129537094199244
"0610007P14Rik",0.129455780113132
"Pcbp1",0.129445936493024
"Ces5a",0.129445242974442
"Rab11a",0.129372964254667
"Vcp-rs",0.129342201673471
"Rps24-ps3",0.129204019635794
"Bag6",0.129146467313563
"2210013O21Rik",0.129138871013898
"Psmc3",0.129035012891054
"3300002I08Rik",0.129006476567232
"Anks6",0.128984977564476
"Dimt1",0.128971054974239
"Herc1",0.128939692815538
"Dnttip1",0.128873425481414
"4732414G09Rik",0.128849919458356
"Ndst2",0.128848240471044
"LOC105247040",0.128713629890549
"LOC102642880",0.128697431231618
"Pura",0.128692122883149
"Uox",0.128687745626566
"Cdv3",0.128676978209889
"Dhx9",0.12867427513074
"Glrb",0.128660497987507
"Zfp414",0.128654411233808
"1700049G17Rik",0.128584129401057
"AW121686",0.128564485014461
"Fam126b",0.128537839152936
"Sepsecs",0.128521556532169
"Epcam",0.128474342342457
"Eef1a1-ps1",0.128468162708254
"Fkbp1a-ps2",0.128418403098361
"Zcrb1",0.128405196891449
"Cope",0.128385879848442
"LOC105246413",0.128287739896128
"Pmvk",0.128261344263624
"Abcf1",0.128256490442677
"Zfp423",0.128221143976356
"LOC102640575",0.128177653787598
"Ppp1r11",0.128136758179756
"Fgf7",0.128136698123961
"Rapgef4",0.128065418459253
"Zfp82",0.128056381939104
"LOC105245226",0.128048458829718
"Smg7",0.128020800120932
"P3h2",0.128011321322024
"2510003E04Rik",0.127992559168341
"Zfp677",0.127970178545641
"Ap3d1",0.12787399127537
"Eif4a3",0.127866665852013
"Pgbd1",0.127839546731965
"Tcea1",0.127809416173035
"Ago4",0.12780091270922
"Ufd1l",0.127774231450978
"Morn5",0.127759196266265
"Rnf167",0.127698652343871
"Nop56",0.127680935510285
"Eid1",0.127664348086976
"Henmt1",0.12764304674302
"LOC105242609",0.127638541918152
"Eri3",0.12753935267785
"Clec16a",0.127503311050723
"LOC105243241",0.127463203196406
"U2af1l4",0.127460227359599
"Lonrf2",0.127357831264269
"LOC105244416",0.127316113055379
"Ttll3",0.127315165554324
"Gna11",0.127304733410555
"Hn1l",0.12730241929321
"Rxfp2",0.127299372558138
"Hhipl1",0.127271823627026
"Ubiad1",0.127159879570642
"Krt10",0.127028156566164
"Cuta",0.127026239444508
"Zfp784",0.127004246983614
"Pcdhb3",0.126967917283098
"LOC105242716",0.126962262307359
"Eif1-ps2",0.12680863463922
"Drg1",0.126775627362614
"Smc2os",0.126766931576551
"Aox4",0.126744274414754
"Klhl36",0.126715407394894
"Haghl",0.126625322782641
"4833422M21Rik",0.126592180299008
"Mapk8ip3",0.126584548919402
"Sufu",0.126576085769587
"Anapc16",0.126571676328695
"LOC105243271",0.126562321122003
"Zfp791",0.126525850055168
"Cuzd1",0.126510577544006
"Tspan1",0.126469974919733
"Zfp747",0.12645635830112
"LOC105244275",0.126437911132892
"Nktr",0.126371847698565
"Iqcd",0.126354821603199
"Flt3l",0.126333696192536
"LOC105243868",0.126284124813282
"Eif3g",0.126282510096936
"Mga",0.126272417880586
"Zswim5",0.126261292020535
"Dctn5",0.126242687031718
"1500011K16Rik",0.126162320290681
"LOC105244112",0.126150533380225
"Lamb3",0.126123241477192
"Ankrd46",0.125993628766626
"Snrpd3",0.12596877673192
"Chmp5",0.125771466815456
"9330136K24Rik",0.125690345934746
"Aim1",0.125672466533152
"Arpc5",0.125646246342216
"Kirrel3os",0.125642560705408
"2810039B14Rik",0.125601498916634
"Zfp341",0.125495706599976
"Snrpf",0.125482582631519
"Dock5",0.125419243941865
"2900089D17Rik",0.12534496742736
"Rab39",0.125330649581188
"Sarnp",0.125312125628051
"Gabpb2",0.125306319296815
"Ghrl",0.125239575250218
"Rps26-ps1",0.125238717492461
"Rpl36a-ps2",0.125201307907041
"Rpl36al",0.12519402042288
"LOC105242797",0.125160574059869
"Ptprn",0.125112685214123
"Poldip3",0.125104327726674
"Hykk",0.125091805942729
"Tmem55b",0.125085764579111
"Fam221a",0.125030446580237
"Tsnax",0.124949985672306
"Serp2",0.124907628984278
"Ttpa",0.124834881650082
"Paip2",0.124824951765535
"Mirlet7bhg",0.124785248623722
"Pigw",0.124780944387751
"Pabpc4",0.124674697204608
"Sbno1",0.124665961980973
"Gcfc2",0.124659187158827
"Fam188b2",0.1246496962786
"Sfrp4",0.124649226646938
"Ubl7",0.124631084938588
"Ccdc162",0.124603421375038
"Zfp960",0.124558365730835
"Ccdc59",0.124527187217844
"Fzd5",0.124451078428349
"BC005561",0.12443082670265
"Slc39a5",0.124403433658225
"LOC105246503",0.124338123492582
"Ppp1r2-ps5",0.124290945704879
"Fabp5l2",0.124230408237617
"Zfp85",0.124177251787838
"Elof1",0.124166020995068
"Dnaja1-ps",0.124162092583083
"LOC102632476",0.123987388457664
"2610001J05Rik",0.123917414000926
"LOC105243948",0.123909138964206
"Sync",0.123900772556359
"5330413P13Rik",0.123853772606152
"Ccnl2",0.123837175709121
"Arid3a",0.123826262587443
"Car15",0.123809581493934
"Rpl18-ps2",0.123807163583941
"1810022K09Rik",0.123796265242676
"A830052D11Rik",0.123770383583578
"Rab7-ps1",0.123736517519894
"D5Ertd615e",0.12371937273542
"LOC105244208",0.123665022752542
"Rab7",0.123596366906759
"Zfp109",0.123551489962761
"Adrm1",0.123526821573106
"Taf4b",0.12352377029548
"Cfl2",0.123471078539385
"Pced1b",0.12345415296453
"P2rx6",0.123449196721725
"Rpl21-ps3",0.123444878465907
"Rpl36-ps2",0.123365833995315
"Ccni",0.123359357785315
"Tnik",0.123356098914984
"Tubb2a-ps1",0.123228005480312
"Hic2",0.123213989372792
"Galnt12",0.123177114511804
"6720468P15Rik",0.123046546895776
"LOC105244546",0.123024588493877
"Rnps1",0.123004726501169
"Rpusd2",0.122938258651775
"Tmem223",0.12293813361332
"Zfp850",0.12287804425121
"Cct6a",0.122872683401065
"Ilkap",0.122783683060587
"Cspp1",0.122762803697375
"Mtbp",0.122734041969877
"LOC105243369",0.122720102792195
"Fam208a",0.122708417255985
"2310034G01Rik",0.122708101209917
"Ppp3r2",0.122699911947715
"Napb",0.122665208113713
"Fam216a",0.122649419377734
"Hnrnpa3",0.122625490542284
"Tspyl1",0.122603380876689
"Zfp873",0.12256767692423
"Ror2",0.122474658148293
"Gps1",0.122466265084146
"Lck",0.122443827755828
"LOC102638183",0.122438224063766
"Zfp282",0.122425670494387
"Pdia6",0.122369863349316
"Abr",0.122337437154734
"A730098P11Rik",0.122312907245749
"1700007F19Rik",0.12231160999319
"AI839979",0.122261161379834
"LOC101056106",0.122254521546165
"Thyn1",0.122238570058178
"Zbtb49",0.122173965149575
"BC024978",0.122118492098556
"A230107N01Rik",0.122110652122399
"D830035M03Rik",0.122079919433051
"Hras",0.122039213079799
"A330023F24Rik",0.122035202818817
"Zc3hav1l",0.121968572655003
"Tbpl1",0.121946975124693
"Mamdc2",0.121860272183477
"C8g",0.121859331974824
"Ddrgk1",0.121821579515552
"2810428I15Rik",0.121807255757715
"LOC105244879",0.121747634164163
"Rps10-ps1",0.121691143271498
"Mtdh",0.121687927202167
"Polr2c",0.121685165423594
"Rpl36a-ps3",0.121680591475551
"LOC102641120",0.121650129325931
"LOC105246769",0.12162303082769
"Zfp97",0.121503470691678
"Fam134a",0.121491899703855
"LOC105243294",0.121468274306688
"Mapkapk3",0.121463645857577
"Sf3b6",0.121462080520132
"Ube2v2",0.121448531381018
"Zcchc7",0.121432048304095
"Ttc4",0.121345840707646
"Samd11",0.121345381062705
"LOC105245290",0.121316238684038
"Fscn1",0.121268140526635
"Slc16a10",0.121205029791034
"Psmd8",0.121161739672199
"Dennd5b",0.121139224603882
"Mir3059",0.12110490224103
"Eif4a-ps4",0.121087043649093
"Chd3",0.121041024428897
"LOC105244350",0.121036661050855
"Rpl10a-ps1",0.120992789943027
"2010002M12Rik",0.120842839210947
"Iqcg",0.120772724051116
"Zfp273",0.120762064370364
"LOC102639598",0.120703276169378
"Smarcb1",0.120590092007378
"Tatdn2",0.120578015854236
"Zc3h11a",0.120560850365623
"Cds2",0.120532404562512
"LOC105242848",0.12042203874369
"LOC105243303",0.120410513794375
"Prr15",0.120395967713019
"Trim7",0.120380825642103
"Wdr1",0.120360497883572
"Arpp19",0.120339470294936
"Usp15",0.120272788732657
"Eny2",0.120238667163365
"Usp49",0.12018951509278
"Arl8b",0.120185916356672
"LOC105247091",0.120168218573864
"Hypk",0.120129047273851
"Catsper2",0.120124711201854
"Ascl5",0.120097619443468
"Mroh5",0.120032664556176
"Capzb",0.119988042276845
"Pdzd7",0.119952832031351
"Arl8a",0.119933565757444
"Nek11",0.119919794934971
"Nap1l4",0.119891314310397
"Card10",0.119873837963132
"LOC105246756",0.119826014113603
"E430018J23Rik",0.119777477449149
"Jrk",0.11970532847351
"LOC102634918",0.119597289130291
"Hs1bp3",0.119592669302123
"Nsfl1c",0.119590757282218
"Ube2n-ps1",0.119494696756564
"N4bp2l2",0.11948380233531
"2610203C22Rik",0.119396823729704
"Efhc1",0.119355505456186
"Tsks",0.119239931964072
"LOC105247162",0.119221377348654
"Pcdhb17",0.119181942542128
"LOC105244569",0.1190943693292
"Nespas",0.119063279683218
"1700030C14Rik",0.119040460671852
"Ap2b1",0.119009150527243
"Rps15-ps3",0.11900674248272
"LOC105245957",0.118964477794727
"Lct",0.118958854276193
"A230073K19Rik",0.118958640605943
"LOC105244855",0.118938779052961
"Ptpn22",0.118857654071819
"Vps35",0.118804222192053
"Rnf220",0.118794908850939
"Hist1h4i",0.118716017127138
"Wdfy3",0.118704368577311
"LOC105246703",0.118691712323933
"Tagln3",0.118626816891468
"Gltscr2",0.1186174423151
"B230219D22Rik",0.11854135122178
"Catsperd",0.118489521653615
"LOC105244007",0.118466730875674
"Phtf1os",0.118460378976742
"Ube2l3",0.118441788149289
"Odf4",0.118440242825345
"Chmp2a",0.118414103809378
"Jkamp",0.118382855910162
"Nt5c3",0.118332566275737
"Fam227a",0.118288283745848
"Lamtor3",0.118257502967839
"Shc3",0.118249926230259
"Plekhs1",0.118240639757366
"LOC105244741",0.118220571925057
"LOC102633266",0.118209641995635
"Fbll1",0.118176625802199
"LOC105246393",0.11808083504646
"Luc7l",0.118070543549182
"LOC105244450",0.118061868376894
"Pcdhb20",0.118059448661076
"Hps1",0.117979802686676
"Cfap52",0.117938799314255
"Hfm1",0.117898400933902
"Neil2",0.117880876707348
"Necap1",0.11787161809772
"Negr1",0.117870573568642
"Cd80",0.11784619967036
"LOC105243265",0.117844066803033
"Tmem130",0.117841959678042
"LOC105244649",0.117804885768122
"9430060I03Rik",0.11769600052568
"Best1",0.117634744451348
"Nsf",0.117601539977804
"Rps25-ps1",0.11759890852715
"Ttc9b",0.117598099313837
"B230110C06Rik",0.117596053344072
"Tmed9",0.117594148055861
"Slc16a6",0.117578940663862
"Dctn1",0.117563014596546
"Arid1b",0.117555393704963
"Top1",0.117523641056696
"Cstf3",0.117492705872968
"A930033H14Rik",0.117401029650041
"Slc22a21",0.11739891234973
"Trim44",0.117361682961034
"LOC102636896",0.117335487879523
"Stx7",0.117305581279916
"LOC101056029",0.117212347973635
"Fam103a1",0.117212187433245
"Otop2",0.117163883237859
"4930444P10Rik",0.117101361893179
"Mcmdc2",0.117061821118689
"Snx32",0.117048205129662
"Fzd8",0.117043623809347
"Vmn2r85",0.117043152350491
"Iqca",0.117036222591391
"Hp1bp3",0.117000998462564
"Zfp709",0.116805284739114
"Pcdhb12",0.116765949707854
"9430076C15Rik",0.116657050833335
"LOC105244765",0.11662274984268
"Zfp433",0.11661690895134
"Mogat1",0.116605971135684
"Ggnbp1",0.116527128768185
"LOC105246529",0.116519372708651
"Cenpo",0.116504820210241
"Rheb",0.116467741935014
"Snap47",0.116467741935014
"Rpl28-ps1",0.116460030338946
"Copz1",0.116428509193824
"LOC105245576",0.116425160887924
"Tsn",0.116409428682943
"LOC105247253",0.116403041183808
"Angptl2",0.116369664098788
"LOC105242774",0.116345746312289
"Rbbp6",0.116323859093957
"LOC105243370",0.116250801945105
"Psmc5",0.116223641366992
"Slc26a6",0.11614701736985
"Pdcd5",0.11614021135678
"Nudt15",0.116105349574583
"Hnrnpd",0.116063870588049
"Dhx58",0.116019763527861
"Drd4",0.115952253512629
"Mrps36-ps2",0.115897628509149
"Bccip",0.115792299661042
"LOC102636664",0.115780150733567
"Efcab3",0.115758241471291
"Ccl21a",0.11568935129733
"Rpl7a",0.115679405547294
"Ptp4a1",0.115671694350237
"Arid4b",0.115663701436207
"E030024N20Rik",0.115606776472946
"Sec61a2",0.115595176760151
"A330074K22Rik",0.115594869248612
"Tnfrsf22",0.115569802078875
"LOC102632416",0.11554005108704
"Dnajc18",0.115519990118045
"l7Rn6",0.115516531804335
"Gtf2a2",0.115508546595852
"LOC105244666",0.115465313983908
"Rnu2-10",0.115407724890777
"Lyzl4",0.11539005446424
"Taf10",0.115366078658617
"LOC102642877",0.115346890654641
"Tcfl5",0.115304822820788
"Cpsf6",0.115222003764843
"Skp2",0.115190134568352
"Macrod2",0.115189767605305
"Synj1",0.115185946933829
"Dzip3",0.115183808160999
"Tubb4b",0.115171390734207
"Man2c1os",0.115168828457482
"Vsig10",0.115119490465859
"Rpl4",0.115107528196753
"LOC105245911",0.11502137910182
"5730408K05Rik",0.114940281287523
"A830019L24Rik",0.114938609188273
"2900011O08Rik",0.114919877915835
"LOC105247279",0.114860707871998
"Zfp442",0.114860049764454
"Pafah2",0.114856229317466
"Ppm1a",0.114771190246116
"Treh",0.114721604682498
"0610037L13Rik",0.114635489303739
"LOC102238517",0.114628323842406
"LOC102636309",0.11462822640114
"Commd4",0.114624053717294
"S100a4",0.114616616706828
"Tpk1",0.114597919846556
"1810026B05Rik",0.114580195651223
"Rps15a-ps7",0.114523362745497
"Klhl35",0.114386566783867
"LOC105247177",0.114316217910539
"Prkag2os1",0.114313402001732
"C920006O11Rik",0.114303898532058
"Zfp445",0.11421571856996
"LOC102641308",0.114204246854696
"Npb",0.114182547195586
"Rps15-ps2",0.114040309566472
"5730405O15Rik",0.114008215562912
"Rpl28-ps3",0.113999101755886
"LOC102635931",0.113993844964582
"Scamp1",0.113935369586247
"Psmd6",0.113921828868228
"LOC102640779",0.113919466045877
"LOC105246192",0.113907670472879
"Apol7a",0.113907010002588
"LOC105243960",0.113858105824407
"Nrxn2",0.113848060638231
"Eif4ebp2",0.113827893809389
"LOC105246752",0.113766543151695
"E130201H02Rik",0.113672537486719
"1700024P16Rik",0.113660483271764
"Hist3h2a",0.113648533432826
"Eaf2",0.113638149354947
"LOC105245356",0.113591004546098
"Atcay",0.113519195491374
"Mir670",0.113476051431006
"Dvl2",0.113427974371691
"Ccnj",0.113409312521813
"1700040D17Rik",0.113407932386135
"Polr2k",0.113386839512743
"LOC105244525",0.113328753513868
"Luc7l2",0.113307228613618
"Glo1",0.113250329809754
"LOC105246964",0.1132042724947
"Ppp1r3b",0.113192956834312
"LOC100503002",0.113145658950199
"Pea15a",0.113139901702642
"LOC105245929",0.113137074540359
"BC029722",0.113049688569712
"Gnptg",0.112981298027176
"1700113A16Rik",0.112961682385858
"LOC105244668",0.112953672858812
"Fam132b",0.112846917793616
"Rn7sk",0.112812950161567
"Gck",0.112789687649636
"Ccdc124",0.112758659601719
"LOC105244255",0.112680524119102
"Ash1l",0.112657998200309
"Pld6",0.112641665570575
"LOC102636414",0.112639947060734
"Aldoart1",0.112637821040897
"Card9",0.112634500234124
"LOC105245433",0.112434379341465
"Wfdc3",0.112343483894184
"LOC105244590",0.112232698656431
"LOC102640738",0.112210287766924
"4930587E11Rik",0.112187614483281
"Chd6",0.112146648809823
"Zfp455",0.112125110854757
"Htr2b",0.112077462174136
"Tnfrsf23",0.112043073539854
"LOC102633239",0.112034882269582
"Col6a4",0.111957135795097
"Cdk11b",0.11191735468899
"Nphp3",0.111872293803631
"Zfp69",0.111867655891274
"Ube2w",0.111858634014309
"Nrcam",0.111822105751821
"Mir7b",0.111770115373325
"Ubn2",0.111679498167589
"4930415F15Rik",0.111629985124052
"AI197445",0.111623652652437
"Tcea1-ps1",0.111601925926636
"LOC105244278",0.111598580050609
"Plcb2",0.111572272528362
"Gpr165",0.111555181683053
"LOC105243715",0.111524012680985
"Mycbpap",0.111503040243361
"Zfp459",0.111486454310783
"LOC105246099",0.111472205390871
"LOC105242943",0.11146252152691
"Rpgrip1",0.111450580652135
"Parp16",0.111392506405003
"Mlf1",0.111373554950023
"Zfp184",0.111368678572265
"LOC105246784",0.11133506179798
"Ppil4",0.111325997421219
"Tmem265",0.111281422337947
"Cx3cl1",0.111269549156005
"Ccnh",0.111254071070862
"LOC105246973",0.111224085655778
"Rogdi",0.111187247350912
"Ubap1l",0.111185513588477
"Rtl1",0.111145779539392
"Rpl30-ps9",0.111130516302844
"Gabrb3",0.111130485705865
"Rab11b-ps1",0.11109352930884
"Zfp59",0.111056848358568
"Adam22",0.111025772195319
"Zkscan4",0.110997694908712
"Map1b",0.11099503120569
"Ncs1",0.110898010252617
"Sema4c",0.110834447182133
"LOC105242441",0.110827333040564
"Tra2b",0.110755689262437
"Dazap2",0.11068354500986
"LOC105242679",0.110659780869884
"Evc",0.110610848886829
"Trpm6",0.110595603630904
"Gstcd",0.110571150327832
"4930578M01Rik",0.110561850171599
"Orc1",0.11051723586024
"Fubp1",0.110466235277144
"Optc",0.110446772821206
"D430020J02Rik",0.110370859181841
"F420014N23Rik",0.110362876801621
"Sycp3",0.11034490020941
"4933408J17Rik",0.110338367777257
"Zfp764",0.110272465707466
"Zbtb40",0.110269909051959
"1110051M20Rik",0.110258085850332
"Ppp1r13l",0.110246700182891
"Kansl2-ps",0.110228743751853
"Syf2",0.110219920188831
"Sox30",0.110215987101129
"LOC102640325",0.110182796702831
"Chgb",0.110174855402162
"A230065H16Rik",0.110159253188934
"Stk10",0.110124987182593
"Ik",0.110053789192311
"Klhl9",0.110021316608913
"Thoc7",0.110015256805696
"Eif3s6-ps2",0.109992252202927
"Gnai1",0.109961011555748
"Rbfox3",0.109919590740932
"Aqp10-ps",0.10986323338612
"Ptpra",0.109857992408373
"Six4",0.109797902323204
"Lrrc29",0.109761128780453
"LOC102641430",0.109709790472685
"Galr2",0.109609425250296
"Bfsp1",0.109604920134803
"Xbp1",0.109598180484345
"Slc16a13",0.109486634129044
"Nfatc2ip",0.109409755654318
"Cyp2c44",0.10939847810731
"Itga10",0.109317128000565
"Retsat",0.109267903479307
"Cacng8",0.109247471343467
"Rps17",0.109239457830914
"Nppa",0.109212853427271
"Phykpl",0.109197340561854
"2410004I01Rik",0.109196525917447
"Ube2d3",0.109174265356635
"Zfp652",0.109174000118018
"Rere",0.109170053193191
"Tmc4",0.109160408903149
"Nsd1",0.109116300966671
"Churc1",0.109102487898791
"Pabpc1",0.109055049440696
"Lgi4",0.108972507693631
"Rpl9-ps7",0.108969862283873
"Eif3h",0.108966344635727
"Stk36",0.108908787678538
"Casp7",0.108904469610909
"LOC105246285",0.108884893072726
"1700123M08Rik",0.108873411558443
"Cacna1s",0.108860333144163
"Calr3",0.108842225016099
"Zfp112",0.108763359679416
"Pithd1",0.108755873641928
"9430097D07Rik",0.108749653680821
"LOC105245783",0.108697109372179
"1500012K07Rik",0.108610108872172
"Pctp",0.108588019168057
"Atxn7l3b",0.108529807108274
"LOC105245517",0.10849368342145
"4930538K18Rik",0.108479966723351
"LOC101055727",0.108463971162192
"Mettl4-ps1",0.108407605554375
"Oca2",0.108400017189384
"Pkdcc",0.108363736226568
"Gpbp1",0.108329749229675
"Hmcn2",0.108316252523477
"Farp2",0.108206835261381
"Bclaf1",0.108181893752912
"Ankfn1",0.108158675088443
"Atxn2l",0.108155411901637
"Trappc6b",0.10814002676529
"Sfr1",0.108045794807093
"LOC105242760",0.10802227550246
"Cage1",0.10793528337983
"LOC105242940",0.107906221299173
"A230087F16Rik",0.10782579080125
"Kdm1b",0.107790241974273
"Slc45a2",0.107732463245398
"LOC105244477",0.107668537435512
"Spcs2-ps",0.107655398769145
"Vmn2r-ps89",0.107626001435187
"LOC102639700",0.107625056292868
"LOC102638389",0.10760687918733
"LOC105245132",0.107574454207463
"Maff",0.107480745062366
"LOC105245125",0.107474465676262
"LOC105244789",0.107444243280921
"LOC105244448",0.10744237650568
"Cnih2",0.107241715644142
"LOC102641800",0.107176071928375
"Pomp",0.107142857142314
"Rpl22l1",0.107142857142314
"Rps21",0.107142857142314
"Rps6",0.107142857142314
"Rps8",0.107142857142314
"Rtn3",0.107142857142314
"Scoc",0.107142857142314
"LOC102637691",0.107131400195586
"Cdip1",0.107129436002685
"Actrt3",0.107042867027309
"A330069K06Rik",0.106965889347941
"Ctf1",0.106964491571035
"Ube2e3",0.106918356161669
"Stk25",0.106873234631907
"2310002D06Rik",0.106770404910607
"Slc25a54",0.10674414715612
"LOC102640772",0.106726674157523
"LOC105246170",0.106695562049999
"Mir125b-1",0.106629980190003
"Cass4",0.106593142768057
"Maats1",0.106550276440937
"Pdxp",0.106512582137065
"Ankrd12",0.106507684061973
"Sdcbp2",0.106487932292141
"Zfp300",0.106467289441124
"1110020A21Rik",0.106436387844529
"Fam78a",0.106397356812606
"Tmem234",0.106330246628897
"Kif2a",0.106227961271771
"LOC105246114",0.106157454576369
"Safb",0.106117506173367
"Wdr66",0.106005708838457
"LOC100534391",0.105997521836093
"Olfm1",0.105987417115708
"Rps5",0.105974573568516
"Apc",0.105948544216114
"LOC105243109",0.10591388340737
"March10",0.105877711330141
"Plekhj1",0.105828437080771
"LOC105244754",0.105707603499447
"LOC105242801",0.105638967315609
"Mir7055",0.105626444608494
"Hnrnpa0",0.105615119782369
"Sdc1",0.105451025754789
"Rps3a2",0.105375411505295
"3110070M22Rik",0.105338284636997
"LOC105244867",0.105330137683172
"Tpi-rs4",0.105295926488572
"LOC105244597",0.105286548617044
"Nhp2l1",0.105283934134114
"Rab28",0.105211398446563
"Mmp28",0.105159344603308
"C230014O12Rik",0.105155951285883
"LOC105246827",0.105152709762029
"Rpl31-ps8",0.105111097474055
"Slc4a11",0.105110822545435
"Appl1",0.10503983599024
"Syne1",0.105034158343449
"Metap2",0.105028886072032
"Celf1",0.105008441044283
"LOC105244449",0.104991947482529
"1110001J03Rik",0.104945863698139
"B3gntl1",0.104935787418442
"Cd160",0.10490666485019
"Colec11",0.104851511244436
"Polr2i",0.10484722014834
"Zfp820",0.104741446338823
"Myo15b",0.104733769178365
"Pcdhb5",0.104668578785196
"Zfp628",0.104666931552545
"Sf1",0.10461803713825
"Ninl",0.10461119327061
"LOC105246670",0.104440646010474
"Nufip2",0.104409378445148
"Ccdc110",0.104406878057521
"Fbxl18",0.10438597949367
"Bend7",0.104330271237681
"Ankrd52",0.10431203136143
"LOC105244067",0.104300468793192
"LOC105245385",0.104278458012762
"LOC105247184",0.104223935159427
"Ap1m2",0.104201949129441
"LOC105246584",0.104151534322296
"Zcchc11",0.104133806689526
"Sh2d4b",0.104131463224756
"Ssbp2",0.104118756915526
"LOC102640250",0.104104153542664
"Pcna",0.104096515525783
"Zfp551",0.104065889306801
"Vdac3-ps1",0.104055265258758
"9130227L01Rik",0.104039294589571
"Lnp1",0.104002330649298
"LOC102634048",0.103988194153864
"Spin1",0.103967213493494
"Map2k1",0.103936458749942
"Smc3",0.10386131247622
"Atp5l2-ps",0.103845705986866
"Gt(ROSA)26Sor",0.103755344192637
"Ppp1ca",0.103751341356421
"Ncapg2",0.103641335246754
"Wdr89",0.103419524810756
"Tshb",0.103401922878827
"Lrrc10b",0.103387631432364
"LOC105244997",0.103297623852104
"LOC105246627",0.103224283403336
"LOC105246452",0.103102771430359
"LOC102639109",0.103098549308604
"Tnfrsf9",0.10304843144719
"Fkbp2",0.103041018387189
"Vps28",0.103041018387189
"Malt1",0.103034310086124
"Mpp4",0.102936589412201
"4921511C10Rik",0.102916843140815
"LOC102638184",0.102874421224687
"AW046200",0.102872476334626
"Rufy3",0.102838244437445
"Ddx50",0.102776091015528
"Polm",0.102749179116027
"Plin5",0.102746104812563
"Mrap",0.102740159813409
"LOC105246782",0.102699490425205
"Gpatch8",0.102676170387224
"Trmt112-ps1",0.102658763968186
"Tmx4",0.102658685794058
"Eps8l1",0.102657489070566
"Tsen34",0.102607116686486
"Megf6",0.102573640695046
"Hnrnpab",0.102570582661821
"Stip1",0.102560186657916
"Supt5",0.10255201777313
"Ercc2",0.102533080706648
"Rpl17-ps3",0.102515570775074
"Setdb2",0.102462012635469
"Dhx36",0.102429403909342
"4930405A21Rik",0.102418567917355
"Cct5",0.102412912952517
"Allc",0.102393772931527
"LOC102640199",0.102381646423795
"LOC105246177",0.102367468828256
"Tmem30a",0.10227845974234
"Cdc123",0.102249142266074
"Mir138-1",0.102233367369244
"Btbd1",0.102178272946744
"LOC105242721",0.102159546274251
"Gnb2l1",0.102154797834231
"Map10",0.10215430304035
"E130119H09Rik",0.102124431363559
"Pcsk2os2",0.102113831209988
"Igf2bp3",0.102073991372897
"8430415O14Rik",0.102054160630109
"Gnb5",0.102046219517451
"Rps11-ps1",0.102038795351516
"Trim2",0.102037411259609
"Pigyl",0.101972748945893
"0610012G03Rik",0.101962177203082
"Zfp229",0.10193778201366
"Zfp658",0.101933886897024
"LOC105244102",0.101931948034901
"Mcidas",0.101843256579227
"A630072M18Rik",0.101821090607908
"LOC102640226",0.10179200575439
"Pnkd",0.101755849989372
"Piezo1",0.101658174548922
"Has3",0.101648216715849
"Cmtr2",0.10161263848212
"Alms1-ps1",0.101585488764528
"Trmt44",0.101583551293212
"C230072F16Rik",0.101578477237804
"LOC102631749",0.101553942673521
"Dlgap4",0.101449235248757
"Mterf1b",0.101419622607224
"Ccdc62",0.101401616673966
"Naaladl2",0.101376112254365
"LOC105245641",0.101358477754072
"Actl6b",0.101332799836613
"Zmat2",0.101277444302071
"4933406I18Rik",0.101272983526361
"LOC105246049",0.101257505268917
"Acot10",0.101209569002389
"Etohd2",0.101166954818305
"3110001I22Rik",0.101160530130252
"Bcas2",0.101152665244938
"LOC105245861",0.101145036068625
"LOC102634841",0.101042242674988
"Ern1",0.101009337259733
"Rer1",0.101002273716942
"1700013F07Rik",0.100973467052144
"G430095P16Rik",0.100942832314743
"E430016F16Rik",0.10093111807938
"Npm3",0.100925561565372
"Gchfr",0.100917350445417
"Dnaic2",0.100822505236881
"Ube2v1",0.100780868629622
"Ccdc87",0.100676049614998
"LOC105243544",0.10066891458995
"Dhx37",0.10065443416592
"LOC105245419",0.100639229935275
"Rilp",0.100636514774866
"Espn",0.100584173031762
"Grin1",0.100498217707332
"Gpr1",0.100462175489849
"LOC105243877",0.100436752483492
"Abcc5",0.100420405935075
"Nisch",0.100419495383496
"Mir6516",0.100360983656648
"Rab1",0.100261079613315
"Drap1",0.100224305405962
"9030612E09Rik",0.100200300905146
"Efcab13",0.100163746951388
"LOC105245272",0.100160845912015
"4930593A02Rik",0.100155409317145
"LOC105244722",0.100110649585575
"Ktn1",0.100093692055395
"Slc27a3",0.10004409862905
"E030046B03Rik",0.100029567219916
"Vdr",0.100014396462882
"Brd9",0.0999581033925097
"LOC105244835",0.0998923665925302
"Lrrc2",0.0998914764425085
"4933408N05Rik",0.0998908059316157
"Nsmce4a",0.0998874613812263
"LOC105246423",0.0997295178457267
"Mir674",0.099492825971232
"1700008J07Rik",0.0994732689261963
"Stub1",0.0994522386793754
"Pcdhb16",0.0994257855902183
"Psma1",0.0994162593342992
"LOC102638448",0.0993709892295823
"Prpf39",0.0993007687303706
"LOC105246383",0.099273704969297
"2610005L07Rik",0.0992137897103636
"Ilf2",0.0992067127027964
"Loxl3",0.0992041031704117
"Psmd12",0.0991711009605231
"LOC105245202",0.0991639261370311
"Snhg9",0.0991435940093162
"A930016O22Rik",0.0989629878013168
"Paxbp1",0.0989275311833998
"Nrxn1",0.0988347562127828
"Sap18",0.0988347562127828
"Txn1",0.0988347562127828
"Ackr2",0.0988049857704422
"Rpl19-ps1",0.0987970792686649
"LOC105245023",0.0987515883855824
"Ralgapa1",0.0987055174954625
"Tigd3",0.0986942160193835
"Zfp389",0.0986008385737703
"Sgta",0.0985709955067185
"Wsb2-ps",0.0985291054724786
"Rpl15",0.098517287233715
"LOC105247051",0.0984631297000688
"Wee2",0.0983805399407373
"Cfap43",0.0983568982783993
"1700012D14Rik",0.0983504174769116
"Wdr25",0.0981936464022727
"Apbb1",0.0981841307485859
"Tpcn2",0.0981674854732091
"1700120C14Rik",0.0981377080095105
"Dmp1",0.0981285334367665
"Trank1",0.0980918417943768
"Esrrb",0.0980667771650831
"LOC105244013",0.0979582985520413
"Dpm1",0.0979049704738757
"Sertad3",0.0979047159938377
"LOC102636360",0.0977350890302428
"Atp6v1b2",0.0976702269689664
"Papola",0.0976362396351279
"LOC105245822",0.0976327515427502
"Clec1a",0.0976048802239053
"Proz",0.0975468621958537
"T2",0.0974852990656257
"E130317F20Rik",0.097444246660332
"Nkapl",0.0973661324224527
"Klf11",0.0973435402964231
"LOC105244946",0.0973137189263066
"LOC105245368",0.0972568723543784
"Cdc37",0.0972299178262187
"Ccdc15",0.097186009526268
"LOC102635879",0.0971824987254977
"Pask",0.0971534069207185
"Arl5c",0.0971133343793796
"Ip6k1",0.0970995804019697
"Klrg2",0.0970880117097984
"Atp4a",0.0970744699721207
"LOC102638344",0.0970376347557638
"Oplah",0.097004969478205
"Hist4h4",0.0969948759250249
"E530001F21Rik",0.0969451097322118
"Napa",0.0969308269751528
"Cby3",0.0969268077187524
"1600023N17Rik",0.0969261755291918
"LOC105243086",0.09687552199089
"2610305D13Rik",0.0968244501813096
"Tcp1",0.0968090911735128
"Zfp174",0.0967917255642217
"Unc80",0.0967812430169221
"Mirlet7d",0.0967675604772199
"Cacng6",0.0967512331982727
"1700003M02Rik",0.0967454917124905
"LOC102642773",0.0967422373890666
"Sycp2",0.096708277105574
"Fbxl16",0.0966485833779115
"LOC102641860",0.0966483574117726
"Ido2",0.0966479228320489
"Ptch2",0.0965537483392462
"Rpl26",0.0965143045047796
"Psmd14",0.096493723047791
"Hnrnph3",0.0964296225630619
"1500017E21Rik",0.0963607055153813
"1190003K10Rik",0.096359794387335
"Noxo1",0.0963378383826799
"Masp2",0.0963319378390037
"E130008D07Rik",0.0963275380715235
"LOC105246496",0.0963135403876661
"Scarna2",0.0962761830031462
"Ccdc88a",0.0962435954276879
"LOC105247013",0.0962371083398306
"Pcdhac1",0.0962133640367829
"LOC105245720",0.0962004026789937
"Ppig",0.096189363906368
"Fam179a",0.0961587400240032
"Slc25a5-ps",0.0961530748022736
"Ccnt2",0.0961515216898059
"LOC105243848",0.095995943953263
"Supt4a",0.0959622038728074
"Lrp8os2",0.0959573159275448
"Zfr",0.0959020568099042
"Pacsin1",0.0958787556508666
"Ppp2r4",0.0957399487851398
"A630034I12Rik",0.0957375861598023
"Rpl11",0.0956770254187058
"Hist2h4",0.0955266274620732
"LOC105245650",0.0955187194159572
"Dnaic1",0.0955147122538004
"5730422E09Rik",0.0955096175185135
"LOC105243703",0.0955052563410572
"Rps13-ps2",0.0953525578416477
"Rhcg",0.0953315948577706
"Glrx3",0.0952930228334561
"F12",0.0952886748289285
"LOC102642011",0.0952638747301089
"Pcdha12",0.0952243452788141
"Aim2",0.0952083612938989
"Frg1",0.0951272499276197
"Srrm1",0.0950992153715743
"Mettl13",0.0950977311535619
"LOC105242636",0.0950423565144322
"LOC105245571",0.0949532113886626
"Proca1",0.0949465075908496
"Gpr171",0.0949055570811049
"LOC105246713",0.0949021561812074
"Itfg1",0.0949011996841764
"Tspear",0.0948833969637092
"Mr1",0.0948416074179659
"Snora73b",0.0947754087732592
"Cycl",0.0947260777244592
"9330198N18Rik",0.0945822509107921
"Mical1",0.094576484007
"LOC105243391",0.0945610418502941
"LOC101056120",0.0945112068031432
"Il1r2",0.094468207729829
"Dlg2",0.0944330620150726
"LOC105245002",0.0944210952375358
"LOC105243898",0.0944067392903296
"Pygl",0.0943800853247347
"LOC105246699",0.0943616610199749
"Dmtn",0.0943536078936267
"Vcp",0.0942915474910619
"Eif3c",0.0942630344834144
"LOC105245611",0.0942141107862537
"Vmn2r84",0.0941499653564583
"1700024F13Rik",0.0941322839389303
"LOC102642832",0.0941245656111895
"Tha1",0.0941225398242458
"0610040F04Rik",0.0939129570516512
"Srp9",0.0938972538286025
"Zfp418",0.0938789839970791
"Nckap1",0.0938654355696437
"BC049715",0.0938474524229963
"Rwdd1",0.0938450640427431
"Ssna1",0.093826468991582
"Tpt1-ps7",0.0937692250976123
"Esyt3",0.0937520341787284
"Rps24",0.0936775818636849
"LOC105244020",0.0935962512191161
"LOC105245239",0.0935952229826646
"Smarcd1",0.09358988376415
"1700001G11Rik",0.0935896769569964
"9430091E24Rik",0.0935847421881765
"LOC105244912",0.0935210989971938
"Fam136b-ps",0.0934993407272199
"LOC105243293",0.093473538678493
"Zfp319",0.0934663106394043
"Polr2f",0.0934499774671987
"Zfp422-rs1",0.0933943239547356
"Kmt2a",0.093316954717695
"Calr",0.0932933443331362
"LOC105246190",0.0932542163100639
"Tex26",0.0932502244534601
"Zfp626",0.0932467140119827
"4930563F08Rik",0.0932195053437968
"Ccdc33",0.0931006994391679
"Lipc",0.0930807333233525
"LOC105246126",0.0930759951912404
"Gaa",0.0930672192053837
"BC051142",0.0930657518161078
"LOC102639127",0.093041073188057
"Mif-ps8",0.0930050832357103
"LOC102633883",0.092998723004481
"Pfdn5",0.0929746835440096
"Raver1-fdx1l",0.0929736212614046
"1700112J16Rik",0.0929630358502808
"LOC102639549",0.0929189898053658
"Snora64",0.0928167849874965
"Clk4",0.0927451139921769
"LOC105246303",0.0927344490728112
"Psmb3",0.0926677018630663
"4930432K21Rik",0.0926633234354921
"Tekt1",0.0925922858647781
"LOC105242968",0.0925833013938593
"4930567K12Rik",0.0925801978098744
"Steap1",0.0925778479493077
"1700056E22Rik",0.0925555051387162
"Dhdh",0.0925542783923536
"LOC105246687",0.0925498725165505
"LOC102641256",0.0925416040911025
"Dlec1",0.0925280613778642
"Bod1l",0.0924960972678142
"LOC105246184",0.092424658550808
"Nkx6-3",0.0924242765368433
"Psmc4",0.0923699752972877
"LOC105243790",0.0923358216823527
"LOC105245623",0.0923001462766202
"Tardbp",0.0922206059890993
"2810410L24Rik",0.0922058406476688
"Tpr",0.0921906126680029
"LOC105246955",0.092133821907985
"Artn",0.0921329567553483
"Mirlet7i",0.092095449481305
"Tomt",0.0920767878363634
"LOC105244479",0.0920576520786958
"Txn-ps1",0.0919798813926318
"Ccdc17",0.0919740260831338
"Pitpna",0.0919474329365316
"Adprhl1",0.0919050952940427
"Rpl21-ps12",0.0918611242682505
"Kdm4d",0.091810641955638
"Tnfrsf11b",0.0916383423608599
"LOC105245240",0.0915959716013529
"LOC102632636",0.0915283666302445
"Rpl38-ps2",0.0915264258193202
"Rsph4a",0.0915018317805839
"1700048F04Rik",0.0914896281196143
"LOC105243502",0.091415066494212
"Spata5l1",0.0913824308955301
"Mgmt",0.0913418414857544
"Zscan30",0.0913388466206905
"Trmt112-ps2",0.0913302347587212
"Rab11b-ps2",0.0912383514052604
"Snrnp27",0.0912094828609077
"Gucy2e",0.0911828210533098
"Atp2b1",0.0911581872399506
"Clcn3",0.0911088552083812
"LOC102640923",0.0911030538267843
"Tango6",0.0910607457197359
"A630066F11Rik",0.0909959769383834
"Fstl3",0.0909483801273343
"Ttll8",0.0909171942420369
"C530044C16Rik",0.090879195840347
"9330104G04Rik",0.090877700350706
"Rbm8a",0.0908744400210647
"LOC105245065",0.0907880285691929
"2410137M14Rik",0.090723507641092
"D17Ertd648e",0.0906981837828614
"Arpc3",0.0906901627377658
"Rpl22-ps1",0.0906766333607546
"LOC105242586",0.0906759059210954
"Vamp4",0.0906470737873638
"Tor4a",0.0906400049843512
"LOC105246363",0.090568035434533
"LOC102639982",0.0905369874993758
"Ggnbp2",0.0905324153593889
"Dlgap1",0.0904565837433657
"Cfap61",0.0904495641401014
"Gphn",0.0904291596188483
"Nudc-ps1",0.0903564997361407
"Snora78",0.0903474012426512
"Kcnq1ot1",0.0903129845806106
"LOC105246135",0.0902907897604295
"LOC102636024",0.0902701749283653
"4930526A20Rik",0.0901426765389995
"Mir6236",0.0901152961795956
"Rsg1",0.0901002999286504
"D830031N03Rik",0.0900915108526281
"Tpi-rs10",0.090087773624166
"Lrrc9",0.0900711049260115
"Fsip1",0.0899473983861836
"2410022M11Rik",0.0899467558991388
"Tnrc6b",0.0899460331914227
"Mob4",0.0899276929880092
"Rhbdd1",0.0898382366748717
"Zglp1",0.0898355769600676
"LOC105243910",0.0897919741741325
"LOC105244144",0.0896971462245167
"Neu3",0.0896791102920656
"H2-Bl",0.0895307117633534
"LOC102632661",0.0895235376796814
"Ccdc14",0.0895177676085372
"Adam21",0.0895080636666874
"Poc1b",0.0894445770165703
"Hist2h3b",0.0894302684100013
"Pappa",0.0893833102701101
"3830408C21Rik",0.0893777820148564
"Rabac1",0.0892857142851708
"Rpl21",0.0892857142851708
"Rps13",0.0892857142851708
"Sec61g",0.0892857142851708
"Oas1c",0.0892509758506412
"LOC105242881",0.0892476055689466
"Tax1bp1",0.0892388882578661
"Pcdhb19",0.0891852302878403
"LOC105246388",0.0891447933287515
"Hdac2",0.0891268327985027
"Nr1i3",0.0891192565838489
"Ern2",0.0890973122267132
"2410003L11Rik",0.0890777552166145
"Zfp786",0.0890451174421852
"Gk5",0.0890116085804095
"Tnnc2",0.0889970764622526
"Mapre3",0.0889496124028997
"Ccno",0.0889282297168372
"LOC105242400",0.0889280422775291
"Ccdc142os",0.0889233578701736
"Psap",0.0889157228047582
"Cadm2",0.0889080787468602
"Zbed4",0.088905846490544
"LOC105244114",0.0888825740307156
"Wsb1",0.0888669410619121
"LOC105247229",0.0888430995207327
"4930439A04Rik",0.0886901485992556
"Commd3",0.0886562888739934
"LOC105245362",0.0886136948681752
"Ppp1r3d",0.0885665832469713
"LOC105246173",0.088536594626856
"Hnrnpa1",0.0885163479449952
"1700105P06Rik",0.0883690281339033
"LOC105243914",0.088363356730389
"Pcdhb14",0.0883143348533237
"Zfat",0.0882049311839031
"LOC105242602",0.0881762665059684
"LOC102636124",0.0881708602160107
"LOC105246738",0.0881343475937831
"Tnrc6a",0.088117748807508
"Mkrn2os",0.0880957531422281
"1500002F19Rik",0.0880492015436521
"Sec16b",0.0879980883533693
"Ccdc116",0.0879130449346106
"Ctnna3",0.0878041402060558
"Irgc1",0.0877948605561781
"Scube3",0.0877894978431569
"Fosl1",0.0877330177206514
"Zfp446",0.0877261356436738
"LOC102636338",0.0876963474811144
"Pcdhb9",0.0876383141588915
"Clcn1",0.087598802960989
"Ak1",0.0875299976259578
"Mien1",0.0875257724456616
"LOC105242585",0.0875044131515792
"LOC102631930",0.0875016634691965
"Mir138-2",0.0874160355191794
"Hells",0.087415156351204
"Mir3098",0.087395027027097
"Slc44a4",0.0873564681664968
"Dnase1l2",0.0873366600185033
"Chrnb1",0.0872264442293015
"Igdcc3",0.0872170196242245
"LOC105243289",0.0871688768515578
"LOC105247224",0.0871661388456984
"LOC105246933",0.0871653554479951
"Uckl1os",0.0871250547697758
"LOC102636463",0.0870430561927299
"Tex15",0.0870157532406677
"Tanc2",0.0869220699476314
"LOC105245478",0.0868396984646904
"Slc35g1",0.0868354609758722
"4833417C18Rik",0.0868042647752186
"Acat3",0.0867880173992368
"A530046M15Rik",0.0867612028107849
"Tmx2",0.0867455309945439
"Glb1l",0.0867337720485277
"Zfp865",0.0866756561949581
"LOC105245772",0.0866330153705261
"Rttn",0.0865645953499452
"LOC105242978",0.0865150235392217
"Chst9",0.0865147845516263
"Ccdc96",0.0865058765954168
"Mphosph8",0.0865000412610966
"Hgfac",0.0864979858573184
"Aamp",0.0864817241743037
"Psmb5",0.0864708472238937
"Dydc2",0.0864654201390582
"Col28a1",0.0864414170980489
"Rpl21-ps1",0.0864257409955148
"Dnajc7",0.0863678844275041
"Tnfsf9",0.0863609049591018
"P2rx3",0.0863445182526932
"Hnf1b",0.086332609890465
"LOC105246600",0.0862822024707673
"1700021N21Rik",0.0861967939740015
"B230398E01Rik",0.0861955667529276
"Tm4sf5",0.08619425780178
"Celsr1",0.0861877406534454
"Rap1gds1",0.0861801525255195
"Rps15",0.0861552028215247
"Mir667",0.0861185476311152
"LOC102642793",0.0861182987204724
"Pcdhb7",0.0861142117441671
"LOC105246654",0.0860647469944179
"LOC105246062",0.0860568868625833
"Aig1",0.0860351916493565
"Ido1",0.0860271561459176
"LOC105245427",0.0859880646285069
"4930469G21Rik",0.0859069823931237
"4930470P17Rik",0.0858969319083761
"Cfap57",0.0858867103204032
"Cox7b2",0.085793131578787
"LOC105243561",0.0857207517649238
"Puf60",0.0856671485712526
"Cct3",0.0856481526411733
"Trib3",0.0856278547183097
"LOC105246538",0.0856242891607679
"Eqtn",0.0856225796886577
"Zfp429",0.0855754710439414
"Kcnj14",0.0855418546794554
"Snord118",0.0854810905683917
"Ano7",0.0854794825033751
"9130221H12Rik",0.0854430597622243
"Zfp473",0.0853731432378413
"Mboat4",0.0853594407357963
"Lrrc23",0.0852793688670262
"4930404K13Rik",0.0852763793847809
"Dnajc8",0.0852736122879987
"LOC105244903",0.0852281669167113
"LOC102640359",0.0852169946880782
"Nhlrc3",0.0851871222223149
"Erh",0.0851668584577527
"LOC100862268",0.0851331947895383
"Dnah17",0.0851262882879863
"A330084C13Rik",0.0851164673675363
"Rpl10-ps6",0.085095746042954
"C2cd4d",0.0850572213371805
"2700054A10Rik",0.085026958704871
"Lrguk",0.0849580663432893
"Abca12",0.0849449397563436
"LOC105245648",0.0849256185149223
"Taok1",0.0849019534529694
"Mir136",0.0848831801500385
"Snrpa",0.0848209186152915
"LOC102643069",0.0847851343720011
"Pard6b",0.0846843422555748
"Lhx9",0.0846713796802935
"Mylpf",0.0846638080164893
"Ctbp1",0.0846500786157142
"Med9os",0.0846235261338155
"LOC105244729",0.084543391050548
"A830035O19Rik",0.0845330335738152
"Etnk1",0.0844715779026001
"LOC102640067",0.0844531973610397
"LOC105247058",0.0844422412514766
"D8Ertd738e",0.0843999330182438
"LOC105243578",0.084320947942815
"Cdca7l",0.0842891645087747
"Mcm2",0.0841577617728516
"Pja2",0.0841466589385395
"2410015M20Rik",0.0840980428100969
"Snrpe",0.0840743024658779
"Pskh1",0.0840178496209674
"Cdt1",0.0839736515175104
"LOC105246035",0.0839065359912833
"Cenph",0.0838777289551763
"Prr19",0.0838249378214861
"Fbxo46",0.0838126382891395
"LOC102635273",0.0837957866092046
"Adam1a",0.0837404825844523
"LOC105246497",0.0837058941795342
"Junos",0.0836563374380096
"LOC105246150",0.0836471250018944
"Cyb5rl",0.0836443784488465
"Rps16",0.0835845986982549
"Ctrl",0.0835539098656859
"Pcdhgb7",0.0835086001011298
"Ston2",0.0834951490778848
"LOC105243317",0.0834686654041725
"9330020H09Rik",0.0834397695366221
"2810403D21Rik",0.083415259564462
"D6Ertd474e",0.0833335620114218
"E530011L22Rik",0.0833086925398765
"Mrpl23-ps1",0.0832674715739111
"Snora65",0.0832147923826779
"Hist1h2ac",0.0831230712308994
"Grk4",0.0830739101130138
"LOC105245905",0.083061532856054
"Prob1",0.0830553310538966
"Ccdc79",0.0830170881091756
"LOC105246730",0.0829859026309827
"Helb",0.0829714608080712
"Pstpip1",0.0829302095753432
"Ap2a2",0.08292861554189
"Arxes2",0.0829258233981537
"Prrt1",0.0827765057067947
"Mboat1",0.0826586023678352
"LOC102634128",0.0826435399131149
"Crip3",0.0826342243942829
"Il17rd",0.0825124795385412
"LOC102634085",0.0824830272330222
"Plagl2",0.0824753217360223
"1700109K24Rik",0.0824228669419574
"Zcchc9-ps",0.0824032833300905
"Tmc3",0.0823695174224544
"Rnpc3",0.0823636518833654
"Eif4g2",0.082361408478374
"LOC105243729",0.0822852820267373
"Cdk5r1",0.0822535153486883
"Braf",0.0822373967788903
"LOC105243727",0.0822345245818868
"LOC105242729",0.0822340135621818
"Pi4k2b",0.0822332126936979
"Wscd2",0.0822224066088485
"Pcdhb10",0.0822184042907813
"Efcab7",0.0822001766998687
"Hcrt",0.082173929662742
"LOC105245144",0.0821718682662519
"Sltm",0.0821330844005496
"Fam60a",0.0821170971109402
"Zfp879",0.0820922386789575
"Rpl14-ps1",0.0820357778883974
"Celf3",0.0820199601051497
"LOC102638190",0.0820021654231844
"Eif4h",0.0819783838914612
"Tra2a",0.081806156866787
"LOC102643147",0.0817526806136428
"Rpsa",0.0817292035396543
"9230117E06Rik",0.0816918351037437
"Ky",0.08166979883627
"Hspa5",0.0816534942376298
"LOC102639315",0.0816482698553402
"Arf3",0.0816171762412348
"Tmem198b",0.0816127546587772
"Kcnk15",0.0815866379454649
"Ddx4",0.0815391733953369
"Cyp4b1",0.0815345910957064
"Cltb",0.0815297297295094
"LOC105246299",0.08152173582934
"Gdf11",0.0815194221968802
"LOC105246858",0.0814481741496092
"Nemf",0.0814339407005192
"Tmem170",0.0813819271201801
"BC025920",0.0813532210795754
"Cmip",0.0813299562054702
"Rps26",0.0813107314466596
"LOC105242945",0.0813012169006119
"9130019O22Rik",0.0812941932961409
"Atp6v1a",0.0812825794890301
"Myeov2",0.0812825794890301
"Ptges3",0.0812825794890301
"Rpl35",0.0812825794890301
"Rpl9",0.0812825794890301
"Rps3a1",0.0812825794890301
"Stxbp1",0.0812825794890301
"Dear1",0.081274129797147
"Lsm7",0.0812131227809417
"Set",0.0812131227809417
"LOC105244439",0.0811890744741924
"Tm2d2",0.0811792712708417
"LOC105247098",0.0811751210002412
"A330015K06Rik",0.0811702697510933
"Mapre2",0.081160169252982
"Ttc25",0.0811208353762599
"Emc10",0.0810815140086081
"LOC105242946",0.0810724193109226
"Wrb",0.0810630457975867
"Mdh1b",0.0810213373301333
"Scd4",0.0809802073454701
"LOC105243132",0.0809784001192393
"A430090L17Rik",0.0809003560702972
"F930015N05Rik",0.0808970975377875
"Pex11g",0.0808511155608792
"Tsg101",0.0808191826859025
"Fam221b",0.0808191059890356
"Hist2h2ac",0.0808146769796936
"Gad1os",0.0807759870365472
"Ppp1cc",0.0807638819024093
"LOC105245628",0.0807422894432203
"LOC105246157",0.0805962429857999
"LOC105244292",0.0805470543780653
"Fam129c",0.0805380055988896
"LOC105246974",0.0804882848586384
"Vps26b",0.0804782883673057
"Dcst1",0.0804750649981185
"Nrg4",0.0802905868009247
"Epyc",0.0802477715814422
"Oscar",0.0801985475758965
"LOC105246361",0.080191360911307
"Creb3l3",0.0801458665440478
"Iqck",0.0800832674348598
"Usp22",0.0800696568891939
"Nkpd1",0.0800583117636327
"LOC105246648",0.0800452392096303
"LOC105242390",0.0799050888137728
"Oaz3",0.0798593735202142
"LOC105242795",0.079838791759303
"LOC102637878",0.079827627042116
"LOC102637515",0.0797868459420826
"Csde1",0.0796481657269004
"Snrnp70",0.0796372870853503
"Mir137",0.0796003506454199
"Arhgef33",0.0795955586482947
"Pfdn6",0.0795637624030475
"5830444B04Rik",0.0795418128115369
"LOC102635341",0.0795309571217986
"Syn2",0.079527188568415
"Capza2",0.0794923550067914
"LOC102643091",0.0794533633948905
"Sept11",0.0794507635359842
"Ttc12",0.0794120422130201
"Cd1d1",0.0793835973870119
"Clasp2",0.0793459917370126
"4930505N22Rik",0.0792958063149976
"LOC105244962",0.0792665085703645
"Psmc1",0.0792647058821448
"LOC105245722",0.0792389816784938
"LOC105243969",0.0792151991573806
"Zfp503",0.0792150635957752
"A530021J07Rik",0.0792112000480864
"LOC102635164",0.0791560131624563
"4930447A16Rik",0.0791047081968306
"LOC105244878",0.0790729336267516
"Ldha",0.0790660752252724
"Purb",0.0790625105494159
"Ncam1",0.0790122732991462
"Dcdc2c",0.0789592604465812
"Prss41",0.0789510090985538
"Mcm9",0.0789382515972457
"Ubxn10",0.0789347316490699
"4833447I15Rik",0.0789258308744681
"LOC102637269",0.0789186577386111
"Rbbp4",0.0789159379728542
"LOC105246385",0.0788823886256811
"Thra",0.0787937526701404
"Psmb6-ps2",0.0787807986750166
"9630015K15Rik",0.0787606313238317
"Dnmt3l",0.078725360708101
"LOC102639044",0.0787117965733277
"4933432I09Rik",0.0786603535191112
"Eif3k",0.0786449432111591
"Ddx39b",0.0785788626209019
"Tmed2",0.07857465440301
"Atp2c2",0.0785203072419946
"Mir326",0.0785038240474861
"Fsbp",0.0784918345726857
"LOC105247041",0.0784769059655788
"Gpr157",0.0784082128787083
"Zfand5",0.0783925257653881
"Pipox",0.0783725057658776
"Aoc2",0.0783718567152322
"Mab21l2",0.0783678482388695
"Pifo",0.0783328784608166
"Apoh",0.0782728507829783
"Syce1",0.0782413279622693
"C130080G10Rik",0.0782108144863456
"LOC105244891",0.0781893562459085
"Cadps",0.0781566442193481
"C430042M11Rik",0.078135560575637
"Fopnl",0.0780966041622657
"LOC105245317",0.0780530806556418
"LOC105246905",0.0779957732939304
"6720483E21Rik",0.0779743357297525
"Rpl3l",0.0779374949427574
"B3gnt7",0.0778876488579964
"Maml1",0.0778605971850799
"Rps15a-ps8",0.0778472800067811
"Serpine1",0.0778385193649089
"0610009E02Rik",0.0778207545044048
"LOC105244306",0.077800512259835
"Grhl2",0.0777904333738921
"Micu3",0.0777504107766948
"LOC102641355",0.0776510220722337
"Galm",0.0776003087919215
"LOC102638167",0.0775618791244688
"LOC105243911",0.0774945110159116
"LOC105245563",0.0774680571498964
"LOC105246978",0.0774092793996096
"LOC105245069",0.0773991580120894
"Snord96a",0.0773814487584169
"Cenpv",0.0773764683411996
"Rgl3",0.0773511983116721
"1700084C01Rik",0.0773454127445182
"LOC102633596",0.0773348705732429
"Pcdhga7",0.0773335242952284
"LOC105242618",0.0772866185965226
"2610020C07Rik",0.0772671714534863
"Nup210l",0.0772361297071373
"LOC105242836",0.0772224515253713
"Gdap10",0.0772024796557913
"Stpg1",0.0771478721210604
"LOC102643247",0.0770968598997579
"LOC105245353",0.0770931566748282
"LOC105244403",0.0770765488576814
"Tmco4",0.0770016984888168
"Snora28",0.0770008669754231
"LOC105243981",0.0769685857097253
"Insm2",0.0769581946060243
"2810408I11Rik",0.0769312929879653
"LOC105242754",0.0769171102659663
"Smt3h2-ps2",0.0768336440813623
"LOC105242735",0.0768029559830436
"Rbm46",0.0767660858691184
"Spag7",0.0767471204928736
"Aldob",0.0766485897210006
"4930426I24Rik",0.076604765185698
"Ccdc12",0.0765857626494202
"Gpx4-ps",0.0765374830488074
"Hnrnpdl",0.0764924508848665
"LOC105246335",0.0764429693363251
"Lrrc14b",0.0763984309353008
"2310036O22Rik",0.0763963995944005
"2310068J16Rik",0.0763885257962932
"Lrrn4",0.0763648126750857
"Tmem147",0.0762957600870712
"Plau",0.0762922007460299
"Tcf7",0.0762624236984206
"Cdc45",0.0762512776929823
"Wdr27",0.0762384172653806
"Gsta3",0.0761774042251307
"Dctn3",0.0760559438076039
"Tdrd12",0.0760266227979322
"Bend3",0.0760005022017888
"Pcdhb22",0.075975046405596
"LOC105244760",0.0759564212347638
"Tpi-rs2",0.0759105960949779
"LOC102642924",0.0758992594203819
"Zfp691",0.0758634860691396
"LOC105244342",0.0757834685115073
"LOC105243464",0.0757430541003368
"A430105J06Rik",0.0757310666094443
"Hcst",0.0756907710815684
"Rad9b",0.075656084887332
"LOC105244709",0.075641634969151
"Eif3s6-ps1",0.0756250312402514
"Fer1l5",0.0756194911754981
"LOC102639076",0.0756183042603526
"Rnf135",0.0756029611051908
"Fgf12",0.0755788911002488
"Rpl3-ps2",0.075571450943741
"Mcm10",0.0755684061111991
"AF357359",0.0754444520366983
"Rps27a-ps1",0.0754010768611033
"LOC105246307",0.075394130772209
"Rps13-ps4",0.0753919899596601
"Nbeal2",0.0753550283398243
"Pfkp",0.0753505262836847
"Jak3",0.0753477745013191
"Pcdhb11",0.075278164678092
"Tmem50a",0.0752744429891134
"Akap8l",0.0752419265136785
"R3hdm1",0.0751935550189032
"LOC105243361",0.075187361684314
"Hist2h3c2",0.07506471073579
"Rmrp",0.0750394703608712
"LOC102635133",0.0750355182802159
"Lrig3",0.0750128167724764
"Ccdc36",0.0750004538348128
"5730480H06Rik",0.0749806788880621
"Ppp3ca",0.0748663482461714
"Kifap3",0.0748474638565234
"Rab14",0.0748474638565234
"Rps27a",0.0748474638565234
"Rps3",0.0748474638565234
"Trmt112",0.0748474638565234
"LOC105246640",0.0748004690118198
"LOC105244314",0.0747980045842791
"LOC105246928",0.0747830033163938
"LOC105245593",0.0747683198179678
"Slc24a5",0.074747283317944
"Rbm5",0.0747441611381748
"LOC105244457",0.0747289855569214
"Adtrp",0.0747220003522807
"Arl1",0.0747143954375031
"Tfap4",0.0746700991981283
"Mnd1",0.0746502907088496
"Hhat",0.0746047848098801
"A930004D18Rik",0.0745685915379765
"Spag17",0.0745651896760492
"LOC101055909",0.0745368069605858
"AA543186",0.0745190043211905
"4930429F24Rik",0.074514308216461
"Ppp1r3e",0.0745043475480637
"Thap6",0.0744763865500707
"Cideb",0.0744659626547022
"Txnl1",0.074456119256457
"Phyhipl",0.0744191265318929
"Fbxw10",0.0744098406916996
"AI317395",0.0743636728391091
"LOC105244130",0.074335488489619
"Cfap70",0.0743208904381411
"Atp6v0c-ps1",0.0742877869389507
"Mtr",0.0742628463682727
"LOC105242959",0.0742033692650495
"4930577N17Rik",0.0741400754219929
"9330175M20Rik",0.0741332902992726
"Gpx2-ps1",0.0741176684354941
"Gde1",0.0740061048558796
"Sgip1",0.073980666607593
"LOC105244791",0.0739523475947282
"5830416I19Rik",0.0739336401218341
"Tnni3",0.0739144731042451
"LOC105246714",0.0737679060958101
"AV039307",0.0737261123975887
"Sapcd1",0.0737003097822203
"LOC102631983",0.0736811146857556
"LOC105245022",0.0736706296172262
"Dnah6",0.0736567289473531
"4933428G20Rik",0.0736427629903706
"LOC105244252",0.0736307224406152
"Nmt2",0.0736091928039646
"LOC105242937",0.0735349240914537
"Hcn4",0.073495504221834
"1700034P13Rik",0.0733118668819779
"LOC105246454",0.073295490167207
"Ldha-ps",0.0732556511146433
"Vti1b",0.0732402783460507
"Ppp3cb",0.0731582707396875
"Napsa",0.0731391098889686
"1110002J07Rik",0.0731385291889128
"C330013J21Rik",0.073096537403366
"Zfp853",0.0730666699470337
"LOC105243299",0.0730557567603125
"4921507P07Rik",0.0730049432558318
"Zfp619",0.0729942147995467
"LOC105245278",0.0729758924418294
"LOC105246304",0.0729743246833658
"Rps6-ps1",0.0729443610533025
"Cfap126",0.0728960348577311
"2310014L17Rik",0.072880278069641
"Cirbp",0.0728276815033046
"LOC105244251",0.0727119290838955
"Efcab9",0.0726633876536388
"Pcdha11",0.0726375554434296
"LOC105242880",0.0725995011906815
"Rps4x-ps",0.0725884626344557
"Pnn",0.0725077293517377
"Spata9",0.0724458814811688
"E130218I03Rik",0.0723478217413174
"Syne4",0.0723394519758856
"LOC102632538",0.0723216603082373
"LOC101055995",0.07228737971638
"LOC102639511",0.0722463838714393
"Kcnk6",0.0721850415873867
"LOC105245841",0.0721309353443685
"LOC102641068",0.0721306295606556
"2310034P14Rik",0.0720895248392945
"Ccl28",0.0720703842493403
"LOC105242965",0.0720585825788719
"Lrrd1",0.0720579116556877
"LOC105243152",0.072051916546877
"Pbld2",0.072018098088472
"LOC102634584",0.0719825042268384
"Rarg",0.0719591868303668
"LOC105246334",0.0719590370223661
"Vsig10l",0.0719318690874898
"LOC102641476",0.0718892018569624
"Gpr156",0.0718737996470681
"Tctex1d1",0.0718272979696336
"4931440F15Rik",0.0718090411004868
"Rassf7",0.0718034513678245
"B130006D01Rik",0.0717343130185043
"Denr",0.0716620232164853
"6430550D23Rik",0.0716465565901768
"Ttc22",0.0715920518121573
"Atraid",0.0715330799962622
"Myl12b",0.0714285714280279
"Rpl28",0.0714285714280279
"Scg5",0.0714285714280279
"Swi5",0.0714285714280279
"LOC105244497",0.0713582436204094
"Pcdhb18",0.0713539952045638
"Pkd2l2",0.0713506814469527
"4933417D19Rik",0.0713469943885034
"Hmga2",0.071342759782918
"Crygn",0.0713126846259536
"Ap1g2",0.0712380179559037
"Cntd1",0.0712273728613201
"Prdm9",0.071213465846373
"Prtg",0.0712042986670993
"B4galnt3",0.0711970913916271
"LOC102632678",0.0711500778075265
"Spop",0.0711437037720785
"LOC105245952",0.0711368518477054
"LOC100534353",0.0711308067056419
"5430402O13Rik",0.0710893161441212
"Snrpd2",0.0710153235169646
"Zfp773",0.0709402319122756
"Ttc14",0.070891653134108
"4930455C13Rik",0.0708864630098116
"Sox6os",0.0708666044666576
"LOC105245011",0.0708508989911912
"Rpsa-ps7",0.0707988933945344
"Zfp558",0.070784264103718
"Klhdc2",0.0707587856970267
"Pcdhga2",0.0707496488715809
"LOC102637577",0.070743085666735
"BC033916",0.070708945748985
"Pcdhb21",0.0706748751569354
"Lsm4",0.0706733969623634
"Oacyl",0.0705899052898
"4930588J15Rik",0.0705533083725636
"AA465934",0.0705163579278986
"Mat2a",0.0705122823070485
"Tnfrsf4",0.0704779219017232
"Snora31",0.0704601498589277
"Gins2",0.0704497443520299
"Cul1",0.0704431531806183
"E2f7",0.070437178944513
"1700007G11Rik",0.070346865805093
"C130046K22Rik",0.0703459137286392
"1700007L15Rik",0.0703340820623282
"Gins1",0.0702982281483394
"LOC105244003",0.0702877485021098
"Slc10a3-ubl4",0.070275878503536
"LOC105246022",0.0701813701734995
"Pnldc1",0.0701437822563103
"6430562O15Rik",0.0701411827189472
"BC031361",0.0701312651895359
"Gan",0.0701227516368375
"D030047H15Rik",0.0701063871792276
"Lrtm1",0.0701000805752693
"Tmod4",0.0700765591359627
"Mir3061",0.0700747515558687
"Noxred1",0.0700349893108961
"LOC105243337",0.0700200055201714
"Elavl3",0.0700172094082183
"9130019P16Rik",0.0700061488200464
"Gdf9",0.0699951701330346
"Trim65",0.0699549556308052
"LOC105242643",0.0698912042048679
"LOC100505025",0.0698733101424419
"Cxx1b",0.0698722102578971
"Ldha-ps2",0.0697893123408358
"Zfp862-ps",0.0697566899845246
"LOC105245291",0.0697199381877107
"LOC105245319",0.0697021060138651
"Rhd",0.0696823426073513
"Phpt1",0.0696771401633901
"LOC105247048",0.0696595415732497
"LOC105244069",0.0695992154228081
"LOC105242891",0.0695719832928439
"Akr1a1",0.0695634189445147
"Atp6v1c1",0.0695634189445147
"Akap9",0.069553914266177
"1700072I22Rik",0.0695460775774419
"LOC105245279",0.0695290386989195
"Vma21-ps",0.069528988352356
"1110006O24Rik",0.0694991026312421
"Bmyc",0.0694962337355277
"LOC102633671",0.069423359114495
"Lrrc39",0.0693704429148495
"LOC105242844",0.0693635972474567
"LOC105244589",0.0693630477860826
"LOC105243452",0.0693541958052779
"Actr10",0.0693227848099803
"Apobr",0.0693112047584386
"Ssu72",0.0693044098043447
"Tpi-rs5",0.0692943305207194
"P2rx5",0.0692634559255551
"LOC105247254",0.0692213554417082
"LOC102641081",0.0691633833763554
"LOC105246502",0.0691592229184885
"LOC105245915",0.0690390035774919
"Pla2g3",0.0690096707263014
"LOC105245801",0.0689430596210029
"LOC105242804",0.0688938876077105
"Camta1",0.0688891093877473
"LOC105244860",0.0688809091907095
"Nsg1",0.0688678714953488
"Kpna2-ps",0.0687947387226147
"Lat2",0.068779604003995
"Rasl2-9",0.068688418564425
"Znf660",0.0686389881248274
"Crb2",0.068629822546841
"4930581F22Rik",0.068568667260981
"Mirlet7f-1",0.0685680163766748
"Cfd",0.0685431511373708
"Ap1s1",0.0685223419221475
"Cacna2d4",0.0685006044447192
"Rps19-ps3",0.0684948239665869
"Snora73a",0.0684877793592038
"E130304I02Rik",0.0684551157718838
"Cenpj",0.0684396088037076
"LOC105244092",0.0683956848214548
"LOC101056074",0.0683890618311961
"Rpl8",0.0683617031651862
"Lrriq3",0.0683614998737254
"A930011O12Rik",0.0683476361532738
"LOC101056240",0.0683063896510011
"Snrpc",0.0682963249095156
"LOC102642842",0.0682885782322474
"LOC105246571",0.0682786635623607
"4930507D05Rik",0.0682681001153284
"Smt3h1-ps",0.0682549608370931
"Amigo3",0.0682515798537124
"Soga3",0.0682251204029591
"LOC100504039",0.0681745572376623
"1700003D09Rik",0.0681348279360873
"LOC105242952",0.0681101041309369
"LOC105242601",0.0681070654273019
"LOC105245231",0.0680926107550254
"Slc4a10",0.0680214552159355
"Lamtor4",0.0680143326736419
"4930502C15Rik",0.0679014922626115
"5031434O11Rik",0.0678914684592453
"Rgs22",0.0678609822052618
"Gdf15",0.0678558342404461
"Snrpb",0.0678006261653565
"LOC102634716",0.0677986562801179
"LOC102639182",0.0677571675161568
"Macc1",0.0677531276951127
"Rtf1",0.0676921080913493
"Arhgap27os1",0.0676532258512603
"Sfn",0.0676129184437957
"Atp7b",0.067599359772535
"Wisp3",0.0675804589154532
"Abi2",0.0675735859498577
"Cystm1",0.0675287696759095
"LOC105244118",0.0674639617075567
"A530065N20Rik",0.0674582212937145
"Psmb7-ps1",0.0674564495851256
"Ankrd1",0.0674238680118316
"LOC105247213",0.0674205702656453
"LOC102636016",0.0673951395751555
"D930020B18Rik",0.0673362428069913
"Cryzl1",0.0673010369208616
"Mmp23",0.0672766619967054
"LOC105243714",0.0672214955924268
"LOC105242680",0.0672166636592197
"Clcn4-2",0.0672088589896218
"4931431C16Rik",0.0671850642366988
"LOC105242599",0.0671634661048524
"LOC105245310",0.0671391938248334
"LOC100534385",0.0671297267329736
"Zfp526",0.0670970187115831
"Stard6",0.0670054168506169
"1700019G17Rik",0.0670008125999576
"Pcdha9",0.0669863797516178
"Ccdc105",0.0669332761651072
"Irf6",0.0669221498148449
"Dnah3",0.0668906174072594
"4930451G09Rik",0.0668745718840713
"4930412L05Rik",0.0668377189666007
"U2af1",0.0667971990534066
"Dnah2",0.0667918875643882
"4930538E20Rik",0.06677736868438
"Rpl35-ps1",0.0667452774149535
"LOC102238526",0.0667194402750293
"Kif27",0.0666859801003372
"Trim15",0.0666148589047875
"Rpl38-ps1",0.0666045167500522
"LOC105246960",0.0664652564003005
"LOC105244594",0.0664611760575248
"LOC105245257",0.0664483177432857
"Zscan20",0.0664142980606848
"Stamos",0.0664106144787328
"Rpl30",0.0663992291128504
"Asb5",0.066360155978958
"LOC102641247",0.0663243809104396
"Cav3",0.0663223484992982
"Hk1os",0.0663214007872528
"Asb18",0.066296417055358
"Txlnb",0.0662886085000273
"LOC105246120",0.0662731359334478
"Wnt2b",0.0662491705264207
"LOC102641396",0.0661521490525978
"2310016G11Rik",0.066127857968167
"Fam186b",0.0661154495415297
"LOC105244353",0.0660744710035334
"LOC105245005",0.0660509989234157
"LOC105246371",0.0659722527097131
"4930447F24Rik",0.0658862577927301
"Pcdhb13",0.0658588131904339
"9530052E02Rik",0.0658423361258238
"Rtbdn",0.0658377068225105
"Usp50",0.0658166994583189
"LOC105247053",0.0658021932804966
"LOC102640169",0.0657659329226445
"Plag1",0.0657493963451209
"Polr2g",0.0657014794843997
"Adar",0.0656488948737862
"Fgf23",0.0656318770442908
"A430010J10Rik",0.0655884557463509
"LOC105246931",0.0655516293587758
"Pcdha2",0.0655441609077917
"Hdgfrp3",0.0655365499804955
"Mroh8",0.0655327218892215
"Anp32b-ps1",0.0655168057864749
"4930525G20Rik",0.065463872248315
"LOC100502777",0.0653778655939703
"LOC105245877",0.0652768252454509
"Pcdha5",0.0652591251069763
"LOC105245677",0.0652188667267797
"U2surp",0.0651788679416217
"LOC102634483",0.0651784128984449
"Slco4a1",0.0651637673153405
"Vapa",0.0651493839653771
"LOC105244947",0.0651114473096359
"Ube2m",0.0650422878911875
"LOC105242798",0.0650134790692977
"Abra",0.0650000858208212
"4933407K13Rik",0.0649852113047565
"LOC105244612",0.0649497376480265
"2810008D09Rik",0.064931864517128
"Guca1b",0.0648804249749006
"Rpl17-ps10",0.0648608815665709
"LOC105244297",0.0648555478950079
"Spata17",0.0648267013108098
"Cecr2",0.0647974132925487
"LOC102634873",0.0647311168322344
"LOC105245236",0.0647231093569449
"Nodal",0.0646695618307334
"2410021H03Rik",0.0645776949995871
"Spata21",0.0645568355378674
"LOC105245913",0.0645508593630869
"Hsd17b1",0.0645295715282889
"LOC102641523",0.0644823935726865
"Strbp",0.0644699306089736
"LOC102641236",0.0644556977092215
"Nfx1",0.0644178178140446
"1700016L04Rik",0.0644141775233196
"Stap1",0.0643482786051648
"Erich5",0.0643049308668867
"4930488L21Rik",0.0642783680104935
"LOC105243748",0.0642769359326042
"Slc23a1",0.0642667641352265
"Ppp1r3fos",0.0642320076228286
"LOC105245347",0.0642111264022732
"Tm6sf2",0.0642066561064042
"Hes3",0.06419387705602
"LOC102636815",0.0641551158522204
"Lamtor5",0.064147517874938
"LOC102635122",0.0640861359272841
"LOC105245866",0.0640709298381269
"Pkig",0.0640546092043044
"Pdcd4",0.0640287460347434
"Snord89",0.064000023836129
"0610038B21Rik",0.0639830736712337
"Vmn2r-ps24",0.0639733657007809
"Pcdhga3",0.0639107151863042
"Aplp2",0.0638645178908591
"Psmb6",0.0638645178908591
"Tspan3",0.0638645178908591
"Ube2b",0.0638645178908591
"Klc1",0.0638333896778276
"4930407I02Rik",0.0638216751799164
"1700030F04Rik",0.063815637353603
"4930412C18Rik",0.0638053868467559
"LOC105243400",0.0637843066040361
"4930473A02Rik",0.0637785052463867
"Lipe",0.0637671738764922
"Hmgb1-ps1",0.0637448835810524
"LOC105242660",0.0636995266651251
"Hnrnph1",0.0636706985464088
"LOC105245548",0.0636479898686265
"Chrna1",0.0636318812939759
"LOC105244890",0.063625061303429
"Fam229a",0.0634896057602249
"LOC105245649",0.0634676593215242
"Rpsa-ps9",0.0634052654702608
"Nek8",0.0633823377632037
"Nlrc3",0.063376023801207
"LOC105245297",0.0633745705169215
"LOC105246164",0.0632830847630524
"Mb",0.0632743595584029
"AA474331",0.0632577288453182
"LOC105242644",0.0632388804572669
"Abca17",0.0631952337749658
"Acot12",0.0631799040042583
"LOC105245242",0.0631790616006672
"LOC105242731",0.0631765511426678
"LOC105243068",0.0631167995529714
"Fam228a",0.0630765852958748
"Ergic3",0.063073960430711
"LOC105246925",0.0630566079675622
"LOC105244989",0.063053815768217
"Ankmy1",0.0629692720371545
"A730085K08Rik",0.062945119020657
"Tead2",0.0629339668632963
"LOC105242842",0.0629266626896256
"4732419C18Rik",0.0629248383718225
"Zfp595",0.0629246818509867
"4932441J04Rik",0.0629052812918253
"Zfp951",0.0628676440387313
"Tnfrsf13c",0.0628594229143471
"LOC102641372",0.0628540446794678
"Ssc5d",0.0628524187498424
"LOC105246446",0.062780662703702
"LOC102636563",0.0627706248420554
"9530082P21Rik",0.0627509257396637
"Zfp568",0.0627268327135862
"Plekhg4",0.0627014988997074
"LOC105242843",0.0626852606907874
"LOC105242397",0.0626810706047928
"H2afy",0.0626713304324808
"Nupr1l",0.0626307333307565
"LOC105244678",0.0626256719234466
"Dnajb6",0.0626234670198119
"LOC105245626",0.0625779350805541
"Glis1",0.0625067507619907
"Ran",0.0624957868807475
"Tk1",0.0624499509251863
"4930550C14Rik",0.0624463388833093
"LOC102634533",0.0624202610320448
"LOC102632821",0.0623836662798628
"Ttll13",0.0623263650930467
"Fam117a",0.0622860776299648
"LOC102640027",0.0622832296074789
"Rpl18",0.06224230026122
"Vps29",0.0622418020613311
"Acoxl",0.0621928090673093
"Llph-ps1",0.0621609106471986
"Zfp521",0.062119140338697
"1700020L24Rik",0.0621099187817222
"Ush2a",0.0621001443633655
"LOC105242759",0.062072646913951
"LOC102635198",0.0620725591853744
"LOC102638195",0.0620308372157917
"Capn9",0.0619969413373306
"Scand1",0.0619810377847657
"Sema3b",0.0619692184444889
"4921513H07Rik",0.0619581003166008
"Anapc13",0.0619456185088658
"Hnrnpm",0.0619401869590726
"LOC105246764",0.0618991231998281
"LOC105247093",0.0618957911942549
"Pcdhb4",0.0618477297330717
"LOC105244978",0.0618040139510486
"Gtf2i",0.0617890817520295
"Snord42b",0.061775995629127
"Gsto2",0.0617546281516132
"Rpl23a-ps2",0.0616393850003615
"Gnb2",0.061627341648206
"Kcnrg",0.0615906083794692
"Fus",0.0615903978324017
"LOC101055721",0.0615860064221276
"Xlr3a",0.0615601952313304
"Birc3",0.0615507466098402
"4931408D14Rik",0.0615356270052591
"Pcdhb6",0.0614651522798426
"C2cd4a",0.0614208027006103
"2810404M03Rik",0.0613947544091079
"Tirap",0.0613882458864857
"Mansc4",0.0613661076902643
"LOC105246004",0.0611640505686176
"6430590A10Rik",0.0611400102560087
"Pnpla1",0.0611398740654913
"LOC105242528",0.061106338823302
"LOC105242561",0.0611039458620016
"Tubb5",0.0610548735610187
"LOC105243862",0.061033573348052
"LOC102635389",0.0610097487728716
"H2-M5",0.0609720309645159
"Vmn2r-ps20",0.0609519659772102
"BC021891",0.060929802843545
"LOC102636048",0.0609256111706082
"Rpl19-ps7",0.0608650626724948
"Lrrc46",0.0608250132066878
"Pkd1l3",0.0608167078563496
"Acad12",0.0606784106479048
"LOC105244773",0.060665404779407
"LOC105245115",0.0606393544615477
"Npff",0.0606296656374319
"Agrp",0.0605859916498686
"Jmjd8",0.0605221685098894
"Rnf17",0.0605171936335709
"Mir744",0.0604646214019193
"Rpp21",0.0604225089027244
"Grb2",0.0604108312316264
"LOC105246840",0.060346780522182
"Pou5f2",0.0602817771558698
"Pdlim7",0.0602706011203284
"Tmem191c",0.060245614129759
"Spata4",0.0602283422232479
"4930522P08Rik",0.0601282352906966
"LOC105244171",0.0601251229791496
"4930519F16Rik",0.0601251098825188
"LOC105245917",0.0601221802300295
"Papl",0.0600822228964352
"9030624G23Rik",0.060075796846265
"Prss53",0.0600724769061065
"Pnmal2",0.060039931736574
"LOC105244091",0.0600225557244558
"Ubl3",0.0600123652472826
"LOC105243548",0.0599663442771036
"Fam171b",0.0599626885982277
"Ybx2",0.0599357898310896
"Polr2j",0.0599200431182522
"D9Wsu149",0.0599145654755989
"Ube2i",0.0598894904324452
"4932443L11Rik",0.0598718213513756
"Pfdn1",0.0598621247583307
"Fcer2a",0.0597984855127931
"Psmb5-ps",0.0597604437876987
"Ccdc60",0.0597521058711989
"Cnfn",0.0597411979237605
"Psma5",0.0597408163932225
"1700029I15Rik",0.0597246135071736
"9430037G07Rik",0.0596678106025285
"Kif24",0.0596622650270417
"LOC105244267",0.0596590601909323
"LOC105246805",0.0596318069592467
"LOC105243440",0.0596205485300669
"LOC105247220",0.0595935730055778
"Shpk",0.0595670719721214
"9530057J20Rik",0.0595567909379201
"Gadl1",0.0595460078726363
"Styxl1",0.0595432163088431
"LOC105247198",0.0595260066293137
"A930012O16Rik",0.0595219417757331
"Zfp706",0.0595103108506443
"LOC105245334",0.0595099038994132
"Prmt1",0.0595092406123158
"Hsf5",0.0594860605864078
"LOC105243929",0.0594766210689496
"LOC105246877",0.0594753003453221
"Mex3a",0.0594711269833796
"LOC105245335",0.0594688907169046
"Ptx3",0.0594635387668415
"Chil5",0.0593758323011961
"LOC105247257",0.0593681542048787
"Cbfa2t2-ps1",0.0593271552889912
"Prrc2c",0.0592815681018927
"LOC105245903",0.0592718993953913
"Bcl6b",0.0592620715150919
"LOC102637283",0.0592440546639176
"4930517O19Rik",0.0592192123376838
"Atp6v0d1",0.059153658907432
"LOC105246479",0.0591262947243612
"Fam133b",0.0591195826604507
"1810020O05Rik",0.0590614326708991
"LOC105247268",0.0590514594300919
"Zkscan7",0.0590118218678816
"LOC105244823",0.0589661743459294
"Tas1r1",0.0589081970801396
"LOC105244089",0.0589018906158546
"Marveld3",0.0588863801343405
"Gpr97",0.0588827991296096
"4933431G14Rik",0.0588617305903462
"Zap70",0.0588584816978276
"Wdr46-ps",0.0588579199019998
"LOC105245966",0.0588555324507576
"LOC105245585",0.0588442784537529
"1810041H14Rik",0.0588430178232712
"LOC102633277",0.0588305456657842
"LOC105246490",0.0588089225988391
"Dram1",0.058796869227399
"LOC105242865",0.0587663303112737
"LOC105242900",0.0586899704862614
"LOC105247042",0.0586501477028648
"Micall2",0.0586413793738935
"Fut2",0.0585376319042542
"Pcdhgb6",0.058530770961407
"Ppp2ca",0.0585276463894393
"LOC105242616",0.0585210768164076
"LOC105246115",0.0585034676853389
"LOC105244340",0.0584748618512459
"Eif5",0.0584718169340387
"4930511A08Rik",0.0584686227682423
"LOC105244996",0.0584639948016254
"K230010J24Rik",0.0584392946978857
"LOC105242742",0.0583972847388001
"C130023O10Rik",0.0583855487172904
"LOC105242994",0.058375345833362
"Ccdc172",0.0583669948441016
"Tekt2",0.0583575670218823
"LOC105246946",0.0583508640287333
"LOC105243512",0.0583233134722029
"LOC105244940",0.05828427010789
"Pcdhga10",0.0582284236296062
"LOC105246079",0.0582096924448916
"LOC105244105",0.0581700584362071
"Xlr3b",0.0581587953164497
"Shcbp1l",0.058140191164598
"Bcl2l15",0.0581348531037691
"Mif-ps9",0.0581304449683784
"LOC105244338",0.0580611077707993
"Calm3",0.0580416401931914
"Hprt",0.0580416401931914
"Snx3",0.0580416401931914
"LOC105242829",0.0579961589358838
"LOC105246394",0.0579794739490769
"Hspa9-ps1",0.057976620343176
"LOC105244652",0.0579460617529071
"6430531B16Rik",0.0579315936385887
"1700084E18Rik",0.0577254417946923
"Cyp4v3",0.0576290458522666
"Zbtb12",0.0576250185383323
"LOC105244242",0.0576083056150699
"C130060C02Rik",0.0575986235309545
"LOC105244432",0.0575750278820952
"Sgms2",0.0575609727655737
"4931430N09Rik",0.0575463959504231
"LOC105243477",0.0575428887012812
"LOC102640468",0.0575057421613
"LOC105243562",0.0574111303634324
"LOC102632382",0.0573955624186022
"Pcdhga8",0.0572818332776376
"LOC105244244",0.0572520166377102
"Btf3",0.0572479369519142
"Nmt1",0.0572445253268543
"Gng2-ps1",0.057238202813052
"LOC105245693",0.0571803591694973
"Marveld2",0.0571739173346764
"4933406C10Rik",0.0571604416462517
"LOC105244087",0.0571179952939186
"Fndc8",0.0569722356855892
"Acot6",0.0569650063607724
"Plekhn1",0.0569256789920388
"Nrl",0.0569154156720061
"Kmt2d",0.0569147756059555
"Ak7",0.0568853280035047
"Rbpsuh-rs3",0.0568701569998632
"LOC102640526",0.0568481726190859
"LOC105244245",0.0568387485050285
"Cyp2c52-ps",0.0568034672472304
"LOC102633469",0.0567905350065445
"Myb",0.056780726962011
"LOC105243545",0.0567328301211685
"LOC105245716",0.0566869899528154
"Snora21",0.0566763947121169
"LOC105244591",0.0566580369971232
"Clca3a1",0.0566302971258691
"Zbtb32",0.0565154262157353
"Sumo3",0.0564942940866413
"4930590J08Rik",0.0564827189836945
"Pcdhb15",0.0564807870530182
"LOC102640172",0.0564764058919884
"LOC105243331",0.056465225144189
"B3gnt4",0.0564521778427162
"LOC102640140",0.0563885284114048
"Pcdhga5",0.0563698416024114
"Vmn2r86",0.0563224390029016
"Pgpep1l",0.0563200649363163
"LOC105244993",0.0563011182309251
"4933424G06Rik",0.0562984551941243
"Parp10",0.0562840620233243
"Nuak2",0.0562338635418135
"Pcdha10",0.0562279038337077
"Mir3072",0.0561503458488815
"Snora74a",0.0561280330806696
"Tia1",0.056126785563625
"Mir125b-2",0.0561206098304423
"LOC105245463",0.0560957457359204
"LOC105247023",0.0560755691197781
"Peak1os",0.0560378678000502
"Rad21l",0.0560233825633396
"LOC105247258",0.05601269405106
"LOC105242821",0.0560097975802128
"LOC105242557",0.0559949103322426
"Map4k1",0.0559078090836935
"LOC105244309",0.0558949798990275
"A730013G03Rik",0.0558717703684881
"Synpo2l",0.0558144064725872
"E230029C05Rik",0.0558063928754073
"Pole2",0.0558052043086754
"Trpv3",0.0557960443657843
"Crebbp",0.0557957375513632
"LOC102639888",0.0557725667931118
"Ppp3r1",0.0557108924327897
"Zfp964",0.0556877657374186
"LOC105245856",0.0556614865723957
"A530072M11Rik",0.0556384620052467
"LOC105246239",0.0556378543418884
"LOC105242681",0.0555911235281035
"Snora7a",0.0555910363393833
"LOC105246067",0.055584848679045
"Ccr10",0.0555796659169734
"LOC105247062",0.0555537639182152
"LOC105244489",0.0555106742735793
"LOC105243212",0.0554997933669843
"LOC105244926",0.0554959166705441
"Srsf1",0.0554759344443222
"LOC105245038",0.0554492760188313
"Naalad2",0.0554478143987962
"Mgst2",0.0554328480861084
"Ppp2cb",0.0554208324271578
"Tdrd6",0.0554197558849946
"Oaz1-ps",0.0554008152567854
"LOC102639688",0.0553686255711472
"Mir1982",0.0553680258752834
"Bloc1s6os",0.055337289931864
"LOC105243082",0.0553090980957816
"4921534H16Rik",0.0552735374026745
"Fhl4",0.0552352358991484
"Mir181b-1",0.0552075671877099
"4930442E04Rik",0.0551724766851002
"Rsph14",0.0551574335685138
"LOC102637491",0.0551396899541909
"2410007B07Rik",0.0551395202107816
"Anxa13",0.0550958075786857
"Mir207",0.0550897323881197
"Myo18b",0.0550856355843563
"Insl5",0.0550605038169803
"Smt3h2-ps",0.0550141918253211
"Fam198a",0.0550053877448542
"Snord55",0.0549803082929182
"9230116N13Rik",0.0549793610057088
"LOC105245126",0.0549754656484548
"9530036M11Rik",0.0549753799225012
"LOC105243124",0.0549560406923065
"Gp1ba",0.054949617565585
"LOC105243429",0.0549310221542042
"Mb21d1",0.054902136265928
"Atp2b2",0.0548069451029451
"Pcdhb2",0.0547948816147672
"Clic3",0.0547901856208349
"9530051G07Rik",0.0547892091089237
"Mageb16-ps1",0.0547240351939519
"LOC105243965",0.0547220780908123
"LOC105242794",0.0547118432402987
"A930007I19Rik",0.0546717192257891
"Pcdha8",0.0546716799823345
"Snora68",0.0546711250571911
"Tcp11",0.0546637774718857
"Aspdh",0.0546589429909141
"Zfp947",0.0546421734869424
"Rnf223",0.0545968316042552
"LOC102642783",0.05458654035882
"Zmynd12",0.0545684740745094
"Tepp",0.0545661184346158
"9330162B11Rik",0.0545448703878953
"A130051J06Rik",0.0545388754370136
"LOC105246642",0.0545262628223234
"Cfap99",0.0544939033050423
"Actg1",0.0544833545605889
"A230072E10Rik",0.0544756244095422
"Arhgap40",0.0544654986100394
"LOC105246895",0.0544568633054398
"LOC105245311",0.0544239898701266
"LOC105244064",0.0544146369754378
"2700089E24Rik",0.0543760572415459
"LOC105245534",0.0543684175029219
"LOC102638940",0.0543529446555195
"LOC102638150",0.0543226239131195
"LOC105246519",0.0543222434873002
"LOC102638089",0.0542994438926768
"4930500A05Rik",0.0542608888555053
"LOC105247095",0.0541843966788378
"A430093F15Rik",0.054176470417808
"LOC105246415",0.0541497819750898
"LOC105245377",0.0540913450553014
"0610043K17Rik",0.0540875519478801
"Zbtb39",0.0540731566768102
"LOC102636028",0.0540514200658546
"Tlcd2",0.0540100553777745
"LOC102634486",0.0539648777170827
"Polb",0.0539415449008319
"1700087I21Rik",0.0539314156035546
"LOC105242925",0.0539200744702073
"Crb1",0.0539092741941392
"Asb14",0.053907579418047
"LOC105242413",0.0539031337680392
"LOC105243478",0.0538963280453869
"LOC105244662",0.0538836253642709
"AF357355",0.0538782283191582
"Tpi-rs9",0.053873423883953
"Sf3b1",0.0538697590105519
"Gsg1",0.0538665361632696
"LOC105245681",0.0538590301236115
"LOC105244605",0.0538439316746492
"LOC105245491",0.0538079761633405
"Dgkeos",0.0538076828951339
"4833411C07Rik",0.0537805128021153
"Rnu12",0.0537688405497939
"Exoc3l4",0.0537399545934097
"Nol7",0.0536904664329675
"Mpc1-ps",0.0536230406522694
"LOC102638962",0.0536031124186298
"LOC105244444",0.0536019458549413
"LOC102637336",0.0535994324939722
"Ankrd2",0.0535957264235289
"Dnaja1",0.0535714285708851
"Edf1",0.0535714285708851
"Mif",0.0535714285708851
"Nme1",0.0535714285708851
"Rpl24",0.0535714285708851
"Selk",0.0535714285708851
"Amd-ps7",0.0535585228440106
"AV051173",0.0535411860924218
"5430431A17Rik",0.0535387821028151
"Ttc21a",0.0535016891362196
"LOC105244494",0.0534772518456351
"LOC102633086",0.0534672763799073
"Rab11b",0.0534438839396345
"Gja6",0.053426872223075
"Chek1",0.0534240910545078
"Anapc11",0.0534229883017305
"Rpl14",0.0534229883017305
"Zranb2",0.0534229883017305
"Slc9a3",0.0534221006087401
"Kcng3",0.0534055109963778
"Rplp0",0.0533971330834575
"1700061G19Rik",0.0533890151177647
"A430105I19Rik",0.0533668548916737
"4930558K02Rik",0.0533224654940608
"Kmt2e",0.0533079066065864
"LOC105247168",0.0532897821991126
"Hyal3",0.0532823077266487
"LOC105246390",0.0532557570797516
"LOC105244446",0.0531961884090723
"0610039H22Rik",0.0531641669474585
"Dnase1",0.0531496900643366
"Ascl3",0.0531468536979191
"Slc22a13b-ps",0.0531295012615975
"LOC102643046",0.0531156196419989
"Mir3101",0.0531051011025193
"Mamdc4",0.0531017416582301
"Phf11c",0.0530671604587762
"Elmo3",0.0530639339494453
"Lrrn4cl",0.0530322742941278
"Itgae",0.0530020306318863
"4833438C02Rik",0.0529848507741692
"Pcsk9",0.0529827493564652
"Ppifos",0.0529439446616706
"Mir128-1",0.052940499115162
"LOC102638268",0.0529043765485319
"Nap1l1",0.0529041066917187
"Slc2a12",0.0528917029391172
"LOC102635705",0.0528781424853368
"Zfp607",0.0528703599505462
"LOC105244005",0.0528658244279498
"Rbm3os",0.0527897412672096
"LOC102642641",0.0527881005903825
"LOC105244600",0.0526430948078856
"Snord65",0.0526428150210603
"Tg",0.0526071387183046
"Egf",0.0525114391495399
"Hpn",0.0524856848959356
"Dctn6",0.0524167296512058
"Spag8",0.0523916316085749
"Ssc4d",0.0523368331765464
"Spns3",0.0523347076121129
"Pin1rt1",0.0522776672900465
"Perm1",0.0522193851602787
"LOC105244418",0.0521939290221845
"Mir1906-2",0.0521821006039958
"LOC102631653",0.0521574657833765
"Cd47",0.0521495992686969
"Fgl1",0.0521482941205247
"LOC105245256",0.0521443427611386
"Pde6g",0.0521350506620584
"Mir5136",0.052115586053953
"Mir344c",0.0520889844089452
"LOC105243237",0.0520783490467647
"Zfp185",0.0520490254409882
"Mir22",0.0520330184148029
"LOC105246372",0.0520273483087431
"Ttc36",0.0520266682105493
"Dnajc5b",0.0520141276107138
"Eno2",0.0519825321966789
"Syna",0.051965470031939
"Rbm6-ps1",0.0519562870873889
"Zfp953",0.0519231107682368
"LOC105245882",0.0519089508760834
"C330011M18Rik",0.0519007266351436
"Tmem81",0.0519004830512261
"1700034H15Rik",0.0518817861666947
"LOC102637720",0.0518674585826095
"LOC105246560",0.0517984547294787
"Hmgn1",0.0517711076656757
"LOC102634233",0.0517677293557161
"Psma2",0.0517488354757972
"LOC105242562",0.0517315070464314
"LOC105246878",0.0516925064964737
"Klhl31",0.051682339855875
"St8sia3os",0.051681386918485
"LOC100534383",0.0516786201610972
"LOC105243352",0.0516667076221833
"LOC105242732",0.0516611710171461
"LOC105244183",0.0516552664693886
"AA387200",0.0516515859077437
"Abcc12",0.0516413832841946
"1700016J18Rik",0.0516224746712146
"LOC105245842",0.0515780546379627
"LOC105245059",0.0515779957522711
"Dync1i1",0.0515692494942847
"Trat1",0.0515096069381754
"LOC105246105",0.0515053782541885
"LOC102638785",0.0514764807235941
"Fam71f2",0.0514175062683416
"Casc1",0.0513915143636704
"LOC105242596",0.0513774242344856
"Ccdc89",0.0513627791871095
"Tubb2a-ps2",0.0513377767061883
"4933408B17Rik",0.0513083712042752
"Gsk3b",0.0512997818786294
"LOC105244875",0.0512983103480772
"LOC105245835",0.0512534695894988
"LOC102641103",0.0512143824878629
"Pcdhga4",0.0511960330228261
"Cycs-ps3",0.051188250810049
"LOC105246412",0.0511608080461561
"LOC100503496",0.0511299120337546
"Ccdc63",0.0511104031794918
"Ppef2",0.0511067514298919
"Hhipl2",0.0510991873376601
"Mss51",0.0510947762708093
"Cbx3",0.0510556393726521
"LOC105244106",0.0510467925430235
"Mir6899",0.0509978892653252
"LOC105245017",0.0509446132467685
"Mir153",0.0508871162470654
"LOC105245873",0.0508796367048669
"LOC105247289",0.0508775615303257
"LOC105242855",0.0508240531604227
"LOC105243318",0.0507989983528512
"Mfi2",0.0507971503230408
"Lppr4",0.0507881156922486
"Zmynd11",0.0507828223011254
"Epha1",0.0507678984579308
"Exoc3l2",0.0507530072153306
"4931423N10Rik",0.0507389057741334
"A930006K02Rik",0.0507194408679891
"LOC105242436",0.0507140832834175
"Pgk1-ps1",0.0506596902613246
"Chtf18",0.050587103363414
"4930599N23Rik",0.050517620100869
"D330050I16Rik",0.050498188921486
"LOC105242926",0.0504842354402412
"LOC105246862",0.0504247973478503
"LOC105245575",0.0504051571742022
"Arpc2",0.0503996245368413
"LOC105246763",0.0503728617802434
"1700054M17Rik",0.0503489552875051
"Slc10a1",0.050341734942454
"Palb2",0.0503275609964524
"LOC105243735",0.0503203779001996
"LOC105243886",0.0502926961703322
"LOC105247204",0.0502824365865713
"Murc",0.0502791887511666
"LOC105246017",0.0502585230490011
"Strc",0.0501978769980705
"LOC105244094",0.050173886794193
"LOC105246753",0.0501482752609645
"4930528A17Rik",0.0501176795385779
"Tpt1-ps4",0.0500979785417982
"DQ267100",0.0500959230743597
"Mir7047",0.0500861309523739
"AA986860",0.0500464792336174
"Nlrp5-ps",0.0500377780633526
"Opn4",0.0500261815498527
"Zscan2",0.0499828795178686
"Fhad1os2",0.0499740680497898
"Rslcan18",0.0499697876240696
"LOC105243451",0.0499633059866062
"1700102P08Rik",0.0499423528249852
"Nedd4",0.0499341729671118
"Col9a1",0.0498873661819323
"6030408B16Rik",0.0498747583939711
"BC016579",0.0498712462442631
"LOC102634956",0.04986728938561
"LOC105243503",0.04985250953181
"Cdk3-ps",0.0498455178572861
"Hist1h1d",0.0496665075777461
"Arl4aos",0.049644405804317
"LOC105246475",0.0496375887613164
"LOC105244491",0.0495857838481508
"Mir3099",0.0495786372850922
"LOC105244452",0.0495383644171158
"Snord14a",0.0495064409349994
"Pcdha1",0.0494903074640286
"Epn3",0.0493440505778192
"Ttc23",0.0493270470517966
"Ap5b1",0.0493094469012966
"Fhod1",0.0493037616506597
"LOC105246156",0.0492580762233909
"LOC102631547",0.0492282804637195
"1700055D18Rik",0.0492064159297169
"Speer4b",0.0491645910266884
"LOC105246005",0.0491608108533963
"Anp32a",0.0491491747479331
"LOC105245780",0.0491393276274365
"Rpl31-ps12",0.0491271856793252
"5530401A14Rik",0.0491189361525881
"Scarna13",0.0491066451337573
"Phospho1",0.0490872199737978
"Olfr856-ps1",0.0490693850817143
"2700012I20Rik",0.0490659833734431
"LOC105246658",0.0490634788817157
"4831440D22Rik",0.0490634525573873
"Rpl30-ps10",0.0490409413552109
"Ap2s1",0.0490385665628292
"Adam4",0.0490243521056115
"Snap91",0.0490186004048705
"Actr2",0.0490031748602556
"E330011O21Rik",0.0489753631436237
"Rimbp3",0.04896856881786
"LOC102632096",0.0489168653633364
"LOC105245912",0.0489060113687202
"LOC105242633",0.048869099589196
"LOC105243402",0.0488205075955122
"D830026I12Rik",0.0487470802369057
"LOC105243916",0.0487406545576715
"LOC105242826",0.0487385155832116
"Trim43a",0.0486882489278243
"LOC105246294",0.0486854388241309
"LOC105242894",0.0486718619734581
"A330032B11Rik",0.0485910880308559
"LOC105246457",0.0485807052684139
"Rep15",0.0485800671549574
"Hepacam2",0.0485793477751789
"Rpl36-ps3",0.0485682562817546
"Kcnh8",0.0485592922977443
"Hmgb1-ps6",0.0485562650170994
"Actn3",0.0485178773447254
"1700003G18Rik",0.0484781908455704
"LOC105242560",0.0484698769207548
"1810012K16Rik",0.0484534206531188
"LOC105243316",0.0484411628626049
"Scarf1",0.0484357630146789
"A730011C13Rik",0.0484194211745491
"Wbscr25",0.0484185374036776
"Prdm11",0.0483766082553599
"LOC105244088",0.0483731348020049
"Npr1",0.0483662530430325
"Cyp2r1",0.0482970418822579
"LOC102636313",0.0482853174053575
"LOC105246665",0.0482415862492883
"Ccdc81",0.0482166119257239
"1700015F17Rik",0.048211340053111
"Fgf2os",0.0481762849617379
"LOC105246302",0.0481192924730242
"LOC105244044",0.0480827327227639
"Arl3",0.0480827269505423
"Asprv1",0.0480758008660105
"LOC102637469",0.048032310684329
"LOC105246962",0.04798467138783
"Kbtbd6",0.0479303746890485
"Il17rb",0.0479236493399395
"Mir100",0.0479061097322125
"Tgfbr3l",0.0479012761117517
"4930513N10Rik",0.0478732041216407
"Vmn2r118",0.0478521912592852
"LOC105246555",0.0477834512652571
"Spata32",0.0477510487517782
"Rpl19-ps4",0.0476957698230714
"4930545L23Rik",0.0476507695157031
"LOC105243023",0.0476305563459865
"LOC102642244",0.0475753405624936
"Arid3c",0.0475689964262565
"Dnase2b",0.0475475782552916
"LOC105244562",0.0475016138746615
"Dnaaf1",0.0474855748582544
"Palm3",0.0474731768043475
"LOC105245884",0.0474696458633306
"BC049762",0.0474560364619218
"Cct3-ps1",0.0473974447164644
"Upk1a",0.04737020425546
"LOC105244008",0.0473600663888774
"LOC105244014",0.047344851468728
"LOC105246918",0.0473359165467952
"Pcdhga1",0.0472657279353687
"LOC105245252",0.0472548098595505
"C4a",0.0472383706067055
"Atp8b5",0.0472083906877254
"Map3k19",0.0471706442979452
"LOC105245511",0.0471527569651519
"LOC102639172",0.0471497201463103
"DQ267101",0.0471234838630931
"LOC105243122",0.047090930741453
"LOC102640838",0.0470545348925839
"Prss48",0.0470476162929334
"LOC105242445",0.0470433272611097
"2810454H06Rik",0.0470348327471836
"Tmem28",0.0470243883590897
"LOC105244401",0.047014509071798
"LOC105247192",0.0470057439866249
"Prrg4",0.0469967827339564
"1700039M10Rik",0.046980963376246
"LOC105242976",0.0469721868092791
"Catsperg1",0.0469678841282271
"LOC105246835",0.0469473746099021
"Sh3bgrl3",0.0469290259396264
"AW011738",0.0468530779278174
"LOC105247164",0.0468334621550599
"4930444A19Rik",0.0468305412000379
"Mettl21b",0.0468157298060817
"Fam109b",0.0467888101387631
"Hsf2bp",0.046783991890454
"Rps11-ps3",0.0467825681915986
"LOC105243668",0.0467474384001613
"Amh",0.0467406554920537
"1700102H20Rik",0.0467344046103968
"Pp2d1",0.0466972512661162
"Atp6v1f",0.0466939775906359
"Dad1",0.0466939775906359
"Eif4a2",0.0466939775906359
"Gabarap",0.0466939775906359
"Rpl19",0.0466939775906359
"Rps7",0.0466939775906359
"Slc22a17",0.0466939775906359
"Dnd1",0.046572975136669
"Marcksl1-ps5",0.0465665557715612
"LOC105245809",0.0465571973095694
"LOC105245508",0.0465550565121275
"Hist1h4n",0.0465474839942069
"LOC105243139",0.0465171218374848
"LOC105246003",0.0465097150413943
"Zfp456",0.0464845817926708
"LOC105243776",0.04646344974476
"LOC105244166",0.0464094069088325
"1700018L02Rik",0.0464043628281032
"Clhc1",0.0463947256948358
"Rpl17-ps4",0.0463833663489559
"G370120E05Rik",0.0463730065642777
"LOC105246419",0.0463230354485682
"B3gnt6",0.0462958212399589
"2210416O15Rik",0.046232395510466
"Ensa",0.0462321759379907
"LOC105242725",0.0461990435400721
"Pidd1",0.0461805598730956
"Klhl38",0.0461789060006627
"LOC105244490",0.0460820524503041
"1700007B14Rik",0.0460805541571786
"0610039K10Rik",0.0460700538896145
"LOC105244889",0.0460187529433452
"LOC105246861",0.0459940151828005
"1700123O21Rik",0.0459875365567879
"LOC105245435",0.0459812634337585
"LOC105243518",0.0459715932999104
"Apc-ps1",0.0459606901946047
"Igl",0.0459512969695331
"Rpl27-ps1",0.0459343017851531
"Klhl41",0.0459303638213374
"Pcdha3",0.0459215878543133
"Med28",0.045900124897592
"Mir320",0.0458945002913035
"LOC105243565",0.0458853128363543
"LOC105246308",0.0458761895443977
"LOC102636158",0.0458399775408141
"LOC105243563",0.0458352049930263
"Hspe1-ps2",0.0458334816395686
"LOC105243151",0.0458165958575217
"Mir7-1",0.0457721219050734
"1700034I23Rik",0.045748276802
"Anks1b",0.0457397624784737
"Tectb",0.0457228833954649
"LOC105245183",0.0457180305596301
"LOC105246122",0.0457010624613534
"LOC105246839",0.0456907635592394
"Ankef1",0.0456881640684587
"Cd226",0.0456678862648784
"Vmn2r-ps17",0.0456646112881861
"LOC102634861",0.0456629351454367
"Nudc",0.0456459644516961
"LOC105246267",0.0456400507091178
"Dcst2",0.0456178443017597
"LOC105242928",0.0455856181496156
"Slc18a1",0.0455598585689803
"Vwa3b",0.0455595751205916
"LOC105246129",0.0455541389322414
"Ackr4",0.0455400852825761
"BC037704",0.0455221680763269
"LOC105242447",0.0455083033978392
"LOC105242870",0.0454621987882573
"LOC105244927",0.0454411684193866
"LOC105243526",0.0454282126645551
"D930015M05Rik",0.0454203654810845
"Snrpg",0.0454172228800974
"C1rl",0.0454026928694443
"Pcdhga9",0.0453521661011076
"LOC105244599",0.0453449317072635
"LOC105246282",0.0453105924702998
"LOC105244601",0.0452718107818492
"1700109H08Rik",0.0452592484092023
"LOC105244696",0.0452335104844891
"Kirrel2",0.0451939111802666
"Dmc1",0.0451734519221676
"Psmb2",0.0451615811371174
"LOC105245982",0.0451459349347353
"LOC105245785",0.0451121765893879
"Tnfrsf10b",0.0451094099709159
"LOC105244734",0.0450542217244793
"LOC105244617",0.045048132277312
"Naa20",0.0449774906014002
"LOC105242910",0.0449366360647322
"LOC105244528",0.0449018330820307
"Pcdhga6",0.0448661107940937
"LOC100503594",0.0448312196203809
"Hif3a",0.0448136133325613
"Lrrc69",0.0448108683696674
"Klhl10",0.0448059971616788
"LOC105247190",0.0448026730662412
"LOC105246719",0.0448022348143041
"LOC102635386",0.0447973087659677
"LOC105242593",0.0447866540166888
"C4bp-ps1",0.0447702850375351
"LOC105245103",0.0447692115549702
"Tmem181c-ps",0.0447645064421764
"Mir8102",0.0447435849029645
"1700080N15Rik",0.0447085013617599
"Mirlet7a-1",0.0447078895954958
"LOC105245591",0.0447065188659103
"Snora33",0.0446849335952583
"LOC102642578",0.0446753558868806
"Rcvrn",0.0446069469709207
"LOC105244488",0.0444449012122687
"Snord14e",0.0444434762302276
"Mir8104",0.0444297002139449
"Amd-ps1",0.0444269064719775
"Mir466i",0.0443766957296775
"LOC105243684",0.044357831117644
"LOC105245261",0.0443330846201407
"LOC105244356",0.0443230399855242
"LOC105243239",0.0442949852329476
"Ppp1r2-ps3",0.0442624982871734
"Eef1a2",0.0442615569762422
"1700001G17Rik",0.0442414522299697
"LOC102642451",0.0441901385314675
"1700003F12Rik",0.0441848407253415
"Fam24a",0.0441609177990029
"LOC102642962",0.0441180599460056
"LOC105243695",0.044072288882029
"Hist1h4m",0.0440663249822614
"C1d",0.0440640851356348
"LOC105244720",0.0440610986407409
"Ank2",0.0440510361951505
"Grin3b",0.0440415810539807
"Anxa9",0.0440367029739538
"Lect2",0.0440298033133994
"Ldlrad1",0.044009916643242
"Capn11",0.0440040334178371
"Cacybp",0.0439548872178568
"B230319C09Rik",0.0438998629172821
"LOC105244320",0.0438698917927597
"Podxl2",0.0438675506624624
"LOC102636900",0.0438216513522874
"Acr",0.0438142046102115
"Ncdn",0.0438067872045073
"LOC105244876",0.0437582724859787
"LOC105246404",0.0437124992802337
"Psmc2",0.0437076667085244
"LOC105247101",0.0436983825037355
"Olfr277-ps1",0.0436938182609304
"4933405L10Rik",0.0436804654512307
"LOC105246958",0.0436714366115414
"LOC105246306",0.0436249083798602
"Tmprss9",0.0436031423710486
"9530027J09Rik",0.0435746007823981
"LOC105242572",0.0435676402694554
"LOC105243821",0.0435658180124939
"Tmem79",0.0435459165592047
"LOC102631992",0.0435439398145615
"Snord22",0.0435432106934306
"LOC105244533",0.0435391670291056
"Fam166b",0.0435292602158606
"Eef2",0.0435054736578577
"LOC105243254",0.0435050103281065
"Tnfrsf18",0.0434694379795957
"Fam83h",0.0434495309736528
"Piwil2",0.0433681914316594
"Muc5b",0.0433601205393121
"LOC105245348",0.0433127537990684
"LOC102633032",0.0432840969610907
"Rfx8",0.0432785925937381
"LOC105244453",0.04326068340209
"1700001P01Rik",0.0432426200891467
"1700086P04Rik",0.043224638480868
"9230112J17Rik",0.0432216138564143
"LOC105244256",0.0432160481119768
"Mir6945",0.043201742304066
"LOC105246534",0.0431956838664985
"4930579G18Rik",0.0431739215744534
"Mybpc2",0.0431364704932785
"Bmf",0.0431043361697721
"D330041H03Rik",0.043103524019279
"LOC102638671",0.0431023592315698
"Gucy1b2",0.0430505361102793
"LOC105244184",0.0430021920372205
"LOC102636317",0.0429711975064315
"LOC102636551",0.0429564027775298
"Mir1191",0.0429409602324943
"Ncl",0.0428805797256202
"LOC105246366",0.0428299305112157
"LOC105242685",0.042818160390681
"LOC105246721",0.0428172316975126
"LOC105243520",0.04281386446381
"Ube2d2b",0.0427865003609248
"AI481877",0.0427412742821966
"Tns4",0.0427269610597496
"4930426L09Rik",0.0426922047297185
"LOC102636907",0.0426359888090454
"LOC105243167",0.0426324115716273
"LOC105246087",0.0426256217194141
"Tpt1-ps2",0.0426209104813576
"Klrg1",0.0426148821549217
"LOC105244788",0.0426067542602499
"4930572G02Rik",0.0425925316024863
"Vwce",0.0425827953345582
"LOC105242531",0.042534673373768
"LOC105244462",0.0425314860927643
"LOC105243238",0.0424174614502514
"G630025P09Rik",0.0423989728767348
"Rpl36a-ps1",0.0423807519670968
"Frmd8os",0.0423646740597115
"LOC102633666",0.0423242878225739
"4833418N02Rik",0.04230416640053
"Gnmt",0.0422888719298338
"Papss2",0.0422862510735262
"LOC105244811",0.0422702270451011
"Stpg2",0.0422467544272321
"Bcl3",0.0421771348356859
"Mir2861",0.0421691364679129
"1700110K17Rik",0.0421665184396071
"Mir453",0.0421571843145686
"Stx19",0.0421426337880489
"LOC102637743",0.0421170416029129
"LOC105243962",0.0420925467149477
"Glud-ps",0.0420539557504157
"8430431K14Rik",0.0420204932390543
"A630095N17Rik",0.0420016853380439
"Svopl",0.0419723784495697
"Mir1898",0.0419523813449114
"Gas2l2",0.0418819315607894
"Pcdhb8",0.0418789614969308
"Fam92b",0.0418644047721633
"LOC105243746",0.0418633920023037
"LOC105243649",0.0418238804725452
"Wnt1",0.0417961767350914
"BC031181",0.0417507301043372
"Rpl3",0.0417507301043372
"Srp14",0.0417507301043372
"Sars",0.0417291680323506
"LOC105244520",0.0417101635436141
"LOC105247189",0.0417003350359665
"LOC102637181",0.0416945857382352
"Mir7652",0.0416560168789466
"LOC105245068",0.0416490134448182
"Tdrd1",0.0416143183696991
"LOC102639184",0.0416113401655677
"LOC105243696",0.041589610318764
"LOC105245250",0.0415166390634302
"Kif16bos",0.0415104065521407
"LOC329316",0.0415001543339865
"LOC102635948",0.0414905257114561
"Pabpn1",0.0414799914396504
"1700015E13Rik",0.0414718598972831
"Mir296",0.0414538960357403
"Got1",0.0414507024413595
"LOC105245731",0.0414366420538815
"Pkdrej",0.0414196843024151
"Tulp2",0.0414182565532141
"1700028E10Rik",0.0414166966378338
"Ythdc1",0.0414138549531501
"LOC105244572",0.0413871035888449
"Dnaaf3",0.0413766954234819
"LOC105244746",0.0413435416490731
"Olfr691",0.0413292160507058
"Gpi1",0.0413129148459848
"LOC105244921",0.0412825705253887
"4933427G23Rik",0.0412327229645825
"LOC105244428",0.0411260953643617
"2310047D07Rik",0.0411154486021081
"LOC105245439",0.0411120368010155
"A330035P11Rik",0.041097822477366
"Smt3h2-ps4",0.0410978141339507
"Cfap221",0.0410930400602347
"LOC105246702",0.0410811489631874
"Angptl3",0.0410741345826362
"LOC105246310",0.0410658077001602
"LOC105243899",0.0410575584888312
"LOC102636417",0.0410444977612812
"B230208H11Rik",0.0410191519320219
"LOC105247188",0.0410016662598265
"Mir6992",0.0409696296552608
"Trp53tg5",0.0409513820568355
"Ltb4r2",0.0409420903945853
"Igj",0.0409203235782439
"Asic3",0.0408673605157583
"Mfsd2b",0.0408551299341523
"LOC105246460",0.0408502624486126
"LOC105246873",0.0408370031609338
"LOC105242663",0.0408295026063819
"4932413F04Rik",0.040805256682353
"Mir708",0.0408033853969094
"Gpr55",0.0407686410178854
"LOC102634904",0.040761598378773
"LOC105245425",0.0407373063127537
"LOC105244922",0.0407345407339852
"Cpb2",0.0407315687125748
"4930596I21Rik",0.0407063801542556
"Akap3",0.0406960240554555
"LOC105243335",0.0406803866811878
"LOC100417984",0.0406704224595176
"Mir30b",0.040662379654928
"Ropn1l",0.0406296888569237
"LOC100534358",0.0405665654996564
"LOC102638295",0.0405606055847076
"Cetn3",0.0405296612119111
"LOC105246416",0.040499199480726
"LOC105243739",0.0404976210272742
"Hist3h2bb-ps",0.0404518521687441
"Ccdc78",0.0404318487683025
"Mir7069",0.0404179106746268
"LOC105244932",0.0404083698868319
"4930505A04Rik",0.0403965793314439
"LOC105245296",0.0402979846020337
"Rrp1",0.0402725175685353
"Stmn1",0.0402725175685353
"AF357426",0.0402334697078676
"LOC105245902",0.0402299953733057
"2010107G12Rik",0.0402194326466999
"LOC105247186",0.0402170599465579
"LOC105245481",0.0402093480648373
"Hnrnpl",0.0401826189833916
"Baiap2l1",0.0401792811202403
"Tex14",0.040151430044772
"LOC105244686",0.0401347715140565
"Mir1931",0.0401015775308487
"Ncr3-ps",0.0400701367100812
"LOC105244260",0.0400316571957233
"Eif1b",0.0400051624744056
"Gpat2",0.0399934022591098
"Tert",0.0399915020764454
"LOC102636357",0.03990164010019
"Hist1h3i",0.0398988545594203
"LOC105245227",0.03988448697221
"Tial1",0.0398772580960591
"Prpf4b",0.0398251294188672
"AA413626",0.0398013101508355
"Pspn",0.0397633263218587
"1700022N22Rik",0.039762383454644
"Hist1h2ai",0.0397489144194349
"LOC105246065",0.0396668813172008
"Adam32",0.0396634078053374
"1110004F10Rik",0.0396206305976534
"Col6a5",0.0396070487086944
"LOC105243351",0.0395877944048692
"4930451E10Rik",0.0395401266473649
"Snord47",0.039538417810563
"LOC105244231",0.0395311178067208
"LOC105246078",0.0395171611577698
"Ect2l",0.0395106186583349
"Card6",0.0394877510797373
"Tvp23bos",0.0394779610303573
"Amhr2",0.03938525878569
"Wfikkn1",0.0393679844232972
"4931440J10Rik",0.0393666678001004
"LOC105244780",0.0393509306250825
"LOC105243057",0.0393450437883322
"LOC105245702",0.0393272993545481
"LOC102639683",0.0392779865994171
"2810442N19Rik",0.0392426166915635
"Usp44",0.0392161449592284
"LOC105245782",0.0391896534065731
"Nucks1",0.0391456321563875
"LOC105244336",0.0391354783569686
"Nxpe2",0.0391354730836772
"Rundc3a",0.0391269790623094
"LOC105245215",0.0390829472015111
"LOC105242391",0.0390699661416415
"Mir6935",0.0390625327098935
"LOC105243285",0.0390574398464329
"Ism2",0.0390567517153712
"Exd1",0.0390502311545533
"LOC105246159",0.0390432424011859
"Zfp541",0.0389649793809138
"LOC105246284",0.0389469567302492
"D16Ertd727e",0.0389233328702736
"LOC105244716",0.0389135157034823
"Csnk1a1",0.0389060974982081
"Cwc15",0.0388861073763348
"Rps2-ps9",0.0388792657460304
"LOC105244557",0.0388501303311344
"LOC105246063",0.0388138874858549
"Fam71d",0.0387353003716228
"LOC105246380",0.0387065825243419
"4930515G01Rik",0.0387004481701105
"Snord8",0.0386883616830744
"LOC105244131",0.03868516386126
"Cstl1",0.0386635839914806
"Fscn2",0.0386350419078072
"LOC105243606",0.0386052168164289
"LOC105244885",0.0385922368773856
"Mslnl",0.0385370332237506
"LOC105247244",0.0385248951168232
"Srsf11",0.038512853487479
"LOC105245608",0.0385025331840906
"LOC105245437",0.0384933149348323
"Slc12a8",0.0384917367214773
"Ccdc125",0.0384539487320603
"Mir873a",0.0384363992235888
"LOC105244357",0.0384279193651247
"Pla2g4c",0.0384181915102735
"LOC105246027",0.038414010452326
"Tmem74bos",0.038409482690551
"Bspry",0.0383985703837311
"1500011B03Rik",0.0383753981865909
"LOC102642605",0.038353760707394
"Cyp4f18",0.0383321843543483
"1700008F21Rik",0.0383136376756861
"LOC105246193",0.0382953755958731
"C1qtnf4",0.0382779768813437
"LOC105243100",0.0382679217066673
"Hcfc1r1",0.0382634078331945
"Pcdhgb1",0.0382228694365668
"Cbx2",0.0381921695778607
"LOC105246046",0.0381756943513541
"Lrrc19",0.0381481256577833
"LOC102634042",0.0381419332253963
"Rpl15-ps2",0.0381217526674211
"LOC105246397",0.0380892560882272
"LOC105246223",0.0380887491231964
"LOC105243938",0.0380473586736244
"Atp6v1g1",0.038027827212174
"Mlf2",0.038027827212174
"4930502E18Rik",0.03798777020515
"Rps15a-ps2",0.0379781214573608
"LOC105243926",0.0379631700403593
"Hist1h2bp",0.0379501463852405
"Ptms",0.0379310013270987
"LOC105243236",0.0379309008474837
"LOC105246567",0.0379178481234621
"LOC105246041",0.037916336285242
"LOC105244825",0.0378934458291085
"9230116L04Rik",0.0378801123091962
"B430010I23Rik",0.0378652136446119
"Pcdhgb2",0.037850756522651
"LOC105243219",0.0378421074212193
"LOC102642644",0.0378416258832376
"Spata45",0.037818292057099
"LOC102636566",0.0377919068274357
"Amd-ps3",0.0377772523272732
"LOC105244073",0.0377678959776462
"Rpl19-ps11",0.0377526492431889
"C030013C21Rik",0.0377504853409459
"LOC105246910",0.0377238809367108
"Smtnl1",0.037723427155912
"1700120K04Rik",0.0377004699803411
"LOC105245431",0.0376958807199531
"LOC105246316",0.0376828173675792
"1700065J18Rik",0.0376810585811353
"Ankrd7",0.0376637011888825
"LOC105243888",0.0375688234200845
"Minpp1-ps",0.0375652564743887
"LOC105243704",0.0375581426647031
"Smim6",0.0375182082275202
"LOC105246160",0.037505370089959
"4933439K11Rik",0.0375026183719325
"Tcp10b",0.0374831205811122
"Ccdc50-ps",0.0374694141649389
"LOC105245025",0.037438912154382
"Rpl3-ps1",0.0374080683445341
"Smok4a",0.0374075218170734
"LOC102635492",0.0374069566000292
"Mc1r",0.0373408290454159
"2810408B13Rik",0.0373388233155928
"Myo15",0.0373376981587284
"Olfr857",0.0373252885661934
"LOC105245048",0.0373215344276484
"Tbx6",0.0373094742219694
"LOC105242983",0.0372705823235471
"Zp3r",0.0372607428672964
"Mir3960",0.0372442821558657
"LOC105246598",0.0372212976197105
"Leap2",0.0372200936010832
"LOC105243431",0.0372155994279423
"LOC105247008",0.0371747610765542
"LOC102632383",0.037143139455896
"1700022H01Rik",0.0371249273260196
"9530052C20Rik",0.0371131730361221
"9630028B13Rik",0.0371095702591697
"Il11",0.037107945388067
"Gzmm",0.0371076092208302
"LOC105243523",0.037091996101461
"LOC105247247",0.0370836783335377
"LOC105245051",0.0370820277264129
"Cdnf",0.0370448317072918
"4930512B01Rik",0.0370297049973428
"LOC105245369",0.0369579117581649
"LOC102637048",0.0369557084502177
"Hist2h3c1",0.0369060435100395
"LOC102634065",0.0369037762941843
"LOC105242930",0.0368830318140585
"Hsd3b3",0.0368704136747164
"Slc26a1",0.0368454629880452
"Srsf3",0.0368183674081838
"LOC102641509",0.0367993063715292
"2010308F09Rik",0.0367908576054244
"4930509J09Rik",0.0366929986407082
"1700001K19Rik",0.0366844349791891
"1700016G14Rik",0.0366569858648859
"LOC102642677",0.0366184670090304
"LOC105246952",0.0365961348466121
"Ncor1",0.0365577411590552
"LOC105243173",0.0365363120763103
"LOC102637483",0.0365321463289839
"LOC102642990",0.0365176054952669
"Ppp1r2-ps6",0.0364959680127966
"Snora16a",0.0364926350811353
"Rnu11",0.0364769299048642
"D830044I16Rik",0.0364440926231916
"4931413K12Rik",0.0363995196286804
"Tas1r3",0.036386686329184
"LOC105245580",0.0363696486988565
"Sumo1",0.0363284243826553
"Slc5a12",0.0363149018685506
"LOC102635682",0.036307100378829
"Tcrg",0.0362943275761718
"Ascl4",0.0362835890372085
"2010109A12Rik",0.0362614252433362
"LOC105243355",0.0362587267104131
"LOC105247216",0.036248992421748
"Dnm1",0.036244421871867
"Mir6928",0.0362350774846248
"4833447P13Rik",0.0362281456940692
"LOC105247155",0.0361977527199089
"LOC105246355",0.0361705123281506
"1700049J03Rik",0.0361364226092216
"Rps19-ps9",0.0361349973290887
"Snord100",0.0361147959130234
"LOC105244770",0.0360847607948685
"LOC102637219",0.036069710388639
"Rpl9-ps3",0.0360507958984337
"LOC105246804",0.0360246173529876
"A430078I02Rik",0.0360095358361643
"Casp16",0.0360053752688574
"LOC105246610",0.0359969664622395
"LOC105245532",0.035985853927682
"LOC105245827",0.0359850633159596
"Arhgap20os",0.0359699723877376
"LOC102634154",0.0359626034030242
"LOC102639621",0.0359513528529688
"Mir329",0.0359327496331593
"LOC105244246",0.0359264038006042
"LOC105243437",0.0359165754481239
"Myt1l",0.0359053209528181
"LOC105244663",0.0358153626514566
"LOC102631527",0.0358075706144302
"A230020J21Rik",0.0357970654754256
"Fxyd4",0.035736387238371
"Mir9-3",0.0357261790199148
"Dcstamp",0.0357235414859342
"LOC105244894",0.0357191922500444
"Dpysl2",0.0357142857137422
"Dynll1",0.0357142857137422
"Fkbp3",0.0357142857137422
"Grin2b",0.0357142857137422
"Naca",0.0357142857137422
"Psma7",0.0357142857137422
"Rnasek",0.0357142857137422
"Rpl13a",0.0357142857137422
"Rpl37",0.0357142857137422
"Serinc1",0.0357142857137422
"Tma7",0.0357142857137422
"Ubl5",0.0357142857137422
"LOC105246809",0.0357113566985686
"LOC102635394",0.0356448873158325
"LOC105243582",0.0356310298030503
"LOC105246841",0.0356206640027635
"LOC105244225",0.0356126866899979
"4930421P05Rik",0.0356051668019923
"4930503E24Rik",0.0355892279169482
"LOC105245415",0.0355762019474884
"LOC105245136",0.0355759292476583
"LOC102635990",0.035565686787895
"Misp",0.0355593909161808
"LOC105244796",0.0355490123104201
"LOC105244227",0.0355312552662101
"LOC102633332",0.0355221386955968
"Sycp1",0.0355213475244602
"LOC105244010",0.0355087533576034
"Rtn4",0.0354967661284405
"LOC100503676",0.0354802591120265
"LOC105244681",0.035385628856931
"Rpl17-ps9",0.035371060655448
"Mir377",0.0353422380144817
"Tmc8",0.035249758676358
"LOC105244433",0.0352292352141053
"Dbil5",0.0351945745559217
"LOC102642358",0.0351824410203864
"Sds",0.0351629153751863
"Nap1l5",0.0351628376329058
"Rmi2",0.0351500965027923
"LOC101055671",0.0351312282201279
"LOC105243323",0.0351220606782519
"LOC105246106",0.0351012410089145
"LOC105246847",0.0350846837086361
"LOC105245983",0.0350803048745296
"AU040972",0.0350348891849494
"Sbk3",0.035027917081378
"LOC105246478",0.0350107951460127
"LOC105242563",0.0349790784644995
"Ybx1",0.0349481561382156
"Kbtbd12",0.034910503563466
"LOC105246664",0.0348645984288564
"LOC105245351",0.0348236590002142
"LOC105246881",0.0348223878799485
"Gpr111",0.0347968660321507
"Hnrnpc",0.0347961566106654
"4933433G15Rik",0.0347934136645051
"Zfp750",0.0347436682433666
"LOC105247260",0.0347305868223636
"LOC105246073",0.0347265367507366
"1700010K23Rik",0.0347149628373974
"4930547E14Rik",0.0347052504910975
"LOC105245029",0.0346970112441658
"Impg2",0.0346102606689438
"LOC105245974",0.0345828602887576
"LOC105245766",0.0345340917245648
"Slain1os",0.034529931944158
"LOC105245821",0.0345236290618687
"Chst14",0.0345153894942733
"Pcdha7-g",0.0345103682966771
"LOC105246559",0.0345017116788458
"LOC105245892",0.0344555433840224
"Rpl15-ps4",0.0344462629410859
"LOC102639987",0.034440094257629
"Appbp2os",0.0344356878850518
"Atp2a1",0.0344326073050096
"LOC105244701",0.034422324225052
"LOC105247252",0.0344030318131408
"LOC102640315",0.0343665286523794
"Plek2",0.0343346941966438
"LOC105243909",0.0343112444664839
"LOC105245456",0.0343074256345136
"Sh3d21",0.0342971526039806
"LOC105243012",0.0342337127083407
"Hist1h2ad",0.0342262019469505
"Snora43",0.0342208838008807
"Snora34",0.0342159681654413
"4933430I17Rik",0.03421064812674
"Mir5129",0.0342054978116095
"LOC105245216",0.0341973008949515
"4930539J05Rik",0.0341871357841547
"LOC105245533",0.0341753436864338
"Cubn",0.0341652580988237
"4930568A12Rik",0.0341542529475399
"Pcdha6-g",0.0341534553621227
"Mir6392",0.0341430840455305
"LOC105246233",0.0341341388766986
"LOC105242934",0.0340982931649317
"LOC105244031",0.0340501015020377
"Hsd3b6",0.0340014815652709
"Ranbp1",0.0339980660680963
"Mmp19",0.0339825638910576
"Cep112os2",0.0339529794603937
"LOC102640811",0.0339511729975367
"LOC102637572",0.0339503500452953
"Rps8-ps1",0.0338999913401731
"LOC105242598",0.0338567282994366
"LOC105246520",0.0338256630265488
"LOC102636101",0.0338071188001882
"LOC105244281",0.0338037724416693
"Csl",0.0337937590511038
"LOC105245930",0.0337887153721534
"LOC105245860",0.0337571881582821
"Prr22",0.0337373014320911
"Cxcl17",0.0337122125584965
"LOC105246108",0.0336896514876591
"1700019B03Rik",0.0336713428167521
"Snord72",0.0336684139469302
"LOC102633000",0.0336510416151625
"LOC105246679",0.0336337696371385
"LOC105247261",0.0335926427138716
"Pcdhgb8",0.0335900580922075
"Mir1291",0.0335889488731762
"Lgals4",0.033571755082511
"LOC102635075",0.033568075272884
"Tbc1d10c",0.0335545021687979
"Mageb16-ps2",0.033550098233708
"Klf1",0.0334939857663598
"Mir324",0.0334898339519295
"C330002G04Rik",0.0334867997669875
"LOC100534380",0.033480091385329
"LOC105246565",0.0334581491168847
"LOC101055894",0.0334494028827321
"Mir1949",0.0334461050208148
"LOC105243312",0.0334206086141034
"Ypel5",0.033393091819216
"4930513L16Rik",0.03337784062128
"Cct8",0.0333226937320611
"LOC101055915",0.0333164187842645
"Rpl35a-ps5",0.0333063160974513
"LOC105245391",0.0333055802257169
"Nutm1",0.0332895149960367
"CN725425",0.0332883596759597
"Rpl31-ps1",0.0332781518984044
"Mir491",0.0332726541499619
"LOC105244698",0.0331859411765434
"LOC102641552",0.0331666617469463
"Tspyl-ps",0.0331510314527918
"Snord19",0.0331374298787
"Serinc4",0.0331273686947184
"Lat",0.033115595878264
"Pcdh12",0.0330974728867875
"LOC105244869",0.0330642411826901
"Rpl31-ps14",0.0330630334289722
"LOC105243511",0.033044163479656
"LOC105242451",0.0330411208285764
"LOC105246975",0.0330340404449826
"LOC105245709",0.0330059532990134
"LOC105244901",0.0329986918454239
"Tgm4",0.032993799361275
"LOC102634745",0.0329668641507957
"Cfb",0.0329279565848045
"Mybl2",0.0329198441935445
"Tusc3",0.0329112689841627
"LOC105244482",0.0328860753958268
"LOC105243653",0.0328721588609727
"LOC105242981",0.0328551404689961
"Mir134",0.0328449160946209
"1700019L03Rik",0.032817073685516
"Gdpd3",0.0328161725589985
"LOC102638359",0.0328079202631279
"1700028B04Rik",0.0328064441063431
"Spcs1",0.0327974347632014
"LOC105245981",0.032796847835762
"LOC102635430",0.0327769909256716
"Ankrd53",0.0327749130316337
"LOC105243970",0.0327744287355938
"Snord2",0.0327591580542627
"Slc7a7",0.0327302606522147
"LOC105245094",0.0326855093249692
"4930517E11Rik",0.0326807665532775
"LOC105245326",0.0326690525025988
"Nid2",0.0326647254757078
"LOC105244277",0.0325764486475223
"LOC105246336",0.032576267098165
"LOC102640218",0.0325644193363442
"5033403F01Rik",0.0325244520817276
"LOC105242752",0.0325110660954785
"LOC102637953",0.0324634127753095
"LOC102641609",0.0324547471549763
"LOC105245071",0.0324369795126614
"Dhrs13os",0.0324314406773237
"Hist1h4k",0.0324183577183115
"Zscan25",0.0323794271021033
"LOC105243554",0.0323775684877074
"Asb16",0.0323733540397773
"Snora75",0.0323690719557819
"Hist1h2bj",0.0323536977320296
"LOC105246260",0.0323532018834285
"LOC105246274",0.0323414350540649
"1700027H10Rik",0.0322769051056741
"Snora41",0.0322395537809775
"LOC105242554",0.0322297433344121
"Rpl31-ps13",0.0322127223524025
"LOC105244068",0.0321867723459527
"Nlk-ps1",0.0321465070401879
"LOC105243390",0.0321413495203764
"Rdh9",0.03213965514667
"LOC105246332",0.0321314130835562
"4930430F21Rik",0.0321279572605168
"LOC105243976",0.0321090946289716
"1700065D16Rik",0.0321001442151445
"LOC105246194",0.0320996890709648
"Mir7036",0.0320933369279204
"Hmgb1-rs15",0.0320433922505087
"LOC102640327",0.0319975569497487
"LOC105246015",0.0319540508580226
"LOC105244057",0.0318885497555961
"LOC105244549",0.0318858454495348
"Ttc16",0.0318811170517238
"LOC105243701",0.0318781090599212
"LOC105245457",0.0318193069292718
"LOC105246074",0.031790918741127
"Rps19-ps4",0.0317752967461053
"Arg1",0.031771953125185
"LOC105244333",0.0317715452539993
"Mir485",0.0317399132143413
"Rpl10-ps5",0.0316529756932979
"Tdh",0.0316522626824548
"Msh5",0.031649287539744
"LOC105243961",0.0316265463102164
"Trp53-ps",0.0315974254245892
"LOC105246167",0.0315527698869095
"Tmem30c",0.0315067006041789
"Vmn2r57",0.031503884241347
"1700030C10Rik",0.0314848338101604
"Snord12",0.0314710055123023
"Frrs1",0.0314550511133818
"LOC105247103",0.0314534351710113
"LOC105244212",0.0314391713677194
"Pram1",0.0314240292890498
"Pabpc1l",0.0314198903612462
"LOC105243519",0.0314170665941005
"LOC105243648",0.0314011699254277
"LOC102642986",0.031334778744638
"Mir186",0.0312317289212474
"LOC105245112",0.0312003343346837
"LOC105246591",0.0311721423711524
"Opn1sw",0.0311706337995181
"4930590L20Rik",0.0311686486790229
"4833419F23Rik",0.0311684524089804
"4930404I05Rik",0.0311617233421414
"Mir7078",0.0311570351402615
"Mir5625",0.0311565421140933
"DQ267102",0.031154391365566
"LOC105246969",0.0311542514158898
"LOC105244981",0.0311476775838412
"LOC105243412",0.0311377042543541
"LOC105245328",0.0311187291614247
"Baat",0.0311089579664118
"Pitpnm2os1",0.0311045946177068
"Mir1894",0.0311017456060822
"LOC105245592",0.0310934993486858
"Mir1970",0.0310565633937858
"Vmn2r-ps133",0.0310332758640303
"Rpl13-ps5",0.0310222289841682
"LOC105245180",0.0310144665083116
"LOC105245529",0.0310023930180923
"Snord69",0.0309493609880947
"LOC105246033",0.0309358649752206
"4930549G23Rik",0.0309232280688659
"Map1lc3b",0.0308919413917874
"LOC105244095",0.0308868838103205
"LOC105243193",0.0308670536000134
"LOC102643076",0.0308645950391861
"LOC102642726",0.0308530574800428
"LOC105245345",0.0308412686041046
"Mir8116",0.0308412174508664
"Pcdhgb4",0.0308357902980984
"Mir16-1",0.0308270275076193
"BB094273",0.0308170599535638
"LOC105244527",0.0307950261665646
"LOC105245307",0.0307775013074009
"LOC105246765",0.0307512061139402
"Vmn1r4",0.030728435086789
"Cct6b",0.0307163814147705
"Lrrc26",0.030704282761622
"Mir673",0.0306940969660422
"Tmem59",0.0306838468719418
"1700011H14Rik",0.0306478491537067
"Rps11-ps4",0.0306262881189508
"LOC105244661",0.030622416470931
"Stag3",0.0305899277355848
"Mir382",0.0305827865926287
"5730420D15Rik",0.0305753679363705
"LOC105244240",0.0305721813622983
"LOC105245697",0.0305343257643226
"LOC102633817",0.0304735371278147
"Rpsa-ps11",0.0304540707471738
"LOC105244501",0.030423366668753
"Slc3a1",0.0304139817565711
"LOC105244398",0.0304061230482707
"9330154K18Rik",0.0303780608445397
"H2-M10.2",0.0303258087698568
"Smarca5-ps",0.0303187498630927
"LOC105244318",0.0303157955444167
"LOC105243036",0.0302984898352843
"Snord49a",0.0302968010535567
"Rps6-ps2",0.0302759049178274
"Mir130a",0.0302742814567762
"LOC105243384",0.0302712190588897
"LOC102642633",0.0302677366294036
"Slc27a5",0.0302640175932038
"Alms1-ps2",0.0302484037902381
"Fez1",0.0302419856040667
"LOC105242982",0.0302052536445412
"Mir7079",0.0301914996526014
"Prdm12",0.0301705348056111
"LOC105244636",0.0301640325986356
"LOC105244954",0.0301600213447033
"LOC102640946",0.0301042841434587
"Helz2",0.0300868018428003
"Ckm",0.0300760150101518
"LOC105246422",0.0300649524450066
"Dync1i2",0.0300624085808208
"Map1lc3a",0.0300624085808208
"LOC105243738",0.0300608516929894
"LOC102637966",0.0300530867389972
"LOC105244339",0.0300077553364005
"1700064M15Rik",0.0300001855301323
"0610005C13Rik",0.0299852238436278
"LOC102631977",0.0299799815188919
"4921507L20Rik",0.0299328031956241
"Snora61",0.0299309105401971
"Rsrc2",0.0299280770821064
"LOC105246470",0.0299125031769526
"Lrrc34",0.0298896659737615
"Lamp3",0.0298822543549542
"LOC105243741",0.029876962549438
"Tmem253",0.0298567878801311
"LOC105244794",0.0298475889264625
"LOC105242889",0.0298381238030042
"Nfe2",0.0298284247171661
"LOC105246788",0.0298282876337433
"BC046251",0.0297876045473604
"Btn1a1",0.0297326284599086
"LOC105242854",0.0297246961782166
"Amd-ps6",0.0297144412924598
"2310001K24Rik",0.0296869361219409
"LOC105244177",0.0296351097577523
"Eme1",0.0296304781978826
"LOC105242719",0.0296265319668407
"Duox1",0.0296028185364027
"LOC102639518",0.0295677264016118
"LOC105244319",0.0295479976753703
"Btnl7-ps",0.029532511090122
"LOC105245477",0.0295195204348548
"LOC105247259",0.0295043090839376
"LOC105247052",0.0294959055530044
"LOC105245217",0.0294875810336075
"A530016L24Rik",0.0294682719777496
"Rpl19-ps9",0.0294570469710618
"LOC105242720",0.029438731338626
"4930563E18Rik",0.0294278475871428
"LOC105243720",0.0294182960618138
"LOC105242670",0.0293953685830097
"LOC105244395",0.0293706194325783
"Sh2d6",0.0293534593816669
"Rnf187",0.0293312063016031
"LOC101055953",0.0293281492730309
"LOC105244642",0.0293279346402607
"E2f2",0.0293175174117573
"LOC105246224",0.0293041130514353
"Tcam1",0.029297388104575
"F2rl3",0.0292965173841126
"LOC105246535",0.0292820298087347
"Pcdhgb5",0.0292597701455385
"Pzp",0.0292558386401011
"LOC105245241",0.0292527176664261
"Mir7067",0.0292154809759855
"2810408A11Rik",0.0291354466351093
"LOC105244299",0.0291284526089429
"LOC105242537",0.0290830651850837
"LOC105243087",0.0290639652143804
"LOC105246429",0.029055202438907
"Snora52",0.0290519507245918
"4930404H24Rik",0.0290350747134116
"LOC105246317",0.029033832921804
"Rpl21-ps11",0.0290045837578931
"Rpl13a-ps1",0.0289779463047742
"Muc6",0.028944716703751
"Gcnt7",0.028919766032807
"9030204H09Rik",0.02890795147701
"Sf3b2",0.0289057358608445
"LOC105244317",0.0288950943075843
"LOC105242432",0.0288867668672709
"Zmynd15",0.0288614563421067
"Lt1",0.0288349569362259
"A430110L20Rik",0.0288313903852087
"LOC105243672",0.0288175719280539
"Mfsd7c",0.028812964144296
"Npm2",0.0287649417566559
"LOC105243992",0.0287645640183872
"Ybx1-ps2",0.0287443385640541
"LOC105244934",0.0287294282815714
"Car5b",0.0287280670999193
"LOC101055724",0.0287064544668481
"Il2",0.0286942355867887
"1700110C19Rik",0.0286878572447904
"LOC105246180",0.028671615575763
"Mir300",0.0286683531499262
"Fam81b",0.028661872046585
"LOC102635997",0.0286616260229896
"LOC105245021",0.0286412835340098
"LOC105243438",0.0286298471421352
"Avil",0.028598041431021
"4732416N19Rik",0.0285814356604902
"Snord58b",0.0285808596294854
"Snord99",0.028579840610143
"LOC105244475",0.0285290309111098
"LOC105246077",0.0285218218902258
"C130083M11Rik",0.0285090484965192
"Ovol3",0.0284988379432885
"LOC105243371",0.0284966240660612
"LOC102634097",0.0284572582180214
"Fcnc-ps",0.0284559214314583
"Ltb4r1",0.0284230088117027
"Pate2",0.0284220358080151
"LOC105246945",0.0283828964262413
"LOC105244065",0.0283752467242608
"Angptl7",0.0283555983237889
"4930557K07Rik",0.0283543610192754
"LOC101055758",0.0283411702451423
"Hspe1-ps3",0.0283357913742351
"Ivl",0.0283210155060362
"4930568G15Rik",0.0283149039533319
"LOC105245357",0.0283045900227934
"Ube4bos1",0.0283009006502489
"Ddias",0.0282719506869201
"LOC105244337",0.0282685375963812
"Slc9b1",0.0282465142439358
"Camk2b",0.0282338925664239
"LOC105245997",0.0282317981408174
"LOC105246941",0.0282210662467609
"LOC105242858",0.0282174247093104
"Ccdc168",0.0282090471300552
"LOC105245713",0.0282010511061875
"Gnrh1",0.0281549654896599
"LOC105246533",0.0281505863149556
"LOC102635469",0.0281006880620515
"LOC105243004",0.0280957867081178
"Nanos2",0.0280767761206955
"LOC102632599",0.0280511687036792
"Papolb",0.0280149073423829
"Tmprss5",0.0280026794516905
"Aqp7",0.0280021647084326
"Snord16a",0.0279693979392919
"LOC105246887",0.0279458363661331
"LOC105242885",0.0279241059363594
"Rps12-ps10",0.0278835034470679
"Snora17",0.0278831917614957
"LOC102641529",0.0278712985682183
"LOC105243367",0.0278577932091701
"LOC105243430",0.0278537672693199
"LOC105244721",0.0278508606405901
"E330032C10Rik",0.0278314578830962
"LOC105243513",0.0278139048567383
"LOC105243731",0.0278112816397904
"Fam166a",0.0278036022710156
"Gabrr2",0.0277683788216824
"Aunip",0.0277667371602515
"Slc16a5",0.0277626188296478
"Cyp3a58-ps",0.0277583144848501
"LOC105244313",0.0277544682353462
"LOC105244046",0.0277377313536858
"Rpl21-ps14",0.0277357338243552
"LOC105245707",0.0277063971241144
"Mypopos",0.0276614226269183
"LOC105245323",0.0276533473853164
"Rpl36-ps9",0.0276396417075472
"LOC105246349",0.0276011808235337
"Naprt",0.0275823620698301
"Mir1934",0.0275420040153229
"Rnu3a",0.0275038875319336
"LOC102634010",0.0274897913662829
"LOC105244638",0.0274845950050905
"LOC105243011",0.0274840577065499
"LOC105246829",0.0274610514134882
"Lrrc72",0.0274490186068311
"Nmrk2",0.0274287777879859
"Rpl15-ps5",0.0274129344739304
"Cldn20",0.0273983389053787
"Smc1b",0.0273787342078596
"Mmp21",0.0273600159614798
"Mir6913",0.0273043617264442
"Morn3",0.0272879883900032
"Olfr543",0.027283230311828
"Rpsa-ps4",0.0272420091284343
"Rps12-ps4",0.0272203100146158
"LOC105244122",0.0271998201727516
"Cyp2t4",0.0271991656710947
"Rps23-ps1",0.0271986722332308
"LOC105244021",0.0271821084710336
"LOC105242763",0.0271500000656473
"Rps2-ps4",0.0271284874524401
"E430024P14Rik",0.0271158544185477
"Olfr1417",0.0271009513953886
"LOC105242886",0.0270993458205028
"Snord17",0.02707586061594
"Mir668",0.0270687492169979
"LOC105245788",0.0270567669400879
"4930449E18Rik",0.0270519604162203
"LOC102641157",0.0270394867902288
"Ssbp4",0.0270099080700194
"LOC105246021",0.0270091039729462
"LOC105244506",0.0270002138017449
"A830035A12Rik",0.026951743867742
"Nup62-il4i1",0.0269403679407001
"Rps13-ps5",0.0269296291082771
"Col2a1",0.0269055312042316
"LOC105243209",0.0269053460907526
"4921507G05Rik",0.0268948165970157
"LOC105247043",0.0268907827837547
"LOC105244645",0.0268772422625896
"Tbc1d22bos",0.0268562109909009
"Vmn2r-ps3",0.0268492286531095
"LOC105246072",0.0267920658543508
"Rpl10-ps2",0.0267861144032061
"BC085271",0.0267804615267639
"LOC105246408",0.026745117808633
"Amd-ps4",0.0267343636722375
"9530034E10Rik",0.0267327481676024
"LOC105245510",0.0267123796030506
"Snord45b",0.026711577210756
"1700086D15Rik",0.0266939093917647
"Popdc2",0.0266852453644472
"Trappc3l",0.0266717493246053
"LOC105247071",0.026653800710613
"LOC105246774",0.0266056707285365
"4933433G19Rik",0.0265685553930903
"Mir3076",0.0265589378224289
"LOC105245443",0.0265430839121505
"Lrrc71",0.0265340328156425
"LOC102636908",0.0265098970912169
"Atp6v0e2",0.0264757070338213
"Eif5a",0.0264757070338213
"Rbx1",0.0264757070338213
"Rpl27",0.0264757070338213
"Tuba1b",0.0264757070338213
"LOC105246086",0.0264501279220092
"1700016C15Rik",0.0264416659322578
"Snora3",0.0264005247195453
"LOC105243022",0.0263813802467959
"LOC105246189",0.0263633794406488
"LOC105244976",0.0262711261181844
"LOC105246617",0.0262649264405491
"LOC105244210",0.026264387223084
"Fbxo15",0.0262579991729817
"Myo1a",0.0262484058923002
"LOC105244651",0.0262196938284446
"LOC105245161",0.0261894709627368
"Rptoros",0.0261701497972317
"LOC105244611",0.0261624562760228
"LOC105246880",0.026153924519225
"LOC105243462",0.026115197851537
"LOC100417581",0.0260804372109737
"Tmem220",0.0260655091048418
"LOC105245428",0.0260556910687541
"Ctf2",0.0260241612067381
"Tssk4",0.0259901548799762
"4933413J09Rik",0.0259865683063719
"LOC105243515",0.0259716184509753
"LOC105245460",0.0259628934434013
"LOC105244630",0.0259275464385748
"LOC105242860",0.0259039687825632
"Rps2-ps11",0.0258729861187799
"LOC105245047",0.0258197043719706
"1520401A03Rik",0.0257931743396997
"Smco1",0.0257592525034034
"Rpl30-ps1",0.0257547318346729
"Rpl26-ps4",0.0257537850091854
"LOC105244588",0.0257419836102767
"Cldn19",0.025733466813796
"LOC105244059",0.0257241588287754
"LOC105245007",0.025695052302738
"Dqx1",0.0256618210324614
"LOC105246731",0.0256470963202086
"LOC105243517",0.0255922594971745
"Rpsa-ps12",0.0255887751297148
"LOC105246616",0.0255636668488206
"Rpl15-ps1",0.0255520794648196
"Sfpq",0.0255256678215533
"LOC105246556",0.0255253676876485
"LOC105243986",0.0255226414100881
"Iqch",0.0255053028576227
"Snora47",0.0255034557490731
"LOC105242875",0.0254819121744039
"Rpl21-ps7",0.025476589542823
"1700122E12Rik",0.0254740109618969
"Madcam1",0.0254729195363413
"LOC105243800",0.025327144910704
"4931403G20Rik",0.0252980418067957
"LOC105242933",0.0252847821681817
"Tssk2",0.0252476664684877
"4933402D24Rik",0.0252383620274942
"Npm1",0.0252313401409862
"LOC105247205",0.0251723799944906
"Syce1l",0.0251589668478655
"LOC105245560",0.0251514366233744
"Cpsf4l",0.0251430509644902
"Mir758",0.0250809721979901
"Ggn",0.0250666085268077
"LOC105244808",0.0250224617939349
"LOC105245471",0.0250224518892156
"LOC102637286",0.0250088268829113
"1700125H20Rik",0.0249862945527263
"Anp32-ps",0.0249681631801246
"LOC105243432",0.0249217793096113
"Cdc34-ps",0.0249186673775898
"LOC105243295",0.0249044257110842
"Rpl35a-ps7",0.0247841429576894
"Gpr84",0.0247832001131896
"LOC102639143",0.0247440545028518
"LOC105243255",0.0247306604240026
"Atp6v1d",0.0247138671289226
"Pgam1",0.0247138671289226
"Pi16",0.0246662256112815
"Mir1198",0.0246611597395152
"Dnmt3b",0.0246325880248488
"LOC105246047",0.0246176575934627
"4930586N03Rik",0.0245641560156532
"Vmn2r1",0.0244969984177715
"LOC105243647",0.0244852420443491
"BC100451",0.0244777234348001
"LOC105244619",0.0244525343228313
"LOC105245277",0.0244443811929016
"Rpl31-ps16",0.0244021292632436
"LOC105246666",0.024376774359982
"Milr1",0.0243563332150431
"LOC105243604",0.02432796685569
"LOC105247072",0.0242973165790569
"LOC100534274",0.0242960688556526
"4933416C03Rik",0.0242599902192976
"Mir6362",0.024252989697588
"Aurkc",0.0242525725754081
"Pcdha4-g",0.0241617765489153
"Ceacam16",0.0241610780667191
"Kcnmb3",0.0241484332427925
"Gpc2",0.0241119957497139
"Zfp457",0.0240958000172564
"Stkld1",0.0240864755704565
"Trim14",0.0240816567372463
"Rpl32-ps",0.0240723447688303
"Rpl35a-ps3",0.0240659468433355
"Lhx4",0.0240656377027912
"Ccdc24",0.0240189042959188
"LOC102639699",0.0239581223574241
"LOC105244877",0.0239427026456943
"Rpl37-ps1",0.023923510290349
"Mir1197",0.023903826340272
"LOC105243495",0.0238940428471234
"Mir697",0.023880201463957
"E330013P04Rik",0.0238694179130231
"Accsl",0.0238064610550801
"Rps4l-ps",0.0238059917228166
"LOC105245324",0.0238014776194287
"Ube3a",0.0237799466343654
"Msh4",0.0237221027009375
"Celf2",0.0237173829256782
"Anapc15-ps",0.0237140576997394
"LOC102638521",0.0237100058950497
"LOC105244334",0.0236666016394253
"Klb",0.0236186754846836
"Scp2-ps1",0.0236131514112834
"LOC105244355",0.0236101311862514
"Ptov1",0.0235214993011342
"5730412P04Rik",0.0235176475379862
"Mir7036b",0.0235056704309432
"LOC105247025",0.0234856713439934
"Tnxa",0.0234790877421601
"LOC105244110",0.0234677294446504
"Bach2os",0.0234576935141289
"1110058D11Rik",0.023404740903076
"LOC105245523",0.0233764969760809
"Asb15",0.0233063112913836
"A930019D19Rik",0.0232364086521681
"Psmb6-ps",0.0232322372983733
"Ccdc169",0.0232304279569451
"LOC105243504",0.0232231633561299
"Rufy2",0.0232074124753893
"Rpl19-ps5",0.0231848328592145
"LOC105244727",0.0231276982180877
"Cc2d2b",0.0230719648734304
"Prnp",0.0229747023808067
"Mir6385",0.0229463360959653
"Cxx1c",0.0229459313210953
"Pla2g10",0.0229384120543115
"LOC102643040",0.0228908243584282
"LOC105246773",0.0228831111430439
"Rpl21-ps15",0.0228515465644714
"LOC105243016",0.0228466828190362
"Olfr267",0.0228058451905641
"Rps2-ps7",0.022766494175051
"LOC105245787",0.022683485500935
"Tll2",0.0226589621326567
"LOC105247263",0.0226580246981104
"LOC105246162",0.0226507157392465
"Mir677",0.0226315300905797
"Acss2os",0.0226227485979548
"LOC102639811",0.0225896144652329
"LOC105245706",0.0225510569787167
"LOC105247256",0.0225328688793074
"LOC105243508",0.0224638972739483
"Tpt1-ps3",0.0224254606933722
"Mir6958",0.0223843739815268
"4930562C15Rik",0.0223206627230043
"LOC105245606",0.0223120351770819
"LOC105243249",0.0223112397903236
"LOC105246831",0.022295737184637
"LOC102636055",0.0222539131626963
"LOC105243205",0.0222535291784881
"Selm",0.0221567610542849
"LOC105242417",0.0220737430054197
"Snora23",0.022073004104059
"Tsnaxip1",0.022059534218338
"Mkrn1-ps1",0.022039316959753
"Prss27",0.0219676572891952
"1700019G24Rik",0.0219667853673917
"Btbd18",0.0219570534814061
"Aanat",0.021946743599711
"LOC102639713",0.0219220527742725
"Vmn1r-ps145",0.0218768437795908
"Itm2c",0.021845072305178
"LOC102640696",0.0217645242062372
"LOC102632664",0.0217611725636144
"LOC105243053",0.0217449521266143
"C86187",0.0217414920701974
"LOC102632388",0.021727374736792
"LOC102633308",0.021675506058701
"Rps12-ps9",0.0216465154269634
"LOC105246768",0.0216204276331804
"Snord15b",0.0216190997919327
"LOC105245333",0.021545735014926
"Snord14c",0.0214218382880111
"LOC101056233",0.0214207801523072
"Mir495",0.0214193981496754
"LOC105246651",0.0213455163870659
"LOC102640328",0.0213074927120653
"LOC105245063",0.0212545262521973
"9630013K17Rik",0.0211845861567341
"Srrm2",0.0211492285103559
"4930502E09Rik",0.0210854920371517
"Rpl31-ps11",0.0208460576515275
"Brk1",0.0207465623829583
"LOC100417266",0.0206136947713471
"Mir3473d",0.0205943752990646
"Rpl7a-ps5",0.0205773799333006
"Map2",0.0204919193956711
"Dmrta2",0.0204112540194359
"Snord35a",0.0203115030152616
"LOC102635871",0.0200887650556354
"LOC105246657",0.0200396454883648
"LOC105244961",0.0200120504633814
"Eno1",0.0199999999998148
"9430078G10Rik",0.0199417789935914
"LOC102631952",0.0197678263290501
"Snora44",0.0197577071752862
"Podnl1",0.0197185203859383
"Rps9",0.0197074714041171
"Wbp2",0.0197074714041171
"Ssb",0.019683043341734
"LOC105242931",0.0193472358832349
"LOC105246639",0.0191633448277108
"Atp1a3",0.0189787460775177
"Ank3",0.0188343186330981
"Zfp207",0.0185897222683553
"Mapk1",0.0185058834294784
"LOC105246594",0.0182900984921961
"Bcas3os1",0.0182800593312223
"Ap2m1",0.0178571428565994
"Canx",0.0178571428565994
"Fau",0.0178571428565994
"Gabarapl1",0.0178571428565994
"Gabarapl2",0.0178571428565994
"Gng3",0.0178571428565994
"Hsbp1",0.0178571428565994
"Impact",0.0178571428565994
"LOC102631912",0.0178571428565994
"Oaz1",0.0178571428565994
"Pebp1",0.0178571428565994
"Pkm",0.0178571428565994
"Psmb1",0.0178571428565994
"Rbm39",0.0178571428565994
"Rpl36",0.0178571428565994
"Rpl38",0.0178571428565994
"Rplp1",0.0178571428565994
"Rplp2",0.0178571428565994
"Sept7",0.0178571428565994
"Stmn3",0.0178571428565994
"Sub1",0.0178571428565994
"Tpt1",0.0178571428565994
"Ywhab",0.0178571428565994
"Ywhah",0.0178571428565994
"Zwint",0.0178571428565994
"Luc7l3",0.0177347041631577
"Clk1",0.0173872842986343
"Rpl13",0.01727633477606
"1700020D05Rik",0.0172701481155809
"Arf1",0.0170140308930013
"Srsf7",0.0168786542037204
"Basp1",0.0167012026083678
"Aes",0.0150144462276342
"Eef1a1",0.0150144462276342
"Grcc10",0.0150144462276342
"Matr3",0.0150144462276342
"Mrfap1",0.0150144462276342
"Rpl23",0.0150144462276342
"Ypel3",0.0150144462276342
"Ewsr1",0.0144474143480249
"Hnrnpu",0.0143980341692795
"LOC105245046",0.0140843268580245
"Ppp2r1a",0.0137960622124751
"Psip1",0.013679346529731
"LOC105246107",0.0133657785724121
"Meg3",0.0132805951870866
"Ahi1",0.0130760360944942
"Celf4",0.0129038406555246
"Shfm1",0.0129038406555246
"Rsrp1",0.0120398351647339
"Sumo2",0.0109470989759224
"H3f3a",0.00999999999981482
"BC002163",0.00999999999972528
"Caly",0.00999999999972528
"Ddx5",0.00999999999972528
"Psma3",0.00999999999972528
"Shank1",0.00999999999972528
"Snhg11",0.00999999999972528
"2010107E04Rik",0.00999999999945653
"Atp6v0c-ps2",0.00999999999945653
"Gria2",0.00999999999945653
"Ttc3",0.00999999999945653
"Tubb2a",0.00999999999945653
"Vamp2",0.00999999999945653
"Aldoa",0
"Atp1b1",0
"Atp5k",0
"Atp6v0b",0
"Atp6v0c",0
"Atp6v1e1",0
"Atp6v1g2",0
"Calm1",0
"Calm2",0
"Cdc42",0
"Cfl1",0
"Ckb",0
"Cnbp",0
"Cpe",0
"Dynlrb1",0
"Eif1",0
"Fkbp1a",0
"Gnas",0
"Gpm6a",0
"H3f3b",0
"Hmgb1",0
"Hnrnpa2b1",0
"Hnrnpk",0
"Hsp90aa1",0
"Hsp90ab1",0
"Hspa8",0
"Morf4l1",0
"Ndfip1",0
"Ndrg4",0
"Nedd8",0
"Nptn",0
"Ppia",0
"Prkar1a",0
"Ptprs",0
"Rab3a",0
"Rn18s-rs5",0
"Rps25",0
"Rtn1",0
"Sec62",0
"Sepw1",0
"Skp1a",0
"Snap25",0
"Srsf5",0
"Tceb2",0
"Tecr",0
"Uba52",0
"Ubb",0
"Ywhae",0
"Ywhaz",0
